# Blender 4.0.2
# www.blender.org
mtllib fighter_38.mtl
o Fighter3
v -0.608300 0.201184 0.554652
v -0.602763 0.569234 0.546473
v 2.305677 0.097055 0.637444
v 2.305677 0.642281 0.637444
v -0.608300 0.047246 0.000000
v -0.608300 0.677877 0.000000
v 2.305677 0.000000 0.000000
v 2.305677 0.739336 0.000000
v 1.322808 0.097055 0.637444
v 1.322808 0.642281 0.637444
v 1.322822 0.000000 0.000000
v 2.301942 0.505228 1.254641
v 2.301942 0.234108 1.254641
v 1.366314 0.234108 1.254641
v 1.366314 0.505228 1.254641
v -0.632967 0.094568 0.090661
v 2.305677 0.739336 0.120235
v -0.628951 0.668887 0.079273
v 2.305677 0.000000 0.120235
v 1.322807 0.000000 0.120235
v 1.322808 0.485897 0.586908
v 1.322808 0.264351 0.591401
v 2.301942 0.505228 1.525761
v 2.301942 0.234108 1.525761
v 1.366314 0.234108 1.525761
v 1.366314 0.505228 1.525761
v 1.366314 0.546785 1.316837
v 1.366314 0.546785 1.463565
v 2.301942 0.546785 1.463565
v 2.301942 0.546785 1.316837
v 2.301942 0.192551 1.463565
v 2.301942 0.192551 1.316837
v 1.366314 0.192551 1.316837
v 1.366314 0.192551 1.463565
v 2.301942 0.443032 1.213084
v 2.301942 0.369668 1.198491
v 2.301942 0.296304 1.213084
v 1.366314 0.443032 1.213084
v 1.366314 0.296304 1.213084
v 2.301942 0.443032 1.567318
v 2.301942 0.296304 1.567318
v 1.366314 0.443032 1.567318
v 1.366314 0.296304 1.567318
v 2.428675 0.469732 1.431649
v 2.428675 0.446254 1.466787
v 2.428675 0.269604 1.348753
v 2.428675 0.446254 1.313615
v 2.428675 0.469732 1.348753
v 2.428675 0.293082 1.466787
v 2.428675 0.328220 1.490265
v 2.428675 0.293082 1.313615
v 2.428675 0.328220 1.290137
v 0.943111 0.296304 1.213084
v 0.943111 0.234108 1.254641
v 0.943111 0.296304 1.567318
v 0.943111 0.234108 1.525761
v 0.943111 0.546785 1.463565
v 0.943111 0.505228 1.525761
v 0.943111 0.192551 1.463565
v 0.943111 0.505228 1.254641
v 0.943111 0.546785 1.316837
v 0.943111 0.192551 1.316837
v 1.192043 0.526428 1.325269
v 1.192043 0.489647 1.270222
v 1.192043 0.212908 1.455133
v 0.943111 0.443032 1.213084
v 0.943111 0.443032 1.567318
v 1.192043 0.489647 1.510180
v 1.192043 0.526428 1.455133
v 1.192043 0.249689 1.510180
v 1.192043 0.304736 1.546961
v 1.192043 0.249689 1.270222
v 1.192043 0.304736 1.233441
v 2.428675 0.269604 1.431649
v 2.428675 0.411116 1.290137
v 2.428675 0.369668 1.281892
v 2.428675 0.411116 1.490265
v -0.608300 0.093327 0.251283
v -0.608300 0.108579 0.352406
v -0.608300 0.149483 0.453529
v 1.322807 0.066967 0.249537
v 1.322808 0.133935 0.378840
v 1.322808 0.200902 0.508142
v 1.322807 0.717776 0.249537
v 1.322808 0.649407 0.378840
v 1.322808 0.567943 0.508142
v -0.602763 0.648131 0.445622
v -0.608300 0.674276 0.354687
v -0.608300 0.677540 0.253836
v -2.077507 0.241408 0.344005
v -2.074466 0.241408 0.442168
v -2.074466 0.478509 0.442168
v -2.077507 0.478509 0.344005
v -0.608300 0.285514 0.655983
v -0.602763 0.367753 0.669469
v -0.602763 0.450284 0.647116
v -0.608300 0.486451 0.037062
v -0.608300 0.371583 0.013452
v -0.608300 0.256423 0.035597
v -2.072315 0.310854 0.511580
v -2.072315 0.409064 0.511580
v -2.079657 0.409064 0.274593
v -2.079657 0.310854 0.274593
v 1.322808 0.420568 0.637444
v 1.322808 0.369668 0.658932
v 1.322808 0.318769 0.637444
v -1.944087 0.470051 0.389000
v -1.942782 0.461671 0.431111
v -1.942782 0.258247 0.431111
v -1.944087 0.249866 0.389000
v -1.945392 0.258247 0.346890
v -1.946498 0.437806 0.311190
v -1.941676 0.437806 0.466810
v -1.941676 0.282112 0.466810
v -1.946498 0.282112 0.311190
v -1.395730 0.578069 0.485494
v -1.395730 0.592621 0.307317
v -1.395730 0.162464 0.272185
v -1.395730 0.147912 0.450362
v -1.395730 0.263612 0.586642
v -1.395730 0.441789 0.601194
v -1.395730 0.476921 0.171037
v -1.395730 0.298744 0.156485
v -0.738277 0.585154 0.136314
v -0.713844 0.162217 0.151130
v -0.697721 0.670679 0.375131
v -0.719811 0.652707 0.263770
v -0.683650 0.101241 0.280050
v -0.648471 0.109199 0.382070
v -0.750307 0.486424 0.075667
v -0.754070 0.371550 0.056697
v -0.748993 0.258019 0.082291
v -0.516912 0.565290 0.557834
v -0.516912 0.204173 0.556392
v -0.516911 0.000000 0.000000
v -0.516911 0.739336 0.000000
v -0.516912 0.021950 0.125386
v -0.516912 0.738029 0.126602
v -0.516912 0.047069 0.251200
v -0.516912 0.099493 0.353657
v -0.516912 0.151916 0.456114
v -0.516912 0.737995 0.253633
v -0.516912 0.695011 0.355830
v -0.516912 0.644337 0.458028
v -0.516912 0.287088 0.655106
v -0.516912 0.367844 0.678418
v -0.516912 0.448877 0.656106
v -2.077291 0.258247 0.350976
v -2.074682 0.258247 0.435197
v -2.074682 0.461671 0.435197
v -2.077291 0.461671 0.350976
v -2.072837 0.317828 0.494750
v -2.072837 0.402089 0.494750
v -2.079136 0.402089 0.291423
v -2.079136 0.317828 0.291423
v -1.946283 0.289035 0.318110
v -1.941891 0.289035 0.459890
v -1.941891 0.430883 0.459890
v -1.946283 0.430883 0.318110
v -1.945275 0.267292 0.350635
v -1.944087 0.259657 0.389000
v -1.942898 0.267292 0.427366
v -1.942898 0.452626 0.427366
v -1.944087 0.460261 0.389000
v -1.945392 0.461671 0.346890
v -1.940937 0.317828 0.490663
v -1.940678 0.359959 0.499040
v -1.940937 0.402089 0.490663
v -1.947236 0.402089 0.287337
v -1.947496 0.359959 0.278960
v -1.947236 0.317828 0.287337
v -2.050558 0.460261 0.392299
v -2.049370 0.452626 0.430664
v -2.049370 0.267292 0.430664
v -2.050558 0.259657 0.392299
v -2.051747 0.267292 0.353933
v -2.052754 0.430883 0.321409
v -2.048362 0.430883 0.463189
v -2.048362 0.289035 0.463189
v -2.052754 0.289035 0.321409
v -1.945275 0.452626 0.350635
v -1.941218 0.321575 0.481622
v -1.940981 0.359959 0.489254
v -1.941218 0.398343 0.481622
v -1.946956 0.398343 0.296378
v -1.947193 0.359959 0.288746
v -1.946956 0.321575 0.296378
v -2.501051 0.353323 0.403505
v -2.500881 0.353323 0.409000
v -2.500881 0.366595 0.409000
v -2.051747 0.452626 0.353933
v -2.047689 0.321575 0.484921
v -2.047452 0.359959 0.492552
v -2.047689 0.398343 0.484921
v -2.053428 0.398343 0.299676
v -2.053664 0.359959 0.292045
v -2.053428 0.321575 0.299676
v -2.501051 0.366595 0.403505
v -2.500761 0.357210 0.412885
v -2.500761 0.362708 0.412885
v -2.501172 0.362708 0.399620
v -2.501172 0.357210 0.399620
v 0.943111 0.304736 1.233441
v 0.943111 0.249689 1.270222
v 0.943111 0.304736 1.546961
v 0.943111 0.249689 1.510180
v 0.943111 0.526428 1.455133
v 0.943111 0.489647 1.510180
v 0.943111 0.212908 1.455133
v 0.943111 0.489647 1.270222
v 0.943111 0.526428 1.325269
v 0.943111 0.212908 1.325269
v 1.192043 0.312147 1.251333
v 1.192043 0.263383 1.283916
v 1.192043 0.312147 1.529070
v 0.943111 0.434600 1.233441
v 0.943111 0.434600 1.546961
v 1.192043 0.263383 1.496487
v 1.192043 0.508537 1.447722
v 1.192043 0.475953 1.496487
v 1.192043 0.230799 1.447722
v 1.192043 0.475953 1.283916
v 1.192043 0.508537 1.332680
v 1.192043 0.212908 1.325269
v 1.021235 0.508537 1.332680
v 1.021235 0.475953 1.283916
v 1.021235 0.230799 1.447722
v 1.192043 0.434600 1.233441
v 1.192043 0.434600 1.546961
v 1.021235 0.475953 1.496487
v 1.021235 0.508537 1.447722
v 1.021235 0.263383 1.496487
v 1.021235 0.312147 1.529070
v 1.021235 0.263383 1.283916
v 1.021235 0.312147 1.251333
v 1.192043 0.230799 1.332680
v 0.295698 0.367778 1.385638
v 0.316390 0.336999 1.357532
v 0.295698 0.367778 1.394765
v 1.192043 0.427189 1.251333
v 1.192043 0.427189 1.529070
v 0.316390 0.336999 1.422870
v 0.295698 0.374231 1.392092
v 0.316390 0.402337 1.422870
v 0.295698 0.365104 1.392092
v 0.316390 0.402337 1.357532
v 0.295698 0.374231 1.388311
v 1.021235 0.230799 1.332680
v 1.021235 0.427189 1.251333
v 1.021235 0.427189 1.529070
v 0.295698 0.365104 1.388311
v 0.295698 0.371558 1.385638
v 0.295698 0.371558 1.394765
v 1.324413 0.178699 0.599566
v 1.324413 0.242148 0.682824
v -0.515307 0.181970 0.647815
v 1.324413 0.296566 0.728868
v 1.324413 0.463694 0.678332
v 1.324413 0.398364 0.728868
v 1.324413 0.347465 0.750356
v -0.515307 0.543087 0.649258
v -0.515307 0.129713 0.547538
v -0.515307 0.264885 0.746530
v -0.515307 0.345641 0.769842
v -0.515307 0.426674 0.747530
v -0.515374 0.524900 0.648400
v -0.515374 0.270051 0.737507
v -0.515374 0.194096 0.647079
v -0.515374 0.418260 0.738423
v -0.515374 0.344028 0.758862
v -0.515374 0.146226 0.555218
v -0.424596 0.545611 0.563121
v -0.423125 0.525271 0.646871
v -0.423126 0.270422 0.735978
v -0.424596 0.290761 0.652228
v -0.424596 0.214806 0.561800
v -0.423126 0.194467 0.645550
v -0.424596 0.438970 0.653144
v -0.424596 0.364739 0.673583
v -0.424596 0.166936 0.469940
v -0.423126 0.418631 0.736894
v -0.423125 0.344399 0.757333
v -0.423125 0.146597 0.553689
v 2.305677 0.681262 0.429713
v 1.322808 0.681262 0.429713
v 1.322808 0.058074 0.429713
v 2.305677 0.058074 0.429713
v 1.322808 0.727519 0.653439
v 1.322808 0.766500 0.445708
v 2.305677 0.727519 0.653439
v 2.305677 0.766500 0.445708
v 1.251635 0.681262 0.429713
v 1.251636 0.642281 0.637445
v 1.251635 0.766500 0.445708
v 1.251636 0.727519 0.653440
v 1.251635 0.685032 0.447947
v 1.251636 0.652406 0.621817
v 1.251635 0.756376 0.461335
v 1.251636 0.723749 0.635205
v 1.316050 0.685032 0.447947
v 1.316051 0.652406 0.621817
v 1.316050 0.756376 0.461335
v 1.316051 0.723749 0.635205
v 2.305677 0.686970 0.457321
v 2.305677 0.657610 0.613784
v 2.305677 0.751171 0.469368
v 2.305677 0.721811 0.625831
v 2.264420 0.686970 0.457321
v 2.264420 0.657610 0.613784
v 2.264420 0.751171 0.469368
v 2.264420 0.721811 0.625831
v 2.305677 0.754684 0.508676
v 1.469420 0.751339 0.526500
v 2.305677 0.741102 0.581058
v 1.469421 0.744446 0.563234
v 1.469420 0.814272 0.549821
v 2.305677 0.934756 0.542467
v 2.305677 0.921174 0.614849
v 1.469420 0.811672 0.563675
v 1.756975 0.855701 0.547292
v 1.755997 0.849197 0.581212
v 2.100629 0.906273 0.544206
v 2.101056 0.894380 0.602327
v 1.870674 0.903033 0.569561
v 1.869339 0.901962 0.581852
v 2.090451 0.969414 0.573238
v 2.090878 0.965840 0.594378
v 1.325362 0.373790 0.796867
v 1.355796 0.373789 0.887591
v 1.325362 0.328232 0.802865
v 1.355796 0.351713 0.890498
v 1.325362 0.285780 0.820450
v 1.355796 0.331141 0.899019
v 1.325362 0.249325 0.848422
v 1.355796 0.313476 0.912574
v 1.325362 0.221352 0.884877
v 1.355796 0.299921 0.930239
v 1.325362 0.203767 0.927330
v 1.355796 0.291400 0.950811
v 1.325362 0.197770 0.972887
v 1.355796 0.288493 0.972888
v 1.325362 0.203767 1.018445
v 1.355796 0.291400 0.994964
v 1.325362 0.221352 1.060898
v 1.355796 0.299921 1.015536
v 1.325362 0.249325 1.097353
v 1.355796 0.313476 1.033201
v 1.325362 0.285779 1.125325
v 1.355796 0.331141 1.046756
v 1.325362 0.328232 1.142910
v 1.355796 0.351713 1.055277
v 1.325362 0.373790 1.148908
v 1.355796 0.373789 1.058184
v 1.325362 0.419347 1.142910
v 1.355796 0.395866 1.055277
v 1.325362 0.461800 1.125325
v 1.355796 0.416438 1.046756
v 1.325363 0.498255 1.097353
v 1.355796 0.434103 1.033201
v 1.325363 0.526227 1.060898
v 1.355796 0.447658 1.015536
v 1.325363 0.543812 1.018445
v 1.355796 0.456179 0.994964
v 1.325363 0.549810 0.972887
v 1.355796 0.459086 0.972888
v 1.325363 0.543812 0.927330
v 1.355796 0.456179 0.950811
v 1.325363 0.526227 0.884878
v 1.355796 0.447658 0.930239
v 1.325363 0.498255 0.848422
v 1.355796 0.434103 0.912574
v 1.325362 0.461800 0.820450
v 1.355796 0.416438 0.899019
v 1.325362 0.419347 0.802865
v 1.355796 0.395866 0.890498
v 1.301916 0.373790 0.844004
v 1.301916 0.340432 0.848395
v 1.301916 0.309348 0.861271
v 1.301916 0.282655 0.881753
v 1.301916 0.262173 0.908446
v 1.301916 0.249297 0.939530
v 1.301916 0.244906 0.972887
v 1.301916 0.249297 1.006245
v 1.301916 0.262173 1.037329
v 1.301916 0.282655 1.064022
v 1.301916 0.309348 1.084504
v 1.301916 0.340432 1.097380
v 1.301916 0.373790 1.101771
v 1.301916 0.407147 1.097380
v 1.301916 0.438231 1.084504
v 1.301916 0.464924 1.064022
v 1.301916 0.485406 1.037329
v 1.301916 0.498282 1.006245
v 1.301916 0.502673 0.972888
v 1.301916 0.498282 0.939530
v 1.301916 0.485406 0.908446
v 1.301916 0.464924 0.881753
v 1.301916 0.438231 0.861271
v 1.301916 0.407147 0.848395
v 1.337811 0.373789 0.879508
v 1.337811 0.349621 0.882690
v 1.337811 0.327099 0.892018
v 1.337811 0.307760 0.906858
v 1.337811 0.292920 0.926198
v 1.337811 0.283591 0.948719
v 1.337811 0.280410 0.972887
v 1.337811 0.283591 0.997056
v 1.337811 0.292920 1.019577
v 1.337811 0.307760 1.038917
v 1.337811 0.327099 1.053757
v 1.337811 0.349621 1.063085
v 1.337811 0.373789 1.066267
v 1.337811 0.397958 1.063085
v 1.337811 0.420479 1.053757
v 1.337811 0.439819 1.038917
v 1.337811 0.454659 1.019577
v 1.337811 0.463987 0.997056
v 1.337811 0.467169 0.972887
v 1.337811 0.463987 0.948719
v 1.337811 0.454659 0.926198
v 1.337811 0.439819 0.906858
v 1.337811 0.420479 0.892018
v 1.337811 0.397958 0.882690
v 2.501172 0.356254 0.146090
v 2.294662 0.356254 0.323432
v 2.501172 0.432200 0.156088
v 2.294662 0.386301 0.327387
v 2.501172 0.502971 0.185403
v 2.294662 0.414300 0.338985
v 2.501172 0.563743 0.232035
v 2.294662 0.438343 0.357434
v 2.501172 0.610375 0.292807
v 2.294662 0.456793 0.381478
v 2.501172 0.639689 0.363578
v 2.294662 0.468390 0.409477
v 2.501172 0.649688 0.439524
v 2.294662 0.472346 0.439524
v 2.501172 0.639689 0.515470
v 2.294662 0.468390 0.469571
v 2.501172 0.610375 0.586241
v 2.294662 0.456793 0.497570
v 2.501172 0.563743 0.647013
v 2.294662 0.438343 0.521614
v 2.501172 0.502971 0.693645
v 2.294662 0.414300 0.540063
v 2.501172 0.432200 0.722960
v 2.294662 0.386301 0.551661
v 2.501172 0.356254 0.732958
v 2.294662 0.356254 0.555616
v 2.501172 0.280307 0.722960
v 2.294662 0.326207 0.551661
v 2.501172 0.209536 0.693645
v 2.294662 0.298207 0.540063
v 2.501172 0.148764 0.647013
v 2.294662 0.274164 0.521614
v 2.501172 0.102132 0.586241
v 2.294662 0.255715 0.497570
v 2.501172 0.072818 0.515470
v 2.294662 0.244117 0.469571
v 2.501172 0.062819 0.439524
v 2.294662 0.240161 0.439524
v 2.501172 0.072818 0.363578
v 2.294662 0.244117 0.409477
v 2.501172 0.102132 0.292807
v 2.294662 0.255715 0.381478
v 2.501172 0.148764 0.232035
v 2.294662 0.274164 0.357434
v 2.501172 0.209536 0.185403
v 2.294662 0.298207 0.338985
v 2.501172 0.280307 0.156088
v 2.294662 0.326207 0.327387
v 2.501172 0.356254 0.169934
v 2.501172 0.426029 0.179120
v 2.501172 0.491049 0.206052
v 2.501172 0.546882 0.248895
v 2.501172 0.589725 0.304729
v 2.501172 0.616658 0.369749
v 2.501172 0.625844 0.439524
v 2.501172 0.616658 0.509299
v 2.501172 0.589725 0.574319
v 2.501172 0.546882 0.630153
v 2.501172 0.491049 0.672996
v 2.501172 0.426029 0.699928
v 2.501172 0.356254 0.709114
v 2.501172 0.286478 0.699928
v 2.501172 0.221458 0.672996
v 2.501172 0.165625 0.630153
v 2.501172 0.122782 0.574319
v 2.501172 0.095850 0.509299
v 2.501172 0.086663 0.439524
v 2.501172 0.095850 0.369749
v 2.501172 0.122782 0.304729
v 2.501172 0.165625 0.248895
v 2.501172 0.221458 0.206052
v 2.501172 0.286478 0.179120
v 2.319141 0.356254 0.312429
v 2.319141 0.389148 0.316760
v 2.319141 0.419801 0.329457
v 2.319141 0.446123 0.349654
v 2.319141 0.466321 0.375977
v 2.319141 0.479017 0.406629
v 2.319141 0.483348 0.439524
v 2.319141 0.479017 0.472418
v 2.319141 0.466321 0.503071
v 2.319141 0.446123 0.529393
v 2.319141 0.419801 0.549591
v 2.319141 0.389148 0.562288
v 2.319141 0.356254 0.566618
v 2.319141 0.323359 0.562288
v 2.319141 0.292706 0.549591
v 2.319141 0.266384 0.529393
v 2.319141 0.246186 0.503071
v 2.319141 0.233490 0.472418
v 2.319141 0.229159 0.439524
v 2.319141 0.233490 0.406629
v 2.319141 0.246186 0.375977
v 2.319141 0.266384 0.349654
v 2.319141 0.292706 0.329457
v 2.319141 0.323359 0.316760
v 0.845767 0.886891 -0.171038
v 0.845767 0.967167 0.000000
v 0.845767 0.945398 -0.091077
v 1.768343 0.755391 -0.134504
v 0.845981 0.703649 -0.243405
v -0.499219 0.738015 -0.032002
v -0.499219 0.745341 -0.017320
v -0.499219 0.747913 0.000000
v -0.123476 0.776642 -0.040559
v -0.123638 0.782760 0.000000
v 0.209064 0.846110 -0.065651
v 0.209064 0.855538 0.000000
v 0.411383 0.909322 -0.074358
v 0.409379 0.816235 -0.197432
v 0.411905 0.923176 0.000000
v 0.660679 0.957123 -0.081842
v 0.661648 0.977270 0.000000
v 1.740794 0.811320 -0.090988
v 1.745137 0.706211 -0.173735
v 1.745362 0.757997 -0.157019
v 1.183321 0.881228 0.000000
v 1.070803 0.906461 0.000000
v 0.958285 0.937793 0.000000
v 1.183321 0.866842 -0.090988
v 1.070803 0.890015 -0.090988
v 0.958285 0.919344 -0.090988
v 1.070803 0.844192 -0.168124
v 1.183321 0.826576 -0.168124
v 0.958441 0.702323 -0.237445
v 0.762896 0.954139 -0.086050
v 0.762896 0.975360 0.000000
v 0.546221 0.959080 0.000000
v 0.545239 0.941916 -0.078561
v 0.845767 0.886891 0.171038
v 1.772945 0.793896 0.077942
v 0.845767 0.945398 0.091078
v 1.768396 0.710678 0.145586
v 1.768343 0.755391 0.134504
v 0.845767 0.807188 0.227594
v -0.499219 0.745341 0.017319
v -0.498903 0.725833 0.043981
v -0.123476 0.776642 0.040559
v 0.209064 0.846110 0.065650
v 0.208649 0.711164 0.171726
v 0.411383 0.909322 0.074357
v 0.409379 0.816235 0.197432
v 0.660678 0.957123 0.081842
v 0.658370 0.901853 0.162069
v 0.654537 0.705906 0.247611
v 1.740794 0.811320 0.090988
v 1.745137 0.706211 0.173736
v 1.745362 0.757997 0.157019
v 1.183321 0.866842 0.090988
v 1.070803 0.890015 0.090988
v 0.958285 0.919344 0.090988
v 0.958285 0.868539 0.168579
v 1.070803 0.844192 0.168124
v 1.183321 0.826576 0.168124
v 0.958441 0.702323 0.237445
v 1.071225 0.700993 0.233508
v 1.183677 0.699667 0.234734
v 1.183321 0.768142 0.219665
v 0.762896 0.954139 0.086050
v 0.762896 0.895773 0.164405
v 0.762922 0.704628 0.242024
v 0.762896 0.814508 0.223573
v 0.540905 0.825801 0.219550
v 0.545239 0.941916 0.078561
v 0.542993 0.894040 0.157563
v -0.608300 0.201184 -0.554652
v -0.602763 0.569234 -0.546473
v 2.305677 0.097055 -0.637444
v 2.305677 0.642281 -0.637444
v 1.322808 0.097055 -0.637444
v 1.322808 0.642281 -0.637444
v 2.301942 0.505228 -1.254641
v 2.301942 0.234108 -1.254641
v 1.366314 0.234108 -1.254641
v 1.366314 0.505228 -1.254641
v -0.632967 0.094568 -0.090661
v 2.305677 0.739336 -0.120235
v -0.628951 0.668887 -0.079273
v 2.305677 0.000000 -0.120235
v 1.322807 0.000000 -0.120235
v 1.322808 0.485897 -0.586908
v 1.322808 0.264351 -0.591401
v 2.301942 0.505228 -1.525761
v 2.301942 0.234108 -1.525761
v 1.366314 0.234108 -1.525761
v 1.366314 0.505228 -1.525761
v 1.366314 0.546785 -1.316837
v 1.366314 0.546785 -1.463565
v 2.301942 0.546785 -1.463565
v 2.301942 0.546785 -1.316837
v 2.301942 0.192551 -1.463565
v 2.301942 0.192551 -1.316837
v 1.366314 0.192551 -1.316837
v 1.366314 0.192551 -1.463565
v 2.301942 0.443032 -1.213084
v 2.301942 0.369668 -1.198491
v 2.301942 0.296304 -1.213084
v 1.366314 0.443032 -1.213084
v 1.366314 0.296304 -1.213084
v 2.301942 0.443032 -1.567318
v 2.301942 0.296304 -1.567318
v 1.366314 0.443032 -1.567318
v 1.366314 0.296304 -1.567318
v 2.428675 0.469732 -1.431649
v 2.428675 0.446254 -1.466787
v 2.428675 0.269604 -1.348753
v 2.428675 0.446254 -1.313615
v 2.428675 0.469732 -1.348753
v 2.428675 0.293082 -1.466787
v 2.428675 0.328220 -1.490265
v 2.428675 0.293082 -1.313615
v 2.428675 0.328220 -1.290137
v 0.943111 0.296304 -1.213084
v 0.943111 0.234108 -1.254641
v 0.943111 0.296304 -1.567318
v 0.943111 0.234108 -1.525761
v 0.943111 0.546785 -1.463565
v 0.943111 0.505228 -1.525761
v 0.943111 0.192551 -1.463565
v 0.943111 0.505228 -1.254641
v 0.943111 0.546785 -1.316837
v 0.943111 0.192551 -1.316837
v 1.192043 0.526428 -1.325269
v 1.192043 0.489647 -1.270222
v 1.192043 0.212908 -1.455133
v 0.943111 0.443032 -1.213084
v 0.943111 0.443032 -1.567318
v 1.192043 0.489647 -1.510180
v 1.192043 0.526428 -1.455133
v 1.192043 0.249689 -1.510180
v 1.192043 0.304736 -1.546961
v 1.192043 0.249689 -1.270222
v 1.192043 0.304736 -1.233441
v 2.428675 0.269604 -1.431649
v 2.428675 0.411116 -1.290137
v 2.428675 0.369668 -1.281892
v 2.428675 0.411116 -1.490265
v -0.608300 0.093327 -0.251283
v -0.608300 0.108579 -0.352406
v -0.608300 0.149483 -0.453529
v 1.322807 0.066967 -0.249537
v 1.322808 0.133935 -0.378840
v 1.322808 0.200902 -0.508142
v 1.322807 0.717776 -0.249537
v 1.322808 0.649407 -0.378840
v 1.322808 0.567943 -0.508142
v -0.602763 0.648131 -0.445622
v -0.608300 0.674276 -0.354687
v -0.608300 0.677540 -0.253836
v -2.077507 0.241408 -0.344005
v -2.074466 0.241408 -0.442168
v -2.074466 0.478509 -0.442168
v -2.077507 0.478509 -0.344005
v -0.608300 0.285514 -0.655983
v -0.602763 0.367753 -0.669469
v -0.602763 0.450284 -0.647116
v -0.608300 0.486451 -0.037062
v -0.608300 0.371583 -0.013452
v -0.608300 0.256423 -0.035597
v -2.072315 0.310854 -0.511580
v -2.072315 0.409064 -0.511580
v -2.079657 0.409064 -0.274593
v -2.079657 0.310854 -0.274593
v 1.322808 0.420568 -0.637444
v 1.322808 0.369668 -0.658932
v 1.322808 0.318769 -0.637444
v -1.944087 0.470051 -0.389000
v -1.942782 0.461671 -0.431111
v -1.942782 0.258247 -0.431111
v -1.944087 0.249866 -0.389000
v -1.945392 0.258247 -0.346890
v -1.946498 0.437806 -0.311190
v -1.941676 0.437806 -0.466810
v -1.941676 0.282112 -0.466810
v -1.946498 0.282112 -0.311190
v -1.395730 0.578069 -0.485494
v -1.395730 0.592621 -0.307317
v -1.395730 0.162464 -0.272185
v -1.395730 0.147912 -0.450362
v -1.395730 0.263612 -0.586642
v -1.395730 0.441789 -0.601194
v -1.395730 0.476921 -0.171037
v -1.395730 0.298744 -0.156485
v -0.738277 0.585154 -0.136314
v -0.713844 0.162217 -0.151130
v -0.697721 0.670679 -0.375131
v -0.719811 0.652707 -0.263770
v -0.683650 0.101241 -0.280050
v -0.648471 0.109199 -0.382070
v -0.750307 0.486424 -0.075667
v -0.754070 0.371550 -0.056697
v -0.748993 0.258019 -0.082291
v -0.516912 0.565290 -0.557834
v -0.516912 0.204173 -0.556392
v -0.516912 0.021950 -0.125386
v -0.516912 0.738029 -0.126602
v -0.516912 0.047069 -0.251200
v -0.516912 0.099493 -0.353657
v -0.516912 0.151916 -0.456114
v -0.516912 0.737995 -0.253633
v -0.516912 0.695011 -0.355830
v -0.516912 0.644337 -0.458028
v -0.516912 0.287088 -0.655106
v -0.516912 0.367844 -0.678418
v -0.516912 0.448877 -0.656106
v -2.077291 0.258247 -0.350976
v -2.074682 0.258247 -0.435197
v -2.074682 0.461671 -0.435197
v -2.077291 0.461671 -0.350976
v -2.072837 0.317828 -0.494750
v -2.072837 0.402089 -0.494750
v -2.079136 0.402089 -0.291423
v -2.079136 0.317828 -0.291423
v -1.946283 0.289035 -0.318110
v -1.941891 0.289035 -0.459890
v -1.941891 0.430883 -0.459890
v -1.946283 0.430883 -0.318110
v -1.945275 0.267292 -0.350635
v -1.944087 0.259657 -0.389000
v -1.942898 0.267292 -0.427366
v -1.942898 0.452626 -0.427366
v -1.944087 0.460261 -0.389000
v -1.945392 0.461671 -0.346890
v -1.940937 0.317828 -0.490663
v -1.940678 0.359959 -0.499040
v -1.940937 0.402089 -0.490663
v -1.947236 0.402089 -0.287337
v -1.947496 0.359959 -0.278960
v -1.947236 0.317828 -0.287337
v -2.050558 0.460261 -0.392299
v -2.049370 0.452626 -0.430664
v -2.049370 0.267292 -0.430664
v -2.050558 0.259657 -0.392299
v -2.051747 0.267292 -0.353933
v -2.052754 0.430883 -0.321409
v -2.048362 0.430883 -0.463189
v -2.048362 0.289035 -0.463189
v -2.052754 0.289035 -0.321409
v -1.945275 0.452626 -0.350635
v -1.941218 0.321575 -0.481622
v -1.940981 0.359959 -0.489254
v -1.941218 0.398343 -0.481622
v -1.946956 0.398343 -0.296378
v -1.947193 0.359959 -0.288746
v -1.946956 0.321575 -0.296378
v -2.501051 0.353323 -0.403505
v -2.500881 0.353323 -0.409000
v -2.500881 0.366595 -0.409000
v -2.051747 0.452626 -0.353933
v -2.047689 0.321575 -0.484921
v -2.047452 0.359959 -0.492552
v -2.047689 0.398343 -0.484921
v -2.053428 0.398343 -0.299676
v -2.053664 0.359959 -0.292045
v -2.053428 0.321575 -0.299676
v -2.501051 0.366595 -0.403505
v -2.500761 0.357210 -0.412885
v -2.500761 0.362708 -0.412885
v -2.501172 0.362708 -0.399620
v -2.501172 0.357210 -0.399620
v 0.943111 0.304736 -1.233441
v 0.943111 0.249689 -1.270222
v 0.943111 0.304736 -1.546961
v 0.943111 0.249689 -1.510180
v 0.943111 0.526428 -1.455133
v 0.943111 0.489647 -1.510180
v 0.943111 0.212908 -1.455133
v 0.943111 0.489647 -1.270222
v 0.943111 0.526428 -1.325269
v 0.943111 0.212908 -1.325269
v 1.192043 0.312147 -1.251333
v 1.192043 0.263383 -1.283916
v 1.192043 0.312147 -1.529070
v 0.943111 0.434600 -1.233441
v 0.943111 0.434600 -1.546961
v 1.192043 0.263383 -1.496487
v 1.192043 0.508537 -1.447722
v 1.192043 0.475953 -1.496487
v 1.192043 0.230799 -1.447722
v 1.192043 0.475953 -1.283916
v 1.192043 0.508537 -1.332680
v 1.192043 0.212908 -1.325269
v 1.021235 0.508537 -1.332680
v 1.021235 0.475953 -1.283916
v 1.021235 0.230799 -1.447722
v 1.192043 0.434600 -1.233441
v 1.192043 0.434600 -1.546961
v 1.021235 0.475953 -1.496487
v 1.021235 0.508537 -1.447722
v 1.021235 0.263383 -1.496487
v 1.021235 0.312147 -1.529070
v 1.021235 0.263383 -1.283916
v 1.021235 0.312147 -1.251333
v 1.192043 0.230799 -1.332680
v 0.295698 0.367778 -1.385638
v 0.316390 0.336999 -1.357532
v 0.295698 0.367778 -1.394765
v 1.192043 0.427189 -1.251333
v 1.192043 0.427189 -1.529070
v 0.316390 0.336999 -1.422870
v 0.295698 0.374231 -1.392092
v 0.316390 0.402337 -1.422870
v 0.295698 0.365104 -1.392092
v 0.316390 0.402337 -1.357532
v 0.295698 0.374231 -1.388311
v 1.021235 0.230799 -1.332680
v 1.021235 0.427189 -1.251333
v 1.021235 0.427189 -1.529070
v 0.295698 0.365104 -1.388311
v 0.295698 0.371558 -1.385638
v 0.295698 0.371558 -1.394765
v 1.324413 0.178699 -0.599566
v 1.324413 0.242148 -0.682824
v -0.515307 0.181970 -0.647815
v 1.324413 0.296566 -0.728868
v 1.324413 0.463694 -0.678332
v 1.324413 0.398364 -0.728868
v 1.324413 0.347465 -0.750356
v -0.515307 0.543087 -0.649258
v -0.515307 0.129713 -0.547538
v -0.515307 0.264885 -0.746530
v -0.515307 0.345641 -0.769842
v -0.515307 0.426674 -0.747530
v -0.515374 0.524900 -0.648400
v -0.515374 0.270051 -0.737507
v -0.515374 0.194096 -0.647079
v -0.515374 0.418260 -0.738423
v -0.515374 0.344028 -0.758862
v -0.515374 0.146226 -0.555218
v -0.424596 0.545611 -0.563121
v -0.423125 0.525271 -0.646871
v -0.423126 0.270422 -0.735978
v -0.424596 0.290761 -0.652228
v -0.424596 0.214806 -0.561800
v -0.423126 0.194467 -0.645550
v -0.424596 0.438970 -0.653144
v -0.424596 0.364739 -0.673583
v -0.424596 0.166936 -0.469940
v -0.423126 0.418631 -0.736894
v -0.423125 0.344399 -0.757333
v -0.423125 0.146597 -0.553689
v 2.305677 0.681262 -0.429713
v 1.322808 0.681262 -0.429713
v 1.322808 0.058074 -0.429713
v 2.305677 0.058074 -0.429713
v 1.322808 0.727519 -0.653439
v 1.322808 0.766500 -0.445708
v 2.305677 0.727519 -0.653439
v 2.305677 0.766500 -0.445708
v 1.251635 0.681262 -0.429713
v 1.251636 0.642281 -0.637445
v 1.251635 0.766500 -0.445708
v 1.251636 0.727519 -0.653440
v 1.251635 0.685032 -0.447947
v 1.251636 0.652406 -0.621817
v 1.251635 0.756376 -0.461335
v 1.251636 0.723749 -0.635205
v 1.316050 0.685032 -0.447947
v 1.316051 0.652406 -0.621817
v 1.316050 0.756376 -0.461335
v 1.316051 0.723749 -0.635205
v 2.305677 0.686970 -0.457321
v 2.305677 0.657610 -0.613784
v 2.305677 0.751171 -0.469368
v 2.305677 0.721811 -0.625831
v 2.264420 0.686970 -0.457321
v 2.264420 0.657610 -0.613784
v 2.264420 0.751171 -0.469368
v 2.264420 0.721811 -0.625831
v 2.305677 0.754684 -0.508676
v 1.469420 0.751339 -0.526500
v 2.305677 0.741102 -0.581058
v 1.469421 0.744446 -0.563234
v 1.469420 0.814272 -0.549821
v 2.305677 0.934756 -0.542467
v 2.305677 0.921174 -0.614849
v 1.469420 0.811672 -0.563675
v 1.756975 0.855701 -0.547292
v 1.755997 0.849197 -0.581212
v 2.100629 0.906273 -0.544206
v 2.101056 0.894380 -0.602327
v 1.870674 0.903033 -0.569561
v 1.869339 0.901962 -0.581852
v 2.090451 0.969414 -0.573238
v 2.090878 0.965840 -0.594378
v 1.325362 0.373790 -0.796867
v 1.355796 0.373789 -0.887591
v 1.325362 0.328232 -0.802865
v 1.355796 0.351713 -0.890498
v 1.325362 0.285780 -0.820450
v 1.355796 0.331141 -0.899019
v 1.325362 0.249325 -0.848422
v 1.355796 0.313476 -0.912574
v 1.325362 0.221352 -0.884877
v 1.355796 0.299921 -0.930239
v 1.325362 0.203767 -0.927330
v 1.355796 0.291400 -0.950811
v 1.325362 0.197770 -0.972887
v 1.355796 0.288493 -0.972888
v 1.325362 0.203767 -1.018445
v 1.355796 0.291400 -0.994964
v 1.325362 0.221352 -1.060898
v 1.355796 0.299921 -1.015536
v 1.325362 0.249325 -1.097353
v 1.355796 0.313476 -1.033201
v 1.325362 0.285779 -1.125325
v 1.355796 0.331141 -1.046756
v 1.325362 0.328232 -1.142910
v 1.355796 0.351713 -1.055277
v 1.325362 0.373790 -1.148908
v 1.355796 0.373789 -1.058184
v 1.325362 0.419347 -1.142910
v 1.355796 0.395866 -1.055277
v 1.325362 0.461800 -1.125325
v 1.355796 0.416438 -1.046756
v 1.325363 0.498255 -1.097353
v 1.355796 0.434103 -1.033201
v 1.325363 0.526227 -1.060898
v 1.355796 0.447658 -1.015536
v 1.325363 0.543812 -1.018445
v 1.355796 0.456179 -0.994964
v 1.325363 0.549810 -0.972887
v 1.355796 0.459086 -0.972888
v 1.325363 0.543812 -0.927330
v 1.355796 0.456179 -0.950811
v 1.325363 0.526227 -0.884878
v 1.355796 0.447658 -0.930239
v 1.325363 0.498255 -0.848422
v 1.355796 0.434103 -0.912574
v 1.325362 0.461800 -0.820450
v 1.355796 0.416438 -0.899019
v 1.325362 0.419347 -0.802865
v 1.355796 0.395866 -0.890498
v 1.301916 0.373790 -0.844004
v 1.301916 0.340432 -0.848395
v 1.301916 0.309348 -0.861271
v 1.301916 0.282655 -0.881753
v 1.301916 0.262173 -0.908446
v 1.301916 0.249297 -0.939530
v 1.301916 0.244906 -0.972887
v 1.301916 0.249297 -1.006245
v 1.301916 0.262173 -1.037329
v 1.301916 0.282655 -1.064022
v 1.301916 0.309348 -1.084504
v 1.301916 0.340432 -1.097380
v 1.301916 0.373790 -1.101771
v 1.301916 0.407147 -1.097380
v 1.301916 0.438231 -1.084504
v 1.301916 0.464924 -1.064022
v 1.301916 0.485406 -1.037329
v 1.301916 0.498282 -1.006245
v 1.301916 0.502673 -0.972888
v 1.301916 0.498282 -0.939530
v 1.301916 0.485406 -0.908446
v 1.301916 0.464924 -0.881753
v 1.301916 0.438231 -0.861271
v 1.301916 0.407147 -0.848395
v 1.337811 0.373789 -0.879508
v 1.337811 0.349621 -0.882690
v 1.337811 0.327099 -0.892018
v 1.337811 0.307760 -0.906858
v 1.337811 0.292920 -0.926198
v 1.337811 0.283591 -0.948719
v 1.337811 0.280410 -0.972887
v 1.337811 0.283591 -0.997056
v 1.337811 0.292920 -1.019577
v 1.337811 0.307760 -1.038917
v 1.337811 0.327099 -1.053757
v 1.337811 0.349621 -1.063085
v 1.337811 0.373789 -1.066267
v 1.337811 0.397958 -1.063085
v 1.337811 0.420479 -1.053757
v 1.337811 0.439819 -1.038917
v 1.337811 0.454659 -1.019577
v 1.337811 0.463987 -0.997056
v 1.337811 0.467169 -0.972887
v 1.337811 0.463987 -0.948719
v 1.337811 0.454659 -0.926198
v 1.337811 0.439819 -0.906858
v 1.337811 0.420479 -0.892018
v 1.337811 0.397958 -0.882690
v 2.501172 0.356254 -0.146090
v 2.294662 0.356254 -0.323432
v 2.501172 0.432200 -0.156088
v 2.294662 0.386301 -0.327387
v 2.501172 0.502971 -0.185403
v 2.294662 0.414300 -0.338985
v 2.501172 0.563743 -0.232035
v 2.294662 0.438343 -0.357434
v 2.501172 0.610375 -0.292807
v 2.294662 0.456793 -0.381478
v 2.501172 0.639689 -0.363578
v 2.294662 0.468390 -0.409477
v 2.501172 0.649688 -0.439524
v 2.294662 0.472346 -0.439524
v 2.501172 0.639689 -0.515470
v 2.294662 0.468390 -0.469571
v 2.501172 0.610375 -0.586241
v 2.294662 0.456793 -0.497570
v 2.501172 0.563743 -0.647013
v 2.294662 0.438343 -0.521614
v 2.501172 0.502971 -0.693645
v 2.294662 0.414300 -0.540063
v 2.501172 0.432200 -0.722960
v 2.294662 0.386301 -0.551661
v 2.501172 0.356254 -0.732958
v 2.294662 0.356254 -0.555616
v 2.501172 0.280307 -0.722960
v 2.294662 0.326207 -0.551661
v 2.501172 0.209536 -0.693645
v 2.294662 0.298207 -0.540063
v 2.501172 0.148764 -0.647013
v 2.294662 0.274164 -0.521614
v 2.501172 0.102132 -0.586241
v 2.294662 0.255715 -0.497570
v 2.501172 0.072818 -0.515470
v 2.294662 0.244117 -0.469571
v 2.501172 0.062819 -0.439524
v 2.294662 0.240161 -0.439524
v 2.501172 0.072818 -0.363578
v 2.294662 0.244117 -0.409477
v 2.501172 0.102132 -0.292807
v 2.294662 0.255715 -0.381478
v 2.501172 0.148764 -0.232035
v 2.294662 0.274164 -0.357434
v 2.501172 0.209536 -0.185403
v 2.294662 0.298207 -0.338985
v 2.501172 0.280307 -0.156088
v 2.294662 0.326207 -0.327387
v 2.501172 0.356254 -0.169934
v 2.501172 0.426029 -0.179120
v 2.501172 0.491049 -0.206052
v 2.501172 0.546882 -0.248895
v 2.501172 0.589725 -0.304729
v 2.501172 0.616658 -0.369749
v 2.501172 0.625844 -0.439524
v 2.501172 0.616658 -0.509299
v 2.501172 0.589725 -0.574319
v 2.501172 0.546882 -0.630153
v 2.501172 0.491049 -0.672996
v 2.501172 0.426029 -0.699928
v 2.501172 0.356254 -0.709114
v 2.501172 0.286478 -0.699928
v 2.501172 0.221458 -0.672996
v 2.501172 0.165625 -0.630153
v 2.501172 0.122782 -0.574319
v 2.501172 0.095850 -0.509299
v 2.501172 0.086663 -0.439524
v 2.501172 0.095850 -0.369749
v 2.501172 0.122782 -0.304729
v 2.501172 0.165625 -0.248895
v 2.501172 0.221458 -0.206052
v 2.501172 0.286478 -0.179120
v 2.319141 0.356254 -0.312429
v 2.319141 0.389148 -0.316760
v 2.319141 0.419801 -0.329457
v 2.319141 0.446123 -0.349654
v 2.319141 0.466321 -0.375977
v 2.319141 0.479017 -0.406629
v 2.319141 0.483348 -0.439524
v 2.319141 0.479017 -0.472418
v 2.319141 0.466321 -0.503071
v 2.319141 0.446123 -0.529393
v 2.319141 0.419801 -0.549591
v 2.319141 0.389148 -0.562288
v 2.319141 0.356254 -0.566618
v 2.319141 0.323359 -0.562288
v 2.319141 0.292706 -0.549591
v 2.319141 0.266384 -0.529393
v 2.319141 0.246186 -0.503071
v 2.319141 0.233490 -0.472418
v 2.319141 0.229159 -0.439524
v 2.319141 0.233490 -0.406629
v 2.319141 0.246186 -0.375977
v 2.319141 0.266384 -0.349654
v 2.319141 0.292706 -0.329457
v 2.319141 0.323359 -0.316760
v 0.845981 0.703649 0.243405
v -0.499219 0.738015 0.032002
v -0.499219 0.727050 0.041812
v -0.122493 0.715068 0.105780
v -0.123097 0.759234 0.074947
v -0.122769 0.733192 0.097872
v 0.209064 0.819229 0.118328
v 0.209064 0.778796 0.154593
v 0.410263 0.871200 0.145109
v 0.408304 0.708810 0.223081
v 0.656049 0.823903 0.225596
v 0.958285 0.796267 0.221299
v 1.070803 0.778154 0.219664
v 0.539314 0.707265 0.245372
v 1.772945 0.793896 -0.077942
v 1.768396 0.710678 -0.145586
v 0.845767 0.807188 -0.227594
v -0.498903 0.725833 -0.043981
v -0.499219 0.727050 -0.041812
v -0.122493 0.715068 -0.105780
v -0.123097 0.759234 -0.074947
v -0.122769 0.733192 -0.097871
v 0.209064 0.819229 -0.118328
v 0.208649 0.711164 -0.171726
v 0.209064 0.778796 -0.154593
v 0.410263 0.871200 -0.145109
v 0.408304 0.708810 -0.223081
v 0.658370 0.901853 -0.162069
v 0.654537 0.705906 -0.247611
v 0.656049 0.823903 -0.225596
v 0.958285 0.868539 -0.168579
v 1.071225 0.700993 -0.233508
v 1.183677 0.699667 -0.234734
v 0.958285 0.796267 -0.221299
v 1.070803 0.778154 -0.219665
v 1.183321 0.768142 -0.219665
v 0.762896 0.895773 -0.164405
v 0.762922 0.704628 -0.242024
v 0.762896 0.814508 -0.223573
v 0.539314 0.707265 -0.245372
v 0.540905 0.825801 -0.219550
v 0.542993 0.894040 -0.157563
vn -0.0039 0.4668 0.8844
vn -0.0471 0.7260 0.6861
vn -0.0551 0.7377 0.6729
vn -0.0712 0.4670 0.8814
vn -0.7071 -0.6950 0.1304
vn 0.7071 -0.6950 0.1304
vn 0.7039 -0.6954 0.1444
vn -0.7101 -0.6850 0.1629
vn -0.0314 0.8356 0.5484
vn -0.0588 0.8786 0.4740
vn -0.0000 0.8254 -0.5646
vn -0.2739 0.9538 -0.1232
vn 0.9007 0.3614 -0.2410
vn 0.5774 0.6739 -0.4610
vn 0.4821 -0.7867 -0.3856
vn -0.2055 -0.8702 -0.4477
vn 0.2725 0.9197 0.2827
vn -0.0000 0.9569 0.2903
vn -0.0000 0.7071 0.7071
vn 0.2776 0.6793 0.6793
vn 0.9004 0.2381 0.3640
vn -0.6864 -0.1483 0.7119
vn -0.2055 0.8702 -0.4477
vn 0.4822 0.7865 -0.3858
vn -0.0967 -0.4567 0.8844
vn -0.6679 -0.3118 0.6758
vn -0.6755 -0.6882 0.2649
vn -0.0907 -0.9384 0.3335
vn -0.2745 0.9616 0.0007
vn -0.8502 0.5265 -0.0000
vn -0.7062 0.6599 -0.2567
vn -0.2764 0.9610 0.0044
vn -0.0029 -1.0000 -0.0000
vn 0.7071 -0.7071 -0.0000
vn 0.6868 -0.7237 0.0673
vn -0.0483 -0.9869 0.1541
vn -0.6714 0.2438 0.6998
vn -0.6840 0.6531 0.3251
vn -0.7988 -0.5721 -0.1860
vn -0.8155 -0.2303 -0.5309
vn -0.1499 0.9399 -0.3067
vn -0.6981 0.6786 -0.2286
vn -0.1204 0.8927 0.4343
vn -0.1066 0.3190 0.9417
vn -0.2672 -0.9636 -0.0000
vn -0.2673 -0.9439 0.1937
vn -0.0295 -0.9062 0.4217
vn -0.6271 -0.7689 0.1242
vn -0.7916 0.6028 -0.0999
vn 0.2725 0.2827 0.9197
vn -0.0000 0.2903 0.9569
vn 0.2725 -0.9197 0.2827
vn 0.2725 -0.9197 -0.2827
vn 0.8424 -0.5174 -0.1504
vn 0.8424 -0.5174 0.1504
vn -0.0000 0.9569 -0.2903
vn -0.6472 0.7295 -0.2213
vn -0.6472 0.7295 0.2213
vn -0.0000 -0.9569 0.2903
vn 0.2776 -0.6793 0.6793
vn -0.0000 -0.7071 0.7071
vn -0.0000 -0.9569 -0.2903
vn 0.2725 0.9197 -0.2827
vn -0.6657 0.5276 0.5276
vn -0.0000 -0.2903 0.9569
vn -0.6472 -0.2213 0.7295
vn -0.6657 -0.5276 0.5276
vn 0.9062 0.0005 -0.4228
vn 0.9062 0.1621 -0.3906
vn 0.8555 0.1982 -0.4784
vn 0.8555 -0.0000 -0.5179
vn 0.8424 0.5174 -0.1504
vn 0.8555 0.3662 -0.3662
vn 0.8754 -0.1850 -0.4467
vn 0.8555 -0.1982 -0.4784
vn 0.8555 -0.3662 -0.3662
vn -0.6472 -0.7295 0.2213
vn -0.6472 -0.7295 -0.2213
vn 0.2725 -0.2827 0.9197
vn 0.8424 0.1504 0.5174
vn 0.8555 0.3662 0.3662
vn 0.8424 0.5174 0.1504
vn -0.8050 0.1867 -0.5631
vn -0.8057 -0.1821 -0.5637
vn -0.6472 -0.2213 -0.7295
vn -0.6472 0.2213 -0.7295
vn 0.8555 -0.3662 0.3662
vn 0.8424 -0.1504 0.5174
vn -0.6657 -0.5276 -0.5276
vn -0.6472 0.2213 0.7295
vn -0.6657 0.5276 -0.5276
vn -0.7786 -0.1821 -0.6004
vn -0.7786 0.1821 -0.6004
vn -0.7786 0.6004 0.1821
vn -0.7786 0.6004 -0.1821
vn -0.7538 -0.4647 0.4647
vn -0.7786 -0.6004 0.1821
vn -0.7538 0.4647 -0.4647
vn -0.7786 -0.6004 -0.1821
vn -0.7538 -0.4647 -0.4647
vn -0.7786 0.1821 0.6004
vn -0.7786 -0.1821 0.6004
vn -0.7538 0.4647 0.4647
vn -0.7060 -0.6491 0.2831
vn -0.2025 -0.9284 0.3114
vn -0.7034 -0.6319 0.3255
vn -0.0767 -0.9079 0.4121
vn -0.6272 -0.7744 0.0825
vn -0.6898 -0.6625 -0.2922
vn -0.1273 -0.8962 -0.4250
vn -0.7056 0.3055 -0.6393
vn -0.7023 -0.2498 -0.6666
vn -0.7752 0.2556 0.5778
vn -0.7811 -0.2303 0.5804
vn -0.7795 -0.5698 0.2603
vn -0.4043 0.9146 0.0043
vn -0.2340 0.9571 0.1707
vn -0.1685 0.9667 0.1925
vn -0.1266 0.9156 0.3816
vn -0.8044 0.2360 -0.5452
vn -0.8054 0.5559 -0.2054
vn -0.7795 0.5698 0.2603
vn -0.1600 -0.3059 -0.9385
vn -0.1676 0.4682 -0.8676
vn -0.6865 -0.2706 -0.6749
vn -0.6369 -0.0885 -0.7658
vn -0.7811 -0.2303 -0.5804
vn -0.6418 -0.4648 -0.6100
vn -0.7734 0.1185 0.6227
vn -0.8307 -0.0064 0.5566
vn -0.7062 0.6599 0.2567
vn 0.0399 -0.8329 0.5520
vn 0.0169 -0.5334 0.8457
vn -0.0411 -0.4882 0.8718
vn -0.0016 -0.8286 0.5599
vn -0.0101 0.0112 0.9999
vn -0.0740 0.0443 0.9963
vn -0.2720 0.8450 -0.4604
vn -0.6389 0.4444 -0.6280
vn -0.1971 0.5389 -0.8190
vn 0.9005 0.2500 -0.3557
vn -0.7817 -0.1467 -0.6062
vn -0.7415 -0.6455 -0.1833
vn -0.3398 -0.7540 -0.5622
vn -0.2626 -0.3869 -0.8839
vn -0.3269 0.6732 -0.6632
vn -0.2325 0.9535 -0.1919
vn -0.0809 0.9704 0.2276
vn -0.3572 -0.9278 0.1073
vn -0.1581 -0.9836 -0.0867
vn -0.0461 -0.9582 0.2822
vn 0.0527 -0.9608 0.2723
vn 0.0121 -0.8944 0.4471
vn -0.7734 0.1185 -0.6227
vn -0.2514 0.2896 -0.9235
vn -0.8307 -0.0064 -0.5566
vn -0.2161 -0.0276 -0.9760
vn 0.0371 -0.3840 0.9226
vn -0.6004 0.7106 0.3668
vn 0.6586 0.6365 0.4015
vn 0.6949 0.3466 0.6300
vn -0.6281 0.6590 0.4138
vn -0.7099 0.6234 0.3277
vn -0.7289 0.5534 0.4031
vn -0.0445 0.9858 0.1620
vn -0.7926 -0.6097 -0.0000
vn -0.6343 -0.4180 0.6504
vn -0.6496 -0.0029 0.7602
vn -0.7810 0.0041 -0.6245
vn -0.7862 0.3363 -0.5185
vn -0.6724 -0.6720 -0.3103
vn -0.6545 -0.7560 -0.0096
vn -0.7534 0.6571 0.0233
vn -0.7456 0.6071 0.2747
vn -0.6783 -0.4648 -0.5691
vn -0.7390 0.4647 0.4878
vn -0.6831 -0.0885 -0.7249
vn -0.7270 -0.2706 -0.6311
vn -0.7346 0.2515 0.6302
vn -0.7331 -0.0000 0.6802
vn -0.6818 0.2873 -0.6728
vn -0.7346 -0.2515 0.6302
vn -0.7151 0.6533 -0.2486
vn -0.6744 0.5899 -0.4441
vn -0.7390 -0.4647 0.4878
vn -0.7456 -0.6071 0.2747
vn -0.6514 -0.6936 0.3076
vn -0.6418 -0.4648 0.6100
vn -0.7678 0.4647 -0.4411
vn -0.7612 0.6071 -0.2280
vn -0.6370 -0.0885 0.7658
vn -0.6402 0.2411 0.7294
vn -0.7722 -0.2515 -0.5835
vn -0.7738 -0.0000 -0.6335
vn -0.6364 0.5134 0.5757
vn -0.7678 -0.4647 -0.4411
vn -0.6514 0.6936 0.3076
vn -0.6628 0.7457 -0.0680
vn -0.7534 -0.6571 0.0233
vn -0.7612 -0.6071 -0.2280
vn -0.6865 -0.2706 0.6749
vn -0.7722 0.2515 -0.5835
vn -0.0727 -0.3807 0.9218
vn -0.0822 -0.7394 0.6682
vn -0.0841 -0.9196 0.3837
vn -0.0888 0.9169 0.3891
vn -0.0799 0.6653 0.7422
vn -0.1296 -0.3807 -0.9156
vn -0.1314 0.0055 -0.9913
vn -0.1012 -0.9933 0.0555
vn -0.1292 0.3861 -0.9134
vn -0.1124 0.9214 -0.3720
vn -0.1004 0.9949 0.0086
vn -0.1124 -0.9214 -0.3720
vn -0.1222 0.7074 -0.6962
vn -0.1222 -0.7074 -0.6962
vn -0.0674 0.3809 0.9221
vn -0.0720 0.0524 0.9960
vn -0.0846 0.1707 0.9817
vn -0.0846 -0.1707 0.9817
vn -0.0846 -0.9817 -0.1707
vn -0.0857 -0.7045 -0.7045
vn -0.0846 0.9817 -0.1707
vn -0.0846 0.9817 0.1707
vn -0.0846 -0.9817 0.1707
vn -0.0846 -0.1707 -0.9817
vn -0.0846 0.1707 -0.9817
vn -0.0857 0.7045 0.7045
vn -0.0857 0.7045 -0.7045
vn -0.8050 -0.5830 0.1101
vn -0.7920 -0.5975 -0.1255
vn -0.0857 -0.7045 0.7045
vn -0.8050 -0.1101 0.5830
vn -0.2132 -0.6908 0.6908
vn -0.6051 -0.1861 -0.7741
vn -0.7805 0.1023 -0.6167
vn -0.7935 0.6023 0.0869
vn -0.2132 0.6908 0.6908
vn -0.8050 0.1101 0.5830
vn -0.6051 0.7741 -0.1861
vn -0.2136 0.6908 -0.6908
vn -0.2136 -0.6908 -0.6908
vn 0.6317 -0.7648 0.1268
vn 0.6948 -0.5679 0.4413
vn -0.6759 -0.5831 0.4507
vn 0.6288 -0.0023 0.7776
vn -0.6522 0.3664 0.6637
vn 0.6922 -0.3889 0.6080
vn 0.9872 0.1205 -0.1048
vn 0.0415 0.0858 0.9955
vn 0.0602 -0.1998 0.9780
vn -0.7803 -0.5172 -0.3517
vn -0.7649 -0.2995 -0.5702
vn -0.5693 0.0627 0.8198
vn -0.7017 -0.5898 0.3998
vn -0.6625 0.0037 -0.7490
vn -0.6587 0.4114 -0.6300
vn -0.6721 -0.6134 -0.4147
vn -0.6735 -0.3466 -0.6529
vn -0.7568 -0.3558 0.5484
vn -0.7391 0.5597 -0.3748
vn -0.6636 0.7383 -0.1203
vn -0.7503 -0.0072 0.6611
vn -0.7232 0.3175 0.6134
vn -0.6954 0.5980 -0.3984
vn -0.5594 -0.3999 0.7260
vn 0.6829 0.7278 0.0638
vn -0.7094 0.1300 -0.6927
vn 0.9051 0.3517 -0.2392
vn 0.9045 0.2407 0.3520
vn 0.9045 0.3519 -0.2407
vn 0.5774 0.4610 0.6739
vn -0.0000 0.5646 0.8254
vn -0.5774 0.6739 -0.4610
vn -0.5774 -0.4610 -0.6739
vn -0.9045 0.2407 0.3519
vn -0.9045 -0.3519 0.2407
vn -0.5773 -0.6739 0.4610
vn -0.5773 0.4610 0.6739
vn -0.9045 0.3519 -0.2407
vn -0.9045 -0.2407 -0.3519
vn 0.9045 -0.3519 0.2407
vn 0.5774 -0.6739 0.4610
vn 0.9045 -0.2407 -0.3519
vn 0.5774 -0.4610 -0.6739
vn 0.5326 0.7139 -0.4546
vn 0.1624 0.5956 -0.7867
vn 0.1511 0.2637 0.9527
vn 0.5300 0.4970 0.6870
vn 0.9005 0.2500 0.3557
vn -0.2720 0.8450 0.4604
vn -0.6389 0.4444 0.6280
vn -0.6378 0.6412 -0.4266
vn 0.4481 0.6788 0.5817
vn 0.4153 0.8408 -0.3472
vn -0.2777 0.8692 -0.4091
vn -0.2790 0.6780 0.6801
vn -0.1971 0.5389 0.8190
vn -0.1958 0.7850 -0.5878
vn 0.0642 -0.0000 -0.9979
vn 0.9847 -0.0000 -0.1741
vn 0.9847 -0.0451 -0.1682
vn 0.0642 -0.2583 -0.9639
vn 0.9847 -0.0871 -0.1508
vn 0.0642 -0.4990 -0.8642
vn 0.9847 -0.1231 -0.1231
vn 0.0642 -0.7056 -0.7057
vn 0.9847 -0.1508 -0.0871
vn 0.0642 -0.8642 -0.4990
vn 0.9847 -0.1682 -0.0451
vn 0.0642 -0.9639 -0.2583
vn 0.9847 -0.1741 -0.0000
vn 0.0642 -0.9979 -0.0000
vn 0.9847 -0.1682 0.0451
vn 0.0642 -0.9639 0.2583
vn 0.9847 -0.1508 0.0871
vn 0.0642 -0.8642 0.4990
vn 0.9847 -0.1231 0.1232
vn 0.0642 -0.7057 0.7056
vn 0.9847 -0.0871 0.1508
vn 0.0642 -0.4990 0.8642
vn 0.9847 -0.0451 0.1682
vn 0.0642 -0.2583 0.9639
vn 0.9847 -0.0000 0.1741
vn 0.0642 -0.0000 0.9979
vn 0.9847 0.0451 0.1682
vn 0.0642 0.2583 0.9639
vn 0.9847 0.0871 0.1508
vn 0.0642 0.4990 0.8642
vn 0.9847 0.1231 0.1231
vn 0.0642 0.7056 0.7057
vn 0.9847 0.1508 0.0871
vn 0.0642 0.8642 0.4990
vn 0.9847 0.1682 0.0451
vn 0.0642 0.9639 0.2583
vn 0.9847 0.1741 -0.0000
vn 0.0642 0.9979 -0.0000
vn 0.9847 0.1682 -0.0451
vn 0.0642 0.9639 -0.2583
vn 0.9847 0.1508 -0.0871
vn 0.0642 0.8642 -0.4990
vn 0.9847 0.1231 -0.1231
vn 0.0642 0.7056 -0.7056
vn 0.9847 0.0871 -0.1508
vn 0.0642 0.4990 -0.8642
vn 0.9847 0.0451 -0.1682
vn 0.0642 0.2583 -0.9639
vn -0.9933 0.0579 0.1002
vn -0.9933 0.0300 0.1118
vn -0.9933 0.1157 -0.0000
vn -0.9933 0.1118 -0.0300
vn -0.9112 0.3978 -0.1066
vn -0.9112 0.4119 -0.0000
vn -0.9933 -0.0000 -0.1157
vn -0.9933 0.0300 -0.1118
vn -0.9933 -0.1118 -0.0300
vn -0.9933 -0.1002 -0.0579
vn -0.9933 -0.0579 0.1002
vn -0.9933 -0.0818 0.0818
vn -0.9933 0.1118 0.0300
vn -0.9933 0.1002 0.0579
vn -0.9933 0.0579 -0.1002
vn -0.9933 0.0818 -0.0818
vn -0.9933 -0.0818 -0.0818
vn -0.9933 -0.0579 -0.1002
vn -0.9933 -0.1002 0.0579
vn -0.9933 -0.1118 0.0299
vn -0.9933 0.0818 0.0818
vn -0.9933 0.1002 -0.0579
vn -0.9933 -0.0000 0.1157
vn -0.9933 -0.0300 -0.1118
vn -0.9933 -0.1157 -0.0000
vn -0.9933 -0.0300 0.1118
vn -0.9112 -0.2059 0.3567
vn -0.9112 -0.2912 0.2912
vn -0.9112 -0.2912 -0.2912
vn -0.9112 -0.2059 -0.3567
vn -0.9112 0.3567 -0.2059
vn -0.9112 -0.1066 0.3978
vn -0.9112 0.1066 0.3978
vn -0.9112 -0.0000 0.4119
vn -0.9112 -0.3567 -0.2059
vn -0.9112 0.2912 -0.2912
vn -0.9112 0.2059 0.3567
vn -0.9112 -0.3978 -0.1066
vn -0.9113 0.2059 -0.3567
vn -0.9112 0.2912 0.2912
vn -0.9112 -0.4119 -0.0000
vn -0.9112 0.1066 -0.3978
vn -0.9112 0.3567 0.2059
vn -0.9112 -0.3978 0.1066
vn -0.9113 -0.0000 -0.4118
vn -0.9112 0.3978 0.1066
vn -0.9112 -0.3567 0.2059
vn -0.9112 -0.1066 -0.3978
vn 0.3912 -0.0000 -0.9203
vn -0.8954 -0.0000 -0.4453
vn -0.8954 0.1153 -0.4301
vn 0.3912 0.2382 -0.8889
vn -0.8954 0.2227 -0.3857
vn 0.3912 0.4601 -0.7970
vn -0.8954 0.3149 -0.3149
vn 0.3912 0.6507 -0.6507
vn -0.8954 0.3857 -0.2227
vn 0.3912 0.7970 -0.4601
vn -0.8954 0.4301 -0.1152
vn 0.3912 0.8889 -0.2382
vn -0.8954 0.4453 -0.0000
vn 0.3912 0.9203 -0.0000
vn -0.8954 0.4301 0.1153
vn 0.3912 0.8889 0.2382
vn -0.8954 0.3857 0.2227
vn 0.3912 0.7970 0.4601
vn -0.8954 0.3149 0.3149
vn 0.3912 0.6507 0.6507
vn -0.8954 0.2227 0.3857
vn 0.3912 0.4601 0.7970
vn -0.8954 0.1153 0.4301
vn 0.3912 0.2382 0.8889
vn -0.8954 -0.0000 0.4453
vn 0.3912 -0.0000 0.9203
vn -0.8954 -0.1153 0.4301
vn 0.3912 -0.2382 0.8889
vn -0.8954 -0.2227 0.3857
vn 0.3912 -0.4601 0.7970
vn -0.8954 -0.3149 0.3149
vn 0.3912 -0.6507 0.6507
vn -0.8954 -0.3857 0.2227
vn 0.3912 -0.7970 0.4601
vn -0.8954 -0.4301 0.1153
vn 0.3912 -0.8889 0.2382
vn -0.8954 -0.4453 -0.0000
vn 0.3912 -0.9203 -0.0000
vn -0.8954 -0.4301 -0.1153
vn 0.3912 -0.8889 -0.2382
vn -0.8954 -0.3857 -0.2227
vn 0.3912 -0.7970 -0.4601
vn -0.8954 -0.3149 -0.3149
vn 0.3912 -0.6507 -0.6507
vn -0.8954 -0.2227 -0.3857
vn 0.3912 -0.4601 -0.7970
vn -0.8954 -0.1153 -0.4301
vn 0.3912 -0.2382 -0.8889
vn 0.9132 -0.2038 0.3529
vn 0.9132 -0.1055 0.3937
vn 0.9132 -0.4075 -0.0000
vn 0.9132 -0.3937 -0.1055
vn 0.8845 -0.4506 -0.1207
vn 0.8845 -0.4665 -0.0000
vn 0.9132 -0.0000 -0.4075
vn 0.9132 -0.1055 -0.3937
vn 0.9132 0.3937 -0.1055
vn 0.9132 0.3529 -0.2038
vn 0.9132 0.2038 0.3529
vn 0.9132 0.2882 0.2882
vn 0.9132 -0.3937 0.1055
vn 0.9132 -0.3529 0.2038
vn 0.9132 -0.2038 -0.3529
vn 0.9132 -0.2882 -0.2882
vn 0.9132 0.2882 -0.2882
vn 0.9132 0.2038 -0.3529
vn 0.9132 0.3529 0.2038
vn 0.9132 0.3937 0.1055
vn 0.9132 -0.2882 0.2882
vn 0.9132 -0.3529 -0.2038
vn 0.9132 -0.0000 0.4075
vn 0.9132 0.1055 -0.3937
vn 0.9132 0.4075 -0.0000
vn 0.9132 0.1055 0.3937
vn 0.8845 0.2332 0.4040
vn 0.8845 0.3299 0.3299
vn 0.8845 0.3299 -0.3299
vn 0.8845 0.2332 -0.4040
vn 0.8845 -0.4040 -0.2332
vn 0.8845 0.1207 0.4506
vn 0.8845 -0.1207 0.4506
vn 0.8845 -0.0000 0.4665
vn 0.8845 0.4040 -0.2333
vn 0.8845 -0.3299 -0.3299
vn 0.8845 -0.2333 0.4040
vn 0.8845 0.4506 -0.1207
vn 0.8845 -0.2333 -0.4040
vn 0.8845 -0.3299 0.3299
vn 0.8845 0.4665 -0.0000
vn 0.8845 -0.1207 -0.4506
vn 0.8845 -0.4040 0.2332
vn 0.8845 0.4506 0.1207
vn 0.8845 -0.0000 -0.4665
vn 0.8845 -0.4506 0.1207
vn 0.8845 0.4040 0.2332
vn 0.8845 0.1207 -0.4506
vn 0.3177 0.9031 -0.2890
vn 0.3159 0.8967 0.3102
vn 0.8491 0.5059 0.1522
vn 0.8491 0.5059 -0.1522
vn 0.3789 -0.5456 -0.7475
vn 0.4045 0.5128 -0.7572
vn 0.8488 0.3243 -0.4176
vn 0.7889 -0.5218 -0.3246
vn -0.1673 0.7781 -0.6055
vn -0.1691 0.5140 -0.8409
vn -0.8209 0.2260 -0.5245
vn -0.7083 0.5617 -0.4276
vn -0.1582 0.9404 -0.3009
vn -0.7087 0.6730 -0.2118
vn -0.1543 0.9880 -0.0000
vn -0.7089 0.7054 -0.0000
vn -0.2638 0.9646 -0.0000
vn -0.2582 0.9173 -0.3031
vn -0.2492 0.7668 -0.5915
vn -0.2355 0.7681 -0.5954
vn -0.2201 0.4657 -0.8572
vn -0.2362 0.4640 -0.8538
vn -0.2626 0.9093 -0.3228
vn -0.2795 0.9602 -0.0000
vn -0.1753 -0.6109 -0.7720
vn -0.1865 -0.6170 -0.7645
vn -0.1103 0.4533 -0.8845
vn -0.0903 -0.6104 -0.7869
vn -0.1969 0.9804 -0.0000
vn -0.1760 0.9149 -0.3634
vn -0.1352 0.7629 -0.6322
vn 0.0442 0.9075 -0.4177
vn 0.0287 0.7133 -0.7002
vn -0.0237 0.7388 -0.6735
vn -0.0527 0.9152 -0.3996
vn 0.0564 0.9984 -0.0000
vn -0.0626 0.9980 -0.0000
vn 0.0719 0.4411 -0.8946
vn 0.0447 -0.6120 -0.7896
vn 0.0383 0.3790 -0.9246
vn 0.0814 0.7043 -0.7052
vn 0.1513 0.7182 -0.6791
vn 0.0859 0.3933 -0.9154
vn 0.1409 0.7436 -0.6536
vn 0.0617 0.4088 -0.9105
vn 0.1073 0.7562 -0.6454
vn 0.1360 0.9021 -0.4096
vn 0.2174 0.9011 -0.3751
vn 0.2084 0.9158 -0.3434
vn 0.1427 0.9284 -0.3432
vn 0.1656 0.9862 -0.0000
vn 0.2495 0.9684 -0.0000
vn 0.2360 0.9718 -0.0000
vn 0.1602 0.9869 -0.0204
vn 0.0447 -0.6120 0.7896
vn 0.3789 -0.5456 0.7475
vn 0.4045 0.5128 0.7572
vn 0.0719 0.4411 0.8946
vn 0.0061 -0.6403 -0.7681
vn 0.0301 -0.6481 -0.7610
vn 0.0076 -0.6444 -0.7646
vn 0.1482 0.9362 0.3187
vn 0.1073 0.7562 0.6454
vn -0.0020 -0.6539 -0.7566
vn 0.0179 0.3942 -0.9188
vn 0.8488 0.3243 0.4176
vn 0.7889 -0.5218 0.3246
vn -0.1582 0.9404 0.3009
vn -0.7087 0.6730 0.2118
vn -0.7083 0.5617 0.4276
vn -0.1673 0.7781 0.6055
vn -0.1691 0.5140 0.8409
vn -0.8208 0.2260 0.5245
vn -0.3872 -0.4898 0.7812
vn -0.1624 -0.5734 0.8030
vn -0.2362 0.4640 0.8538
vn -0.1865 -0.6170 0.7645
vn -0.2582 0.9173 0.3031
vn -0.2492 0.7668 0.5915
vn -0.2355 0.7681 0.5954
vn -0.2201 0.4657 0.8572
vn -0.2626 0.9093 0.3228
vn -0.1753 -0.6109 0.7720
vn -0.1103 0.4533 0.8845
vn -0.0903 -0.6104 0.7869
vn -0.1760 0.9149 0.3634
vn -0.1352 0.7629 0.6322
vn 0.0287 0.7133 0.7002
vn -0.0237 0.7388 0.6735
vn 0.0007 0.4242 0.9056
vn 0.0179 0.3942 0.9188
vn 0.0442 0.9075 0.4177
vn -0.0527 0.9152 0.3996
vn -0.0049 -0.6293 0.7771
vn -0.0020 -0.6539 0.7566
vn 0.0383 0.3790 0.9246
vn 0.0859 0.3933 0.9154
vn 0.1513 0.7182 0.6791
vn 0.0814 0.7043 0.7052
vn 0.0617 0.4088 0.9105
vn 0.1409 0.7436 0.6536
vn 0.1360 0.9021 0.4096
vn 0.2174 0.9011 0.3751
vn 0.2084 0.9158 0.3434
vn 0.0061 -0.6403 0.7681
vn 0.0301 -0.6481 0.7610
vn 0.0076 -0.6444 0.7646
vn -0.0039 0.4668 -0.8844
vn -0.0712 0.4670 -0.8814
vn -0.0551 0.7377 -0.6729
vn -0.0471 0.7260 -0.6861
vn -0.7071 -0.6950 -0.1304
vn -0.7101 -0.6850 -0.1629
vn 0.7039 -0.6954 -0.1444
vn 0.7071 -0.6950 -0.1304
vn -0.0314 0.8356 -0.5484
vn -0.0588 0.8786 -0.4740
vn -0.0000 0.8254 0.5646
vn 0.5774 0.6739 0.4610
vn 0.9007 0.3614 0.2410
vn -0.2739 0.9538 0.1232
vn -0.2055 -0.8702 0.4477
vn 0.4822 -0.7865 0.3858
vn 0.2776 0.6793 -0.6793
vn -0.0000 0.7071 -0.7071
vn 0.9004 0.2381 -0.3640
vn 0.4821 0.7867 0.3856
vn -0.2055 0.8702 0.4477
vn -0.6864 -0.1483 -0.7119
vn -0.0967 -0.4567 -0.8844
vn -0.0907 -0.9384 -0.3335
vn -0.6755 -0.6882 -0.2649
vn -0.6679 -0.3118 -0.6758
vn -0.2756 0.9613 -0.0023
vn -0.0483 -0.9869 -0.1541
vn 0.6868 -0.7237 -0.0673
vn -0.6714 0.2438 -0.6998
vn -0.8155 -0.2303 0.5309
vn -0.7988 -0.5721 0.1860
vn -0.6840 0.6531 -0.3251
vn -0.1499 0.9399 0.3067
vn -0.1204 0.8927 -0.4343
vn -0.6981 0.6786 0.2286
vn -0.1066 0.3190 -0.9417
vn -0.2673 -0.9439 -0.1937
vn -0.0295 -0.9062 -0.4217
vn -0.7916 0.6028 0.0999
vn -0.6271 -0.7689 -0.1242
vn 0.2725 0.2827 -0.9197
vn -0.0000 0.2903 -0.9569
vn -0.0000 -0.7071 -0.7071
vn 0.2776 -0.6793 -0.6793
vn -0.0000 -0.2903 -0.9569
vn 0.9062 -0.0005 0.4228
vn 0.8555 -0.0000 0.5179
vn 0.8555 0.1982 0.4784
vn 0.8754 0.1850 0.4467
vn 0.8555 -0.1982 0.4784
vn 0.9062 -0.1621 0.3906
vn 0.2725 -0.2827 -0.9197
vn 0.8424 0.1504 -0.5174
vn -0.8050 0.1867 0.5631
vn -0.8057 -0.1821 0.5637
vn 0.8424 -0.1504 -0.5174
vn -0.2025 -0.9284 -0.3114
vn -0.7060 -0.6491 -0.2831
vn -0.0767 -0.9079 -0.4121
vn -0.7034 -0.6319 -0.3255
vn -0.6272 -0.7744 -0.0825
vn -0.1273 -0.8962 0.4250
vn -0.6898 -0.6625 0.2922
vn -0.7056 0.3055 0.6393
vn -0.7752 0.2556 -0.5778
vn -0.7023 -0.2498 0.6666
vn -0.7795 -0.5698 -0.2603
vn -0.2340 0.9574 -0.1694
vn -0.4043 0.9146 -0.0043
vn -0.1266 0.9156 -0.3816
vn -0.1685 0.9667 -0.1925
vn -0.8054 0.5559 0.2054
vn -0.8044 0.2360 0.5452
vn -0.7795 0.5698 -0.2603
vn -0.1600 -0.3059 0.9385
vn -0.1676 0.4682 0.8676
vn 0.0399 -0.8329 -0.5520
vn -0.0016 -0.8286 -0.5599
vn -0.0411 -0.4882 -0.8718
vn 0.0169 -0.5334 -0.8457
vn -0.0740 0.0443 -0.9963
vn -0.0101 0.0112 -0.9999
vn -0.2514 0.2896 0.9235
vn -0.3269 0.6732 0.6632
vn -0.2626 -0.3869 0.8839
vn -0.2161 -0.0276 0.9760
vn -0.7817 -0.1467 0.6062
vn -0.3398 -0.7540 0.5622
vn -0.7415 -0.6455 0.1833
vn -0.2325 0.9535 0.1919
vn -0.0809 0.9704 -0.2276
vn -0.1581 -0.9836 0.0867
vn -0.3572 -0.9278 -0.1073
vn 0.0527 -0.9608 -0.2723
vn -0.0461 -0.9582 -0.2822
vn 0.0121 -0.8944 -0.4471
vn 0.0371 -0.3840 -0.9226
vn 0.6949 0.3466 -0.6300
vn 0.6586 0.6365 -0.4015
vn -0.6004 0.7106 -0.3668
vn -0.6281 0.6590 -0.4138
vn -0.7099 0.6234 -0.3277
vn -0.7289 0.5534 -0.4031
vn -0.0445 0.9856 -0.1629
vn -0.6343 -0.4180 -0.6504
vn -0.7862 0.3363 0.5184
vn -0.7810 0.0041 0.6245
vn -0.6496 -0.0029 -0.7602
vn -0.7306 -0.1608 0.6636
vn -0.1292 -0.3861 0.9134
vn -0.1314 -0.0055 0.9913
vn -0.6724 -0.6720 0.3103
vn -0.7456 0.6071 -0.2747
vn -0.7534 0.6571 -0.0233
vn -0.6545 -0.7560 0.0096
vn -0.6783 -0.4648 0.5691
vn -0.7390 0.4647 -0.4878
vn -0.6831 -0.0885 0.7249
vn -0.7331 -0.0000 -0.6802
vn -0.7346 0.2515 -0.6302
vn -0.7270 -0.2706 0.6311
vn -0.6818 0.2873 0.6728
vn -0.7346 -0.2515 -0.6302
vn -0.7151 0.6533 0.2486
vn -0.7456 -0.6071 -0.2747
vn -0.7390 -0.4647 -0.4878
vn -0.6744 0.5899 0.4441
vn -0.6514 -0.6936 -0.3076
vn -0.7612 0.6071 0.2280
vn -0.7678 0.4647 0.4411
vn -0.7738 -0.0000 0.6335
vn -0.7722 -0.2515 0.5835
vn -0.6402 0.2411 -0.7294
vn -0.7678 -0.4647 0.4411
vn -0.6364 0.5134 -0.5757
vn -0.6514 0.6936 -0.3076
vn -0.7612 -0.6071 0.2280
vn -0.7534 -0.6571 -0.0233
vn -0.6628 0.7457 0.0680
vn -0.7722 0.2515 0.5835
vn -0.0822 -0.7394 -0.6682
vn -0.0727 -0.3807 -0.9218
vn -0.0841 -0.9196 -0.3837
vn -0.0799 0.6653 -0.7422
vn -0.0888 0.9169 -0.3891
vn -0.1012 -0.9933 -0.0555
vn -0.1296 0.3807 0.9156
vn -0.1004 0.9949 -0.0086
vn -0.1124 0.9214 0.3720
vn -0.1124 -0.9214 0.3720
vn -0.1222 0.7074 0.6962
vn -0.1222 -0.7074 0.6962
vn -0.0720 0.0524 -0.9960
vn -0.0674 0.3809 -0.9221
vn -0.7187 0.2581 0.6456
vn -0.6051 -0.7741 0.1861
vn -0.7935 -0.6023 -0.0869
vn -0.2132 -0.6908 -0.6908
vn -0.8050 -0.1101 -0.5830
vn -0.6051 0.1861 0.7741
vn -0.7806 -0.1023 0.6167
vn -0.2132 0.6908 -0.6908
vn -0.8050 0.5830 -0.1101
vn -0.8050 0.1101 -0.5830
vn -0.7920 0.5975 0.1255
vn -0.2136 0.6908 0.6908
vn -0.2136 -0.6908 0.6908
vn -0.6759 -0.5831 -0.4507
vn 0.6948 -0.5679 -0.4413
vn 0.6317 -0.7648 -0.1268
vn 0.6288 -0.0023 -0.7776
vn -0.6522 0.3664 -0.6637
vn 0.6922 -0.3889 -0.6080
vn 0.9872 0.1205 0.1048
vn 0.0415 0.0858 -0.9955
vn 0.0602 -0.1998 -0.9780
vn -0.7649 -0.2995 0.5702
vn -0.7803 -0.5172 0.3517
vn -0.7017 -0.5898 -0.3998
vn -0.5693 0.0627 -0.8198
vn -0.6587 0.4114 0.6300
vn -0.6625 0.0037 0.7490
vn -0.6735 -0.3466 0.6529
vn -0.6721 -0.6134 0.4147
vn -0.7568 -0.3558 -0.5484
vn -0.7391 0.5597 0.3748
vn -0.6636 0.7383 0.1203
vn -0.7232 0.3175 -0.6134
vn -0.7503 -0.0072 -0.6611
vn -0.6954 0.5980 0.3984
vn -0.5594 -0.3999 -0.7260
vn 0.6829 0.7278 -0.0638
vn 0.9051 0.3517 0.2392
vn -0.7094 0.1300 0.6927
vn 0.9045 0.3519 0.2407
vn 0.9045 0.2407 -0.3519
vn -0.0000 0.5646 -0.8254
vn 0.5774 0.4610 -0.6739
vn -0.5774 0.6739 0.4610
vn -0.9045 -0.3519 -0.2407
vn -0.9045 0.2407 -0.3519
vn -0.5774 -0.4610 0.6739
vn -0.5773 -0.6739 -0.4610
vn -0.5773 0.4610 -0.6739
vn -0.9045 0.3519 0.2407
vn -0.9045 -0.2407 0.3519
vn 0.5774 -0.6739 -0.4610
vn 0.9045 -0.3519 -0.2407
vn 0.9045 -0.2407 0.3519
vn 0.5774 -0.4610 0.6739
vn 0.5326 0.7139 0.4546
vn 0.5300 0.4970 -0.6870
vn 0.1511 0.2637 -0.9527
vn 0.1624 0.5956 0.7867
vn -0.6378 0.6412 0.4266
vn 0.4481 0.6788 -0.5817
vn -0.2790 0.6780 -0.6801
vn -0.2777 0.8692 0.4091
vn 0.4153 0.8408 0.3472
vn -0.1958 0.7850 0.5878
vn 0.0642 -0.7056 0.7057
vn 0.9847 -0.1231 0.1231
vn 0.0642 -0.7057 -0.7056
vn 0.9847 -0.1231 -0.1232
vn 0.0642 0.7057 -0.7056
vn -0.9933 -0.1118 0.0300
vn -0.9112 -0.0000 -0.4119
vn -0.9112 0.2059 -0.3567
vn -0.9113 0.2059 0.3567
vn -0.9113 -0.0000 0.4118
vn -0.8954 0.4301 0.1152
vn -0.8954 0.4301 -0.1153
vn 0.8845 0.4040 -0.2332
vn -0.1624 -0.5734 -0.8030
vn -0.3871 -0.4897 -0.7812
vn 0.0007 0.4242 -0.9056
vn -0.0049 -0.6293 -0.7771
vn 0.6993 0.7148 -0.0000
vn -0.7306 0.1608 -0.6636
vn -0.7115 0.2766 0.6460
vn -0.7209 0.5987 -0.3492
vn -0.7209 0.5987 0.3492
vn -0.7044 0.6859 -0.1827
vn -0.7300 -0.6231 -0.2808
vn -0.7044 0.6859 0.1826
vn -0.6701 -0.2766 0.6888
vn -0.7209 -0.5987 -0.3492
vn -0.7187 0.2581 -0.6456
vn -0.6701 -0.2766 -0.6888
vn -0.7115 -0.2766 -0.6460
vn -0.7209 -0.5987 0.3492
vn -0.7300 -0.6231 0.2808
vt 0.445942 0.396172
vt 0.461980 0.395476
vt 0.463706 0.407365
vt 0.447287 0.408076
vt 0.148461 0.476198
vt 0.148461 0.612593
vt 0.120985 0.612175
vt 0.120985 0.475779
vt 0.477406 0.395004
vt 0.479272 0.406893
vt 0.890917 0.291400
vt 0.879504 0.271069
vt 0.882022 0.155025
vt 0.890917 0.155015
vt 0.039863 0.610295
vt 0.039863 0.480455
vt 0.012223 0.652968
vt 0.012223 0.782797
vt 0.002778 0.782981
vt 0.002778 0.653152
vt 0.127611 0.652667
vt 0.127611 0.789052
vt 0.039955 0.783235
vt 0.039955 0.653406
vt 0.491120 0.754972
vt 0.502336 0.849065
vt 0.491960 0.850848
vt 0.473565 0.757746
vt 0.542306 0.394436
vt 0.541040 0.407484
vt 0.529991 0.410403
vt 0.524916 0.394444
vt 0.205841 0.476940
vt 0.205841 0.613334
vt 0.189394 0.613217
vt 0.189394 0.476821
vt 0.964308 0.573504
vt 0.973948 0.563858
vt 0.974917 0.566197
vt 0.966645 0.574472
vt 0.497768 0.517256
vt 0.490872 0.612540
vt 0.477408 0.612118
vt 0.473014 0.517343
vt 0.466359 0.612235
vt 0.454149 0.518158
vt 0.205841 0.221635
vt 0.189218 0.221391
vt 0.964243 0.868699
vt 0.951176 0.868660
vt 0.950688 0.866178
vt 0.391226 0.824301
vt 0.383135 0.823655
vt 0.383135 0.694349
vt 0.391226 0.694995
vt 0.010285 0.610322
vt 0.030355 0.610465
vt 0.027844 0.627594
vt 0.016505 0.627513
vt 0.032343 0.782935
vt 0.032343 0.841659
vt 0.012223 0.841522
vt 0.010285 0.480482
vt 0.002778 0.610031
vt 0.002778 0.480191
vt 0.030355 0.480625
vt 0.032343 0.653105
vt 0.002778 0.841705
vt 0.420641 0.694681
vt 0.411524 0.695175
vt 0.411524 0.636687
vt 0.420641 0.636193
vt 0.899506 0.659649
vt 0.899506 0.649261
vt 0.916519 0.651355
vt 0.916519 0.657224
vt 0.026267 0.635939
vt 0.030568 0.636108
vt 0.040604 0.610819
vt 0.047786 0.611125
vt 0.038014 0.627850
vt 0.033957 0.628022
vt 0.010285 0.421753
vt 0.030355 0.421896
vt 0.411524 0.824481
vt 0.899308 0.639610
vt 0.916407 0.645902
vt 0.396593 0.840799
vt 0.392022 0.840434
vt 0.009564 0.635965
vt 0.014900 0.635861
vt 0.906124 0.285902
vt 0.926055 0.286114
vt 0.926055 0.344818
vt 0.906124 0.344607
vt 0.420641 0.823987
vt 0.413211 0.840621
vt 0.408060 0.840900
vt 0.012264 0.627349
vt 0.039863 0.421726
vt 0.391226 0.636507
vt 0.039955 0.841959
vt 0.933301 0.286485
vt 0.933301 0.345190
vt 0.896472 0.286094
vt 0.896472 0.344798
vt 0.002778 0.421462
vt 0.383135 0.635861
vt 0.899308 0.669192
vt 0.916407 0.662615
vt 0.033216 0.627498
vt 0.833142 0.966385
vt 0.834313 0.963557
vt 0.852350 0.963557
vt 0.853521 0.966385
vt 0.704574 0.989740
vt 0.686767 0.989618
vt 0.686767 0.955076
vt 0.704574 0.955197
vt 0.818732 0.931596
vt 0.824504 0.922958
vt 0.826668 0.925122
vt 0.821560 0.932767
vt 0.867931 0.931596
vt 0.867931 0.951975
vt 0.865104 0.950804
vt 0.865104 0.932767
vt 0.862159 0.960613
vt 0.859995 0.958449
vt 0.824504 0.960613
vt 0.818732 0.951975
vt 0.821560 0.950804
vt 0.826668 0.958449
vt 0.833142 0.917186
vt 0.853521 0.917186
vt 0.852350 0.920013
vt 0.834313 0.920013
vt 0.862159 0.922958
vt 0.859995 0.925122
vt 0.173320 0.476324
vt 0.172614 0.221129
vt 0.157246 0.475827
vt 0.159862 0.220739
vt 0.141172 0.475330
vt 0.147109 0.220348
vt 0.147800 0.098420
vt 0.151172 0.003720
vt 0.164599 0.003393
vt 0.172522 0.098513
vt 0.515905 0.753516
vt 0.515905 0.848378
vt 0.997222 0.573502
vt 0.997222 0.587143
vt 0.994885 0.586174
vt 0.994885 0.574471
vt 0.987582 0.563858
vt 0.986614 0.566196
vt 0.506224 0.407486
vt 0.507496 0.394444
vt 0.492322 0.407506
vt 0.492535 0.394701
vt 0.973948 0.596789
vt 0.964308 0.587144
vt 0.966645 0.586175
vt 0.974917 0.594450
vt 0.987582 0.596788
vt 0.986614 0.594449
vt 0.305594 0.746160
vt 0.300565 0.841815
vt 0.287224 0.841678
vt 0.280970 0.746011
vt 0.984740 0.159175
vt 0.984557 0.164655
vt 0.966471 0.159195
vt 0.985078 0.155015
vt 0.275782 0.841754
vt 0.261309 0.746774
vt 0.806813 0.859722
vt 0.803218 0.875607
vt 0.802194 0.833038
vt 0.813177 0.834501
vt 0.475347 0.634583
vt 0.487939 0.632579
vt 0.488481 0.645185
vt 0.475663 0.647236
vt 0.499364 0.631678
vt 0.499954 0.643652
vt 0.510304 0.631433
vt 0.511099 0.643397
vt 0.585988 0.947891
vt 0.576869 0.947868
vt 0.571945 0.907982
vt 0.585988 0.831771
vt 0.314802 0.636172
vt 0.335196 0.640193
vt 0.324261 0.651727
vt 0.313241 0.656002
vt 0.520429 0.426074
vt 0.504421 0.423108
vt 0.489525 0.419935
vt 0.195717 0.204917
vt 0.173716 0.208190
vt 0.169972 0.197662
vt 0.189074 0.193260
vt 0.160251 0.208007
vt 0.156209 0.202400
vt 0.147404 0.207682
vt 0.257511 0.638758
vt 0.283513 0.635861
vt 0.282406 0.655821
vt 0.267240 0.654426
vt 0.299800 0.635861
vt 0.298560 0.656375
vt 0.399033 0.941153
vt 0.389851 0.934277
vt 0.402911 0.933867
vt 0.412093 0.940743
vt 0.454501 0.140674
vt 0.448953 0.395386
vt 0.441474 0.140584
vt 0.486632 0.139697
vt 0.467108 0.140184
vt 0.505868 0.139288
vt 0.134651 0.219961
vt 0.134817 0.207297
vt 0.206978 0.208691
vt 0.928825 0.843826
vt 0.928361 0.832162
vt 0.929788 0.832743
vt 0.930213 0.843429
vt 0.971068 0.060192
vt 0.976577 0.057909
vt 0.976842 0.059243
vt 0.971823 0.061322
vt 0.966851 0.064409
vt 0.967981 0.065165
vt 0.964569 0.075887
vt 0.964569 0.069921
vt 0.965902 0.070186
vt 0.965902 0.075622
vt 0.966851 0.081399
vt 0.967981 0.080644
vt 0.976577 0.087902
vt 0.971068 0.085618
vt 0.971823 0.084488
vt 0.976842 0.086569
vt 0.982540 0.057910
vt 0.988050 0.060194
vt 0.987295 0.061325
vt 0.982275 0.059244
vt 0.994548 0.069925
vt 0.994548 0.075891
vt 0.993215 0.075626
vt 0.993215 0.070190
vt 0.992266 0.081403
vt 0.991136 0.080647
vt 0.988050 0.085621
vt 0.982540 0.087903
vt 0.982275 0.086569
vt 0.987295 0.084490
vt 0.992266 0.064413
vt 0.991136 0.065168
vt 0.673720 0.876329
vt 0.668949 0.876667
vt 0.668949 0.861998
vt 0.673720 0.861660
vt 0.853517 0.911047
vt 0.849629 0.911586
vt 0.847104 0.897018
vt 0.850992 0.896478
vt 0.257511 0.847488
vt 0.262449 0.847381
vt 0.262449 0.862158
vt 0.257511 0.862266
vt 0.318008 0.847372
vt 0.323002 0.847414
vt 0.323002 0.862206
vt 0.318008 0.862164
vt 0.858518 0.910250
vt 0.855994 0.895682
vt 0.312573 0.847371
vt 0.312573 0.862162
vt 0.267880 0.847371
vt 0.272978 0.847460
vt 0.272978 0.862238
vt 0.267880 0.862149
vt 0.863872 0.909318
vt 0.861348 0.894750
vt 0.307524 0.847410
vt 0.307524 0.862202
vt 0.868763 0.908393
vt 0.866239 0.893825
vt 0.663545 0.876742
vt 0.658330 0.876544
vt 0.658330 0.861874
vt 0.663545 0.862073
vt 0.276966 0.847635
vt 0.276966 0.862413
vt 0.326793 0.847490
vt 0.326793 0.862282
vt 0.654098 0.876101
vt 0.654098 0.861431
vt 0.340751 0.964657
vt 0.340751 0.946621
vt 0.343236 0.947650
vt 0.343236 0.963628
vt 0.572192 0.957623
vt 0.580607 0.957473
vt 0.580607 0.992018
vt 0.572192 0.992169
vt 0.940761 0.466988
vt 0.958726 0.467147
vt 0.958726 0.501551
vt 0.940761 0.501392
vt 0.438541 0.978974
vt 0.432128 0.978645
vt 0.432128 0.944115
vt 0.438541 0.944443
vt 0.464724 0.978991
vt 0.456182 0.979161
vt 0.456182 0.944631
vt 0.464724 0.944461
vt 0.598370 0.957600
vt 0.598370 0.992145
vt 0.965887 0.467719
vt 0.965887 0.502122
vt 0.712934 0.989577
vt 0.712934 0.955035
vt 0.932692 0.467425
vt 0.932692 0.501829
vt 0.605014 0.957857
vt 0.605014 0.992403
vt 0.680029 0.989352
vt 0.680029 0.954810
vt 0.384295 0.964657
vt 0.379187 0.972303
vt 0.377285 0.970401
vt 0.381810 0.963628
vt 0.625479 0.923927
vt 0.625479 0.900321
vt 0.641394 0.900462
vt 0.641394 0.924068
vt 0.353505 0.977411
vt 0.354534 0.974926
vt 0.370512 0.974926
vt 0.371542 0.977411
vt 0.345860 0.938976
vt 0.347762 0.940877
vt 0.353505 0.933867
vt 0.354534 0.936352
vt 0.379187 0.938976
vt 0.384295 0.946621
vt 0.381810 0.947650
vt 0.377285 0.940877
vt 0.371542 0.933867
vt 0.370512 0.936352
vt 0.345860 0.972303
vt 0.347762 0.970401
vt 0.922805 0.934593
vt 0.915351 0.934726
vt 0.915351 0.911022
vt 0.922805 0.910889
vt 0.921168 0.356948
vt 0.921168 0.380650
vt 0.905392 0.380542
vt 0.905392 0.356840
vt 0.899615 0.934614
vt 0.899615 0.910910
vt 0.902321 0.002778
vt 0.917948 0.002944
vt 0.917948 0.026637
vt 0.902321 0.026471
vt 0.619136 0.923420
vt 0.619136 0.899814
vt 0.927136 0.357184
vt 0.927136 0.380885
vt 0.910458 0.809535
vt 0.910975 0.809539
vt 0.897987 0.356984
vt 0.897987 0.380686
vt 0.893729 0.934386
vt 0.893729 0.910682
vt 0.648542 0.923681
vt 0.648542 0.900074
vt 0.894753 0.002928
vt 0.894753 0.026622
vt 0.923629 0.003235
vt 0.923629 0.026928
vt 0.635356 0.798280
vt 0.639267 0.801563
vt 0.906504 0.128109
vt 0.905990 0.128104
vt 0.910059 0.482053
vt 0.906459 0.478989
vt 0.630228 0.801483
vt 0.634833 0.798276
vt 0.905571 0.812532
vt 0.910578 0.482057
vt 0.915418 0.479051
vt 0.902623 0.124998
vt 0.914508 0.812596
vt 0.911498 0.125093
vt 0.134069 0.220605
vt 0.128132 0.475586
vt 0.118272 0.475154
vt 0.121611 0.220218
vt 0.439684 0.873839
vt 0.432915 0.873372
vt 0.432915 0.619304
vt 0.443841 0.619888
vt 0.446993 0.873726
vt 0.455302 0.619854
vt 0.455098 0.873294
vt 0.468010 0.618809
vt 0.433106 0.140974
vt 0.432915 0.396082
vt 0.398649 0.963769
vt 0.402799 0.954781
vt 0.415860 0.954371
vt 0.411709 0.963359
vt 0.403793 0.947172
vt 0.416853 0.946762
vt 0.389851 0.975343
vt 0.402911 0.974933
vt 0.934059 0.821974
vt 0.951176 0.809535
vt 0.950688 0.812016
vt 0.935008 0.823411
vt 0.119579 0.205504
vt 0.132037 0.205891
vt 0.130508 0.218606
vt 0.119095 0.218251
vt 0.964308 0.647504
vt 0.964365 0.636837
vt 0.977172 0.636945
vt 0.977115 0.647612
vt 0.966330 0.238425
vt 0.966236 0.223535
vt 0.979039 0.223669
vt 0.979132 0.238559
vt 0.476120 0.621694
vt 0.487655 0.619859
vt 0.964695 0.627348
vt 0.977502 0.627456
vt 0.939386 0.858284
vt 0.939888 0.856673
vt 0.964243 0.809574
vt 0.979988 0.678187
vt 0.980024 0.691905
vt 0.967221 0.691976
vt 0.967116 0.680042
vt 0.498122 0.619034
vt 0.508143 0.618809
vt 0.964695 0.660443
vt 0.977502 0.660551
vt 0.966255 0.210170
vt 0.979132 0.211722
vt 0.443571 0.409234
vt 0.427533 0.409930
vt 0.427634 0.397179
vt 0.442326 0.396542
vt 0.979919 0.703451
vt 0.967116 0.703522
vt 0.523142 0.002778
vt 0.480357 0.139506
vt 0.479425 0.003125
vt 0.876208 0.508852
vt 0.876208 0.645190
vt 0.864166 0.645176
vt 0.864166 0.508838
vt 0.720650 0.088498
vt 0.715236 0.117350
vt 0.714444 0.113515
vt 0.718521 0.091785
vt 0.893752 0.518674
vt 0.893752 0.654509
vt 0.881763 0.654624
vt 0.881763 0.518789
vt 0.846564 0.617312
vt 0.858610 0.617312
vt 0.857628 0.619704
vt 0.847546 0.619704
vt 0.673490 0.666251
vt 0.673490 0.695604
vt 0.663613 0.695600
vt 0.663613 0.666247
vt 0.876208 0.655063
vt 0.864166 0.655048
vt 0.881763 0.508953
vt 0.893752 0.508838
vt 0.878624 0.670708
vt 0.878624 0.660629
vt 0.887559 0.660619
vt 0.887559 0.670697
vt 0.846564 0.646666
vt 0.847546 0.644274
vt 0.858610 0.646666
vt 0.857628 0.644274
vt 0.885559 0.866223
vt 0.885559 0.890793
vt 0.875478 0.890793
vt 0.875478 0.866223
vt 0.884416 0.926484
vt 0.884416 0.951045
vt 0.875478 0.951035
vt 0.875478 0.926474
vt 0.873068 0.660704
vt 0.873068 0.670739
vt 0.864166 0.670654
vt 0.864166 0.660619
vt 0.503887 0.945841
vt 0.503887 0.921273
vt 0.512826 0.921277
vt 0.512826 0.945845
vt 0.944698 0.274329
vt 0.944698 0.265298
vt 0.950400 0.265353
vt 0.950400 0.274383
vt 0.708812 0.086277
vt 0.709605 0.090111
vt 0.703398 0.115128
vt 0.705527 0.111842
vt 0.966786 0.927204
vt 0.966786 0.905094
vt 0.975858 0.905094
vt 0.975858 0.927204
vt 0.612318 0.618812
vt 0.612318 0.640921
vt 0.606593 0.640918
vt 0.606593 0.618809
vt 0.959210 0.337002
vt 0.959210 0.346072
vt 0.953486 0.346079
vt 0.953486 0.337009
vt 0.606593 0.668578
vt 0.606593 0.646476
vt 0.612318 0.646482
vt 0.612318 0.668585
vt 0.673838 0.701160
vt 0.672940 0.729776
vt 0.664708 0.729722
vt 0.663613 0.701160
vt 0.871797 0.155037
vt 0.874315 0.271074
vt 0.861572 0.291432
vt 0.861572 0.155048
vt 0.706925 0.096330
vt 0.705039 0.106383
vt 0.680029 0.101690
vt 0.681916 0.091637
vt 0.927266 0.648798
vt 0.922075 0.648798
vt 0.923737 0.639610
vt 0.925694 0.639610
vt 0.663613 0.573554
vt 0.666592 0.573564
vt 0.666134 0.604462
vt 0.664428 0.604670
vt 0.663613 0.620721
vt 0.668405 0.620501
vt 0.667797 0.660657
vt 0.665840 0.660691
vt 0.733001 0.872827
vt 0.726390 0.920736
vt 0.716606 0.919112
vt 0.725662 0.888420
vt 0.936931 0.802576
vt 0.928691 0.802576
vt 0.930883 0.793175
vt 0.933859 0.793072
vt 0.689446 0.861532
vt 0.696251 0.909292
vt 0.689169 0.893607
vt 0.680029 0.863055
vt 0.175765 0.002778
vt 0.191629 0.097871
vt 0.218976 0.966211
vt 0.220627 0.953719
vt 0.223720 0.953719
vt 0.225358 0.966211
vt 0.226707 0.952919
vt 0.231522 0.964559
vt 0.229385 0.951372
vt 0.237049 0.961368
vt 0.231572 0.949186
vt 0.241562 0.956855
vt 0.233118 0.946507
vt 0.244753 0.951329
vt 0.233918 0.943520
vt 0.246405 0.945164
vt 0.233918 0.940428
vt 0.246405 0.938782
vt 0.233118 0.937440
vt 0.244753 0.932618
vt 0.231572 0.934762
vt 0.241562 0.927091
vt 0.229385 0.932575
vt 0.237049 0.922578
vt 0.226707 0.931029
vt 0.231522 0.919387
vt 0.223720 0.930229
vt 0.225358 0.917735
vt 0.220627 0.930229
vt 0.218976 0.917735
vt 0.217640 0.931029
vt 0.212812 0.919387
vt 0.214962 0.932575
vt 0.207285 0.922578
vt 0.212775 0.934762
vt 0.202772 0.927091
vt 0.211228 0.937440
vt 0.199581 0.932618
vt 0.210428 0.940428
vt 0.197929 0.938782
vt 0.210428 0.943520
vt 0.197929 0.945164
vt 0.211228 0.946507
vt 0.199581 0.951329
vt 0.212775 0.949186
vt 0.202772 0.956855
vt 0.214962 0.951372
vt 0.207285 0.961368
vt 0.217640 0.952919
vt 0.212812 0.964559
vt 0.164945 0.966211
vt 0.158781 0.964559
vt 0.161290 0.958510
vt 0.165804 0.959720
vt 0.611819 0.793888
vt 0.611767 0.798365
vt 0.606593 0.796355
vt 0.606630 0.793111
vt 0.143898 0.945164
vt 0.143898 0.938782
vt 0.150393 0.939636
vt 0.150393 0.944309
vt 0.158781 0.919387
vt 0.164945 0.917735
vt 0.165804 0.924225
vt 0.161290 0.925435
vt 0.187531 0.927091
vt 0.190722 0.932618
vt 0.184678 0.935122
vt 0.182341 0.931076
vt 0.187531 0.956855
vt 0.183018 0.961368
vt 0.179037 0.956174
vt 0.182341 0.952870
vt 0.148741 0.956855
vt 0.145550 0.951328
vt 0.151603 0.948823
vt 0.153939 0.952869
vt 0.148741 0.927091
vt 0.153254 0.922578
vt 0.157243 0.927771
vt 0.153939 0.931075
vt 0.177491 0.919387
vt 0.183018 0.922578
vt 0.179037 0.927771
vt 0.174990 0.925435
vt 0.192374 0.945164
vt 0.190722 0.951329
vt 0.184678 0.948823
vt 0.185887 0.944309
vt 0.153254 0.961368
vt 0.157243 0.956174
vt 0.145550 0.932618
vt 0.151603 0.935122
vt 0.171327 0.966211
vt 0.170477 0.959720
vt 0.171327 0.917735
vt 0.170477 0.924225
vt 0.192374 0.938782
vt 0.185887 0.939636
vt 0.177491 0.964559
vt 0.174990 0.958510
vt 0.176029 0.952263
vt 0.178423 0.949869
vt 0.176029 0.931684
vt 0.173097 0.929991
vt 0.156152 0.937010
vt 0.155275 0.940280
vt 0.612005 0.746177
vt 0.612125 0.750636
vt 0.606680 0.751462
vt 0.606593 0.748230
vt 0.612125 0.755305
vt 0.612005 0.759865
vt 0.606593 0.758148
vt 0.606680 0.754844
vt 0.178423 0.934078
vt 0.157845 0.934078
vt 0.163171 0.953955
vt 0.166441 0.954832
vt 0.846613 0.665909
vt 0.846564 0.661347
vt 0.851744 0.660907
vt 0.851779 0.664212
vt 0.160239 0.931684
vt 0.160239 0.952263
vt 0.846564 0.656679
vt 0.851744 0.657525
vt 0.894814 0.147322
vt 0.894753 0.142727
vt 0.899977 0.142451
vt 0.900021 0.145780
vt 0.157845 0.949869
vt 0.846613 0.652222
vt 0.851779 0.654295
vt 0.894753 0.138069
vt 0.899977 0.139076
vt 0.611767 0.784671
vt 0.611819 0.789217
vt 0.606630 0.789727
vt 0.606593 0.786433
vt 0.180116 0.946936
vt 0.180992 0.943666
vt 0.894814 0.133664
vt 0.900021 0.135885
vt 0.169827 0.929115
vt 0.964039 0.539509
vt 0.934172 0.534494
vt 0.934172 0.530298
vt 0.964039 0.528903
vt 0.934117 0.526159
vt 0.963901 0.518441
vt 0.934012 0.522359
vt 0.963635 0.508838
vt 0.096667 0.847515
vt 0.111624 0.867051
vt 0.108648 0.870027
vt 0.089144 0.855038
vt 0.931246 0.155015
vt 0.960733 0.170525
vt 0.960643 0.174109
vt 0.931020 0.164074
vt 0.960597 0.178142
vt 0.930903 0.174268
vt 0.960597 0.182349
vt 0.930903 0.184902
vt 0.960643 0.186445
vt 0.931020 0.195253
vt 0.960733 0.190148
vt 0.931246 0.204614
vt 0.089144 0.904657
vt 0.108648 0.889658
vt 0.111624 0.892634
vt 0.096667 0.912180
vt 0.929985 0.002778
vt 0.960464 0.017067
vt 0.960255 0.020796
vt 0.929457 0.012204
vt 0.960147 0.024904
vt 0.929184 0.022586
vt 0.960147 0.029109
vt 0.929184 0.033215
vt 0.960255 0.033126
vt 0.929457 0.043369
vt 0.960464 0.036681
vt 0.929985 0.052354
vt 0.146286 0.912180
vt 0.131255 0.892634
vt 0.134231 0.889658
vt 0.153809 0.904657
vt 0.962142 0.406413
vt 0.932692 0.390638
vt 0.932777 0.387087
vt 0.962357 0.397438
vt 0.932821 0.383072
vt 0.962469 0.387290
vt 0.932821 0.378867
vt 0.962469 0.376661
vt 0.932777 0.374758
vt 0.962357 0.366275
vt 0.932692 0.371025
vt 0.962142 0.356840
vt 0.153809 0.855038
vt 0.134231 0.870027
vt 0.131255 0.867051
vt 0.146286 0.847515
vt 0.963635 0.558302
vt 0.934012 0.541929
vt 0.934117 0.538461
vt 0.963901 0.549536
vt 0.027587 0.925572
vt 0.018374 0.920253
vt 0.020390 0.917626
vt 0.028855 0.922513
vt 0.963322 0.303471
vt 0.963322 0.313236
vt 0.938856 0.311549
vt 0.938856 0.306945
vt 0.002778 0.882601
vt 0.005531 0.872324
vt 0.008591 0.873592
vt 0.006061 0.883033
vt 0.037864 0.847515
vt 0.048503 0.847515
vt 0.048070 0.850798
vt 0.038296 0.850798
vt 0.080835 0.872324
vt 0.083589 0.882601
vt 0.080305 0.883033
vt 0.077776 0.873592
vt 0.067993 0.920253
vt 0.058779 0.925572
vt 0.057512 0.922513
vt 0.065977 0.917626
vt 0.005531 0.903516
vt 0.002778 0.893240
vt 0.006061 0.892808
vt 0.008591 0.902249
vt 0.018374 0.855588
vt 0.027587 0.850268
vt 0.028855 0.853328
vt 0.020390 0.858215
vt 0.067993 0.855588
vt 0.075516 0.863111
vt 0.072888 0.865127
vt 0.065977 0.858215
vt 0.080835 0.903516
vt 0.075516 0.912730
vt 0.072888 0.910714
vt 0.077776 0.902249
vt 0.010851 0.912730
vt 0.013478 0.910714
vt 0.010851 0.863111
vt 0.013478 0.865127
vt 0.037864 0.928326
vt 0.038296 0.925043
vt 0.058779 0.850268
vt 0.057512 0.853328
vt 0.083589 0.893240
vt 0.080305 0.892808
vt 0.048503 0.928326
vt 0.048070 0.925043
vt 0.049901 0.904224
vt 0.053892 0.901920
vt 0.276722 0.967469
vt 0.276966 0.976292
vt 0.252501 0.965618
vt 0.252386 0.961458
vt 0.963424 0.322778
vt 0.938905 0.316047
vt 0.051877 0.971177
vt 0.052249 0.962511
vt 0.075503 0.955504
vt 0.075328 0.959590
vt 0.052376 0.952971
vt 0.052249 0.943206
vt 0.075503 0.946403
vt 0.075563 0.951007
vt 0.059454 0.881160
vt 0.057150 0.877170
vt 0.963623 0.331447
vt 0.938998 0.320134
vt 0.051877 0.933881
vt 0.075328 0.942007
vt 0.934012 0.660551
vt 0.934220 0.652228
vt 0.958702 0.644106
vt 0.958604 0.648030
vt 0.036391 0.871607
vt 0.032400 0.873911
vt 0.029142 0.898661
vt 0.032400 0.901920
vt 0.934327 0.642863
vt 0.958752 0.639691
vt 0.276966 0.930847
vt 0.276722 0.938900
vt 0.252386 0.947990
vt 0.252501 0.944193
vt 0.026838 0.894671
vt 0.934327 0.633092
vt 0.958752 0.635085
vt 0.276595 0.948113
vt 0.252326 0.952333
vt 0.963623 0.285902
vt 0.963424 0.294148
vt 0.938905 0.302550
vt 0.938998 0.298662
vt 0.934220 0.623583
vt 0.958702 0.630602
vt 0.276595 0.957857
vt 0.252326 0.956927
vt 0.934012 0.614982
vt 0.958604 0.626547
vt 0.724021 0.361493
vt 0.699069 0.361180
vt 0.700498 0.356840
vt 0.721873 0.357108
vt 0.855953 0.311998
vt 0.848760 0.309677
vt 0.849127 0.306550
vt 0.855337 0.308089
vt 0.646577 0.740238
vt 0.650776 0.740045
vt 0.650355 0.792657
vt 0.648582 0.792720
vt 0.714862 0.620289
vt 0.719193 0.620394
vt 0.712538 0.672632
vt 0.710687 0.672565
vt 0.709436 0.620206
vt 0.708368 0.672520
vt 0.711307 0.573626
vt 0.720100 0.573793
vt 0.726730 0.574037
vt 0.632878 0.665710
vt 0.641858 0.665495
vt 0.645899 0.693598
vt 0.639359 0.693831
vt 0.722851 0.545374
vt 0.731709 0.545868
vt 0.712961 0.545094
vt 0.657193 0.665519
vt 0.655582 0.693570
vt 0.641070 0.647092
vt 0.657920 0.647192
vt 0.713861 0.526252
vt 0.724253 0.526621
vt 0.734026 0.527342
vt 0.630007 0.647201
vt 0.619564 0.617167
vt 0.629757 0.616649
vt 0.628964 0.631162
vt 0.619136 0.631373
vt 0.714392 0.496094
vt 0.725722 0.496363
vt 0.725130 0.510522
vt 0.714354 0.510132
vt 0.648285 0.558010
vt 0.647309 0.480490
vt 0.654827 0.480431
vt 0.658022 0.557889
vt 0.643536 0.604757
vt 0.631075 0.605112
vt 0.633388 0.589531
vt 0.644729 0.589199
vt 0.636573 0.573939
vt 0.647034 0.573612
vt 0.638858 0.558340
vt 0.620817 0.605641
vt 0.624244 0.590047
vt 0.725786 0.469457
vt 0.725227 0.454012
vt 0.734792 0.454406
vt 0.735303 0.469880
vt 0.724805 0.438531
vt 0.734492 0.438893
vt 0.714277 0.484641
vt 0.713717 0.469196
vt 0.726284 0.484922
vt 0.713115 0.453761
vt 0.712647 0.438292
vt 0.841009 0.592104
vt 0.840630 0.668854
vt 0.833673 0.668572
vt 0.831723 0.591736
vt 0.658058 0.604669
vt 0.657957 0.589112
vt 0.657915 0.573495
vt 0.688841 0.360736
vt 0.699853 0.438218
vt 0.688387 0.438315
vt 0.657965 0.616199
vt 0.642506 0.616277
vt 0.734908 0.511295
vt 0.246563 0.894266
vt 0.250666 0.896717
vt 0.249609 0.903510
vt 0.246563 0.903476
vt 0.843780 0.277044
vt 0.849127 0.269188
vt 0.855337 0.267649
vt 0.855953 0.263739
vt 0.848760 0.266061
vt 0.703739 0.620149
vt 0.705937 0.672505
vt 0.703762 0.672522
vt 0.698640 0.620136
vt 0.838600 0.409623
vt 0.840297 0.356840
vt 0.840439 0.356915
vt 0.841009 0.409799
vt 0.831453 0.456185
vt 0.840597 0.456472
vt 0.702097 0.573567
vt 0.694280 0.573629
vt 0.691915 0.545369
vt 0.688415 0.573797
vt 0.683526 0.545715
vt 0.702459 0.545118
vt 0.825662 0.484393
vt 0.840205 0.484771
vt 0.824011 0.502857
vt 0.840089 0.503184
vt 0.702709 0.526351
vt 0.690817 0.526800
vt 0.680809 0.527372
vt 0.814924 0.532669
vt 0.814154 0.518181
vt 0.824152 0.518856
vt 0.825433 0.533611
vt 0.702124 0.496066
vt 0.702686 0.510240
vt 0.690463 0.510738
vt 0.690092 0.496264
vt 0.840203 0.519141
vt 0.840404 0.534046
vt 0.826362 0.545130
vt 0.827904 0.560612
vt 0.818560 0.559773
vt 0.816037 0.544227
vt 0.830384 0.576170
vt 0.821887 0.575357
vt 0.680161 0.454115
vt 0.680029 0.438559
vt 0.688687 0.453827
vt 0.701308 0.484608
vt 0.689052 0.484804
vt 0.689073 0.469300
vt 0.700834 0.469144
vt 0.700275 0.453699
vt 0.840489 0.545545
vt 0.840700 0.561008
vt 0.840887 0.576544
vt 0.680029 0.511395
vt 0.691889 0.357601
vt 0.731901 0.361276
vt 0.652534 0.257646
vt 0.651857 0.269603
vt 0.632780 0.269753
vt 0.633871 0.257791
vt 0.266017 0.477036
vt 0.295370 0.477022
vt 0.295370 0.613418
vt 0.266017 0.613432
vt 0.620236 0.258096
vt 0.619136 0.270064
vt 0.861572 0.139162
vt 0.861572 0.002778
vt 0.869946 0.002906
vt 0.872317 0.118982
vt 0.383092 0.482903
vt 0.383092 0.612742
vt 0.244343 0.653105
vt 0.251955 0.653406
vt 0.251955 0.783235
vt 0.244343 0.782934
vt 0.133166 0.651257
vt 0.214778 0.653152
vt 0.214778 0.782981
vt 0.133166 0.787641
vt 0.292431 0.098790
vt 0.271004 0.099298
vt 0.272135 0.004582
vt 0.283301 0.004563
vt 0.559637 0.394444
vt 0.551732 0.410403
vt 0.222287 0.477056
vt 0.222287 0.613452
vt 0.554375 0.971870
vt 0.552037 0.972839
vt 0.543766 0.964564
vt 0.544735 0.962225
vt 0.582052 0.517256
vt 0.606165 0.517343
vt 0.598676 0.612118
vt 0.585217 0.612540
vt 0.627733 0.380073
vt 0.649600 0.379899
vt 0.649669 0.474423
vt 0.638216 0.474875
vt 0.223520 0.221636
vt 0.432128 0.938559
vt 0.445683 0.936038
vt 0.445195 0.938520
vt 0.350403 0.652873
vt 0.350403 0.782658
vt 0.340751 0.782850
vt 0.340751 0.653065
vt 0.410669 0.613176
vt 0.408159 0.630306
vt 0.396820 0.630225
vt 0.390599 0.613033
vt 0.224223 0.782797
vt 0.244343 0.841659
vt 0.224223 0.841521
vt 0.410669 0.483337
vt 0.420177 0.483167
vt 0.420177 0.613007
vt 0.390599 0.483193
vt 0.224223 0.652968
vt 0.251955 0.841959
vt 0.377580 0.783241
vt 0.377580 0.841945
vt 0.370334 0.841574
vt 0.370334 0.782870
vt 0.670459 0.900365
vt 0.654098 0.901540
vt 0.654212 0.895906
vt 0.670661 0.890394
vt 0.221564 0.635965
vt 0.226900 0.635861
vt 0.671235 0.919805
vt 0.654536 0.912522
vt 0.654212 0.907374
vt 0.670661 0.910693
vt 0.390599 0.424464
vt 0.410669 0.424607
vt 0.370334 0.653085
vt 0.654536 0.891332
vt 0.671235 0.882298
vt 0.347056 0.635969
vt 0.352508 0.635861
vt 0.238267 0.635939
vt 0.242568 0.636108
vt 0.481656 0.915538
vt 0.481656 0.857050
vt 0.501954 0.857229
vt 0.501954 0.915717
vt 0.427359 0.612703
vt 0.417588 0.630038
vt 0.413531 0.630210
vt 0.383092 0.424173
vt 0.350403 0.841362
vt 0.363769 0.635981
vt 0.214778 0.841705
vt 0.511071 0.856735
vt 0.511071 0.915224
vt 0.473565 0.914892
vt 0.473565 0.856404
vt 0.420177 0.424438
vt 0.340751 0.841554
vt 0.392579 0.630060
vt 0.377580 0.653456
vt 0.103554 0.917735
vt 0.123933 0.917735
vt 0.122762 0.920563
vt 0.104725 0.920563
vt 0.756276 0.989565
vt 0.756276 0.955022
vt 0.774083 0.955144
vt 0.774083 0.989686
vt 0.089144 0.952524
vt 0.091972 0.951353
vt 0.097080 0.958998
vt 0.094916 0.961162
vt 0.138343 0.952524
vt 0.135515 0.951353
vt 0.135515 0.933316
vt 0.138343 0.932145
vt 0.130407 0.925671
vt 0.132571 0.923507
vt 0.094916 0.923507
vt 0.097080 0.925671
vt 0.091972 0.933316
vt 0.089144 0.932145
vt 0.103554 0.966934
vt 0.104725 0.964107
vt 0.122762 0.964107
vt 0.123933 0.966934
vt 0.130407 0.958998
vt 0.132571 0.961162
vt 0.241334 0.221619
vt 0.241586 0.476811
vt 0.256611 0.221429
vt 0.260885 0.476566
vt 0.271888 0.221238
vt 0.280184 0.476321
vt 0.246983 0.099044
vt 0.258708 0.004064
vt 0.673372 0.380703
vt 0.663004 0.474816
vt 0.521461 0.971869
vt 0.523798 0.972838
vt 0.523798 0.984541
vt 0.521461 0.985509
vt 0.532069 0.964563
vt 0.531101 0.962224
vt 0.577056 0.394444
vt 0.575840 0.407486
vt 0.590125 0.394701
vt 0.589598 0.407506
vt 0.603024 0.395004
vt 0.601487 0.406893
vt 0.544735 0.995155
vt 0.543766 0.992817
vt 0.552037 0.984542
vt 0.554375 0.985511
vt 0.531101 0.995155
vt 0.532069 0.992816
vt 0.575601 0.715326
vt 0.551144 0.714451
vt 0.563599 0.618809
vt 0.577181 0.619183
vt 0.725676 0.975924
vt 0.725732 0.970328
vt 0.743983 0.975786
vt 0.725517 0.980302
vt 0.560817 0.517948
vt 0.574173 0.613254
vt 0.286862 0.221046
vt 0.286552 0.208379
vt 0.302443 0.208011
vt 0.302361 0.220683
vt 0.674474 0.258300
vt 0.674474 0.270975
vt 0.663713 0.269794
vt 0.664186 0.257831
vt 0.546961 0.804884
vt 0.534041 0.805353
vt 0.578628 0.805847
vt 0.562618 0.805058
vt 0.577897 0.825923
vt 0.592653 0.810140
vt 0.601037 0.822389
vt 0.576762 0.423108
vt 0.557815 0.426074
vt 0.592407 0.419935
vt 0.220519 0.205094
vt 0.230419 0.193555
vt 0.246585 0.198208
vt 0.242459 0.208681
vt 0.260731 0.203146
vt 0.256659 0.208695
vt 0.271475 0.208567
vt 0.521461 0.820910
vt 0.546105 0.825027
vt 0.561692 0.825783
vt 0.879392 0.314150
vt 0.866332 0.313740
vt 0.875514 0.306864
vt 0.888575 0.307274
vt 0.846564 0.356954
vt 0.858611 0.356840
vt 0.858611 0.611643
vt 0.846564 0.611756
vt 0.590532 0.139697
vt 0.606470 0.140184
vt 0.574305 0.139288
vt 0.636881 0.002939
vt 0.650311 0.002778
vt 0.467546 0.913686
vt 0.466158 0.913289
vt 0.466583 0.902603
vt 0.468010 0.902022
vt 0.602527 0.831523
vt 0.606398 0.894806
vt 0.600994 0.894846
vt 0.989007 0.740223
vt 0.988252 0.741354
vt 0.983232 0.739275
vt 0.983498 0.737941
vt 0.993223 0.744441
vt 0.992093 0.745197
vt 0.995505 0.755919
vt 0.994172 0.755653
vt 0.994172 0.750218
vt 0.995505 0.749953
vt 0.993223 0.761431
vt 0.992093 0.760675
vt 0.983498 0.767934
vt 0.983232 0.766600
vt 0.988252 0.764519
vt 0.989007 0.765650
vt 0.977534 0.737942
vt 0.977799 0.739275
vt 0.972780 0.741356
vt 0.972025 0.740226
vt 0.965526 0.749957
vt 0.966859 0.750222
vt 0.966859 0.755657
vt 0.965526 0.755923
vt 0.968938 0.760679
vt 0.967808 0.761434
vt 0.972025 0.765652
vt 0.972780 0.764522
vt 0.977799 0.766601
vt 0.977534 0.767935
vt 0.967808 0.744445
vt 0.968938 0.745200
vt 0.817977 0.342424
vt 0.815410 0.327903
vt 0.819196 0.327550
vt 0.821763 0.342072
vt 0.835518 0.909424
vt 0.833000 0.894861
vt 0.837882 0.893915
vt 0.840400 0.908478
vt 0.301969 0.847581
vt 0.301969 0.862365
vt 0.297990 0.862226
vt 0.297990 0.847442
vt 0.600994 0.909606
vt 0.606398 0.909566
vt 0.830164 0.910355
vt 0.827647 0.895792
vt 0.595778 0.909502
vt 0.595778 0.894742
vt 0.292898 0.847371
vt 0.292898 0.862155
vt 0.287466 0.862162
vt 0.287466 0.847378
vt 0.825154 0.911130
vt 0.822636 0.896567
vt 0.591544 0.909269
vt 0.591544 0.894509
vt 0.821250 0.911631
vt 0.818732 0.897067
vt 0.826709 0.341373
vt 0.824142 0.326851
vt 0.829495 0.325911
vt 0.832062 0.340432
vt 0.282521 0.862247
vt 0.282521 0.847463
vt 0.611167 0.894628
vt 0.611167 0.909388
vt 0.834440 0.324873
vt 0.837007 0.339395
vt 0.664325 0.798330
vt 0.002778 0.946635
vt 0.005263 0.947664
vt 0.005263 0.963642
vt 0.002778 0.964672
vt 0.990425 0.934392
vt 0.990425 0.968937
vt 0.983781 0.968680
vt 0.983781 0.934135
vt 0.896623 0.975140
vt 0.896623 0.940610
vt 0.914263 0.940797
vt 0.914263 0.975328
vt 0.937253 0.113064
vt 0.937253 0.147467
vt 0.929184 0.147904
vt 0.929184 0.113501
vt 0.962379 0.113794
vt 0.962379 0.148198
vt 0.955218 0.147626
vt 0.955218 0.113223
vt 0.966017 0.934008
vt 0.966017 0.968553
vt 0.922805 0.940627
vt 0.922805 0.975158
vt 0.749538 0.989299
vt 0.749538 0.954757
vt 0.890210 0.974812
vt 0.890210 0.940281
vt 0.957602 0.968703
vt 0.957602 0.934158
vt 0.782443 0.954981
vt 0.782443 0.989524
vt 0.046322 0.946635
vt 0.043837 0.947664
vt 0.039311 0.940892
vt 0.041213 0.938990
vt 0.904040 0.155016
vt 0.919667 0.155181
vt 0.919667 0.178875
vt 0.904040 0.178709
vt 0.015531 0.933881
vt 0.033568 0.933881
vt 0.032539 0.936366
vt 0.016561 0.936366
vt 0.009788 0.970415
vt 0.007886 0.972317
vt 0.016561 0.974940
vt 0.015531 0.977425
vt 0.041213 0.972317
vt 0.039311 0.970415
vt 0.043837 0.963642
vt 0.046322 0.964672
vt 0.033568 0.977425
vt 0.032539 0.974940
vt 0.009788 0.940892
vt 0.007886 0.938990
vt 0.521461 0.956329
vt 0.521461 0.932625
vt 0.527346 0.932853
vt 0.527346 0.956557
vt 0.906713 0.508838
vt 0.922488 0.508945
vt 0.922488 0.532647
vt 0.906713 0.532539
vt 0.543082 0.932966
vt 0.543082 0.956669
vt 0.900073 0.803839
vt 0.900073 0.780232
vt 0.915987 0.780373
vt 0.915987 0.803979
vt 0.896473 0.178859
vt 0.896473 0.155166
vt 0.899308 0.532683
vt 0.899308 0.508982
vt 0.538189 0.831478
vt 0.538707 0.831482
vt 0.928457 0.509181
vt 0.928457 0.532883
vt 0.550537 0.932833
vt 0.550537 0.956536
vt 0.925348 0.155473
vt 0.925348 0.179166
vt 0.893729 0.803332
vt 0.893729 0.779726
vt 0.923136 0.779986
vt 0.923136 0.803592
vt 0.913217 0.277330
vt 0.908223 0.280347
vt 0.909427 0.678187
vt 0.909950 0.678192
vt 0.916739 0.631048
vt 0.911899 0.634054
vt 0.907709 0.280341
vt 0.904342 0.277236
vt 0.542240 0.834539
vt 0.911380 0.634051
vt 0.907779 0.630987
vt 0.904822 0.681395
vt 0.533303 0.834476
vt 0.913860 0.681475
vt 0.283858 0.221673
vt 0.298833 0.221481
vt 0.305071 0.476486
vt 0.292154 0.476756
vt 0.846528 0.002778
vt 0.845724 0.257844
vt 0.834070 0.257804
vt 0.838992 0.002802
vt 0.852819 0.003037
vt 0.856017 0.258184
vt 0.314332 0.221118
vt 0.312679 0.476229
vt 0.815410 0.258184
vt 0.828654 0.002985
vt 0.879776 0.336766
vt 0.866716 0.336356
vt 0.862566 0.327367
vt 0.875626 0.327777
vt 0.874633 0.320169
vt 0.861572 0.319759
vt 0.888575 0.348340
vt 0.875514 0.347930
vt 0.462312 0.891834
vt 0.461363 0.893271
vt 0.445683 0.881876
vt 0.445195 0.879395
vt 0.321621 0.206589
vt 0.322617 0.219347
vt 0.308899 0.219522
vt 0.306646 0.206781
vt 0.604308 0.951918
vt 0.591544 0.951528
vt 0.592177 0.941571
vt 0.604940 0.941960
vt 0.605014 0.931438
vt 0.592250 0.931048
vt 0.591544 0.915162
vt 0.604308 0.915551
vt 0.337120 0.206226
vt 0.336815 0.219014
vt 0.456985 0.928145
vt 0.456483 0.926534
vt 0.432128 0.879434
vt 0.242436 0.888711
vt 0.229585 0.886299
vt 0.229737 0.875264
vt 0.242543 0.875247
vt 0.654035 0.244900
vt 0.664709 0.245070
vt 0.242546 0.861593
vt 0.229740 0.861611
vt 0.229585 0.847532
vt 0.242391 0.847515
vt 0.241007 0.894613
vt 0.241007 0.907413
vt 0.230037 0.907186
vt 0.229585 0.894266
vt 0.636938 0.245034
vt 0.674133 0.245500
vt 0.556117 0.002778
vt 0.597277 0.003125
vt 0.598209 0.139506
vt 0.892432 0.502836
vt 0.880838 0.502512
vt 0.880838 0.366676
vt 0.892432 0.367000
vt 0.720650 0.265564
vt 0.718521 0.262278
vt 0.714444 0.240547
vt 0.715236 0.236713
vt 0.875282 0.493409
vt 0.864166 0.493178
vt 0.864166 0.356840
vt 0.875282 0.357071
vt 0.855825 0.317554
vt 0.854843 0.319946
vt 0.844762 0.319946
vt 0.843780 0.317554
vt 0.885353 0.860517
vt 0.875478 0.860668
vt 0.875478 0.833189
vt 0.885353 0.833038
vt 0.880838 0.356840
vt 0.892432 0.357164
vt 0.875282 0.503282
vt 0.864166 0.503051
vt 0.914475 0.143373
vt 0.905576 0.143621
vt 0.905576 0.133913
vt 0.914475 0.133665
vt 0.855825 0.346909
vt 0.854843 0.344516
vt 0.843780 0.346909
vt 0.844762 0.344516
vt 0.875478 0.896348
vt 0.885559 0.896348
vt 0.885559 0.920918
vt 0.875478 0.920918
vt 0.512824 0.974526
vt 0.503887 0.974662
vt 0.503887 0.951537
vt 0.512824 0.951401
vt 0.908810 0.487798
vt 0.917743 0.487612
vt 0.917743 0.496918
vt 0.908810 0.497104
vt 0.663613 0.769646
vt 0.672551 0.769510
vt 0.672551 0.792509
vt 0.663613 0.792646
vt 0.566636 0.965847
vt 0.560915 0.965967
vt 0.560915 0.957592
vt 0.566636 0.957473
vt 0.708812 0.267785
vt 0.709605 0.263951
vt 0.705527 0.242220
vt 0.703398 0.238934
vt 0.976188 0.731187
vt 0.967116 0.731187
vt 0.967116 0.709077
vt 0.976188 0.709077
vt 0.612318 0.721290
vt 0.606593 0.721377
vt 0.606593 0.700680
vt 0.612318 0.700593
vt 0.875478 0.956760
vt 0.881177 0.956601
vt 0.881177 0.965337
vt 0.875478 0.965496
vt 0.606593 0.674228
vt 0.612317 0.674140
vt 0.612317 0.694950
vt 0.606593 0.695038
vt 0.663613 0.735331
vt 0.673240 0.735331
vt 0.671368 0.763901
vt 0.663661 0.763954
vt 0.879572 0.003053
vt 0.889198 0.003199
vt 0.889198 0.139584
vt 0.877202 0.119057
vt 0.706925 0.257733
vt 0.681916 0.262426
vt 0.680029 0.252373
vt 0.705039 0.247680
vt 0.922075 0.663541
vt 0.923646 0.654353
vt 0.925604 0.654353
vt 0.927266 0.663541
vt 0.668380 0.480431
vt 0.667973 0.511686
vt 0.666300 0.511629
vt 0.665573 0.480695
vt 0.668122 0.527769
vt 0.668380 0.567866
vt 0.666543 0.567999
vt 0.663613 0.527956
vt 0.564665 0.892240
vt 0.556092 0.861403
vt 0.566018 0.859957
vt 0.930903 0.274802
vt 0.933975 0.265298
vt 0.936951 0.265400
vt 0.939143 0.274802
vt 0.761740 0.920312
vt 0.753353 0.918479
vt 0.762312 0.888183
vt 0.768494 0.872796
vt 0.595905 0.714285
vt 0.587653 0.618809
vt 0.646564 0.978099
vt 0.640182 0.978099
vt 0.641821 0.965607
vt 0.644913 0.965607
vt 0.634018 0.976447
vt 0.638834 0.964807
vt 0.628491 0.973256
vt 0.636155 0.963260
vt 0.623978 0.968743
vt 0.633969 0.961074
vt 0.620787 0.963216
vt 0.632422 0.958395
vt 0.619136 0.957052
vt 0.631622 0.955408
vt 0.619136 0.950670
vt 0.631622 0.952316
vt 0.620787 0.944506
vt 0.632422 0.949328
vt 0.623978 0.938979
vt 0.633969 0.946650
vt 0.628491 0.934466
vt 0.636155 0.944463
vt 0.634018 0.931275
vt 0.638834 0.942917
vt 0.640182 0.929623
vt 0.641821 0.942117
vt 0.646564 0.929623
vt 0.644913 0.942117
vt 0.652729 0.931275
vt 0.647901 0.942917
vt 0.658256 0.934466
vt 0.650579 0.944463
vt 0.662768 0.938979
vt 0.652766 0.946650
vt 0.665959 0.944506
vt 0.654312 0.949328
vt 0.667611 0.950670
vt 0.655112 0.952316
vt 0.667611 0.957052
vt 0.655112 0.955408
vt 0.665959 0.963217
vt 0.654312 0.958395
vt 0.662768 0.968743
vt 0.652766 0.961074
vt 0.658256 0.973256
vt 0.650579 0.963260
vt 0.652729 0.976447
vt 0.647901 0.964807
vt 0.309950 0.979212
vt 0.309091 0.972721
vt 0.313605 0.971512
vt 0.316115 0.977561
vt 0.611819 0.774638
vt 0.606630 0.773861
vt 0.606630 0.770477
vt 0.611819 0.769967
vt 0.330997 0.958166
vt 0.324502 0.957310
vt 0.324502 0.952637
vt 0.330997 0.951784
vt 0.316115 0.932389
vt 0.313605 0.938436
vt 0.309091 0.937227
vt 0.309950 0.930737
vt 0.287364 0.940092
vt 0.292554 0.944077
vt 0.290217 0.948124
vt 0.284173 0.945619
vt 0.287364 0.969857
vt 0.292554 0.965871
vt 0.295858 0.969175
vt 0.291877 0.974370
vt 0.326154 0.969857
vt 0.320956 0.965871
vt 0.323293 0.961824
vt 0.329345 0.964330
vt 0.326154 0.940092
vt 0.320956 0.944077
vt 0.317652 0.940773
vt 0.321642 0.935579
vt 0.297404 0.932389
vt 0.299905 0.938436
vt 0.295858 0.940773
vt 0.291877 0.935580
vt 0.282521 0.958166
vt 0.289008 0.957310
vt 0.290217 0.961824
vt 0.284173 0.964330
vt 0.317652 0.969175
vt 0.321642 0.974370
vt 0.323293 0.948124
vt 0.329345 0.945619
vt 0.303568 0.979212
vt 0.304419 0.972721
vt 0.304419 0.937227
vt 0.303568 0.930737
vt 0.289008 0.952638
vt 0.282521 0.951784
vt 0.299905 0.971512
vt 0.297404 0.977561
vt 0.296472 0.962870
vt 0.298866 0.965264
vt 0.301798 0.942993
vt 0.298866 0.944686
vt 0.606593 0.767183
vt 0.611767 0.765420
vt 0.301798 0.966957
vt 0.897987 0.492017
vt 0.903211 0.493024
vt 0.903211 0.496399
vt 0.897987 0.496675
vt 0.296472 0.947080
vt 0.318743 0.950012
vt 0.317051 0.947080
vt 0.898048 0.487612
vt 0.903255 0.489833
vt 0.903255 0.499728
vt 0.898048 0.501270
vt 0.294779 0.950012
vt 0.314657 0.944686
vt 0.311725 0.966957
vt 0.314657 0.965264
vt 0.606642 0.803921
vt 0.611808 0.805994
vt 0.611772 0.809224
vt 0.606593 0.808378
vt 0.311725 0.942993
vt 0.317051 0.962870
vt 0.611772 0.812606
vt 0.606593 0.813047
vt 0.612005 0.740621
vt 0.606593 0.738904
vt 0.606680 0.735600
vt 0.612125 0.736061
vt 0.318743 0.959938
vt 0.611808 0.815911
vt 0.606642 0.817608
vt 0.606680 0.732218
vt 0.612125 0.731392
vt 0.611767 0.779115
vt 0.606593 0.777105
vt 0.294779 0.959938
vt 0.606593 0.728987
vt 0.612005 0.726933
vt 0.928691 0.757749
vt 0.928964 0.747367
vt 0.959762 0.755959
vt 0.959654 0.760067
vt 0.929492 0.737941
vt 0.959971 0.752230
vt 0.166888 0.912180
vt 0.159365 0.904657
vt 0.178868 0.889658
vt 0.181844 0.892634
vt 0.929527 0.107508
vt 0.929301 0.098147
vt 0.958924 0.089338
vt 0.959014 0.093042
vt 0.929184 0.087796
vt 0.958878 0.085243
vt 0.929184 0.077162
vt 0.958878 0.081036
vt 0.929301 0.066968
vt 0.958924 0.077003
vt 0.929527 0.057909
vt 0.959014 0.073419
vt 0.159365 0.855038
vt 0.166888 0.847515
vt 0.181844 0.867051
vt 0.178868 0.870027
vt 0.962314 0.411968
vt 0.962580 0.421572
vt 0.932797 0.429290
vt 0.932692 0.425490
vt 0.962718 0.432033
vt 0.932851 0.433429
vt 0.962718 0.442639
vt 0.932851 0.437625
vt 0.962581 0.452667
vt 0.932797 0.441592
vt 0.962314 0.461433
vt 0.932692 0.445060
vt 0.216507 0.847515
vt 0.224030 0.855038
vt 0.204452 0.870027
vt 0.201475 0.867051
vt 0.960353 0.210170
vt 0.960569 0.219605
vt 0.930989 0.228088
vt 0.930903 0.224355
vt 0.960681 0.229991
vt 0.931033 0.232197
vt 0.960681 0.240620
vt 0.931033 0.236402
vt 0.960569 0.250768
vt 0.930989 0.240417
vt 0.960353 0.259743
vt 0.930903 0.243968
vt 0.224030 0.904657
vt 0.216507 0.912180
vt 0.201475 0.892634
vt 0.204452 0.889658
vt 0.929492 0.787517
vt 0.928964 0.778532
vt 0.959762 0.768289
vt 0.959971 0.771844
vt 0.928691 0.768379
vt 0.959654 0.764272
vt 0.396753 0.925558
vt 0.395486 0.922499
vt 0.403951 0.917611
vt 0.405966 0.920239
vt 0.498031 0.938842
vt 0.473565 0.942316
vt 0.473614 0.937920
vt 0.498134 0.929518
vt 0.421562 0.882587
vt 0.418279 0.883019
vt 0.415749 0.873578
vt 0.418809 0.872310
vt 0.386476 0.847501
vt 0.386044 0.850784
vt 0.376270 0.850784
vt 0.375837 0.847501
vt 0.343505 0.872310
vt 0.346565 0.873578
vt 0.344035 0.883019
vt 0.340751 0.882587
vt 0.356347 0.920239
vt 0.358363 0.917611
vt 0.366828 0.922499
vt 0.365561 0.925558
vt 0.418809 0.903502
vt 0.415749 0.902235
vt 0.418279 0.892793
vt 0.421562 0.893226
vt 0.405966 0.855574
vt 0.403950 0.858201
vt 0.395486 0.853314
vt 0.396753 0.850254
vt 0.356347 0.855574
vt 0.358363 0.858201
vt 0.351452 0.865113
vt 0.348825 0.863097
vt 0.343505 0.903502
vt 0.346565 0.902235
vt 0.351452 0.910700
vt 0.348825 0.912716
vt 0.410862 0.910700
vt 0.413489 0.912716
vt 0.410862 0.865113
vt 0.413489 0.863097
vt 0.386476 0.928312
vt 0.386044 0.925028
vt 0.366828 0.853314
vt 0.365561 0.850254
vt 0.344035 0.892793
vt 0.340751 0.893226
vt 0.376270 0.925028
vt 0.375837 0.928312
vt 0.812638 0.971608
vt 0.788173 0.960934
vt 0.788058 0.956774
vt 0.812394 0.962785
vt 0.370449 0.873897
vt 0.367190 0.877156
vt 0.473707 0.934033
vt 0.498332 0.921273
vt 0.787998 0.952243
vt 0.812267 0.953174
vt 0.812267 0.943430
vt 0.787998 0.947650
vt 0.788058 0.943306
vt 0.812394 0.934217
vt 0.934012 0.563858
vt 0.958604 0.575423
vt 0.958702 0.579478
vt 0.934220 0.572458
vt 0.395198 0.877156
vt 0.391940 0.873897
vt 0.788173 0.939509
vt 0.812638 0.926163
vt 0.958752 0.583961
vt 0.934327 0.581968
vt 0.387949 0.871593
vt 0.391940 0.901905
vt 0.395198 0.898647
vt 0.958752 0.588567
vt 0.934327 0.591738
vt 0.928361 0.934008
vt 0.951811 0.942134
vt 0.951987 0.946530
vt 0.928733 0.943332
vt 0.498332 0.966817
vt 0.473707 0.955504
vt 0.473614 0.951418
vt 0.498134 0.958149
vt 0.958702 0.592982
vt 0.934220 0.601104
vt 0.952047 0.951133
vt 0.928860 0.953098
vt 0.473565 0.946919
vt 0.498031 0.948607
vt 0.958604 0.596906
vt 0.934012 0.609426
vt 0.951987 0.955631
vt 0.928733 0.962638
vt 0.367190 0.898647
vt 0.370448 0.901905
vt 0.951811 0.959717
vt 0.928361 0.971304
vt 0.702175 0.672567
vt 0.694922 0.620200
vt 0.653467 0.739961
vt 0.650583 0.792599
vt 0.641391 0.631079
vt 0.658058 0.631194
vt 0.562502 0.831478
vt 0.695588 0.719059
vt 0.704704 0.710237
vt 0.717042 0.726262
vt 0.706031 0.746493
vt 0.736336 0.741034
vt 0.747432 0.820271
vt 0.739954 0.827483
vt 0.820771 0.820271
vt 0.831867 0.741034
vt 0.862172 0.746493
vt 0.828249 0.827483
vt 0.968787 0.799170
vt 0.965526 0.782776
vt 0.993322 0.782776
vt 0.985181 0.802430
vt 0.824380 0.742718
vt 0.767211 0.717225
vt 0.775162 0.697545
vt 0.780769 0.703714
vt 0.780556 0.733068
vt 0.787434 0.703714
vt 0.786879 0.678187
vt 0.793041 0.697545
vt 0.805976 0.891659
vt 0.813177 0.914282
vt 0.800457 0.920608
vt 0.727764 0.736080
vt 0.889198 0.149460
vt 0.861572 0.149038
vt 0.539629 0.002778
vt 0.801789 0.236713
vt 0.796375 0.265564
vt 0.739684 0.002778
vt 0.748323 0.008550
vt 0.863499 0.710237
vt 0.872615 0.719059
vt 0.851161 0.726262
vt 0.757936 0.730011
vt 0.750251 0.738528
vt 0.979424 0.773490
vt 0.985181 0.774635
vt 0.973667 0.774635
vt 0.985674 0.002778
vt 0.990554 0.006039
vt 0.993815 0.010919
vt 0.115269 0.864946
vt 0.105454 0.877738
vt 0.990554 0.027312
vt 0.985674 0.030573
vt 0.979917 0.031718
vt 0.974160 0.030573
vt 0.969280 0.027312
vt 0.711051 0.949182
vt 0.701827 0.949254
vt 0.711051 0.833056
vt 0.944041 0.885685
vt 0.956011 0.885649
vt 0.961231 0.894982
vt 0.949261 0.895018
vt 0.743983 0.964228
vt 0.725676 0.964367
vt 0.725517 0.958947
vt 0.743586 0.954757
vt 0.758512 0.343486
vt 0.748323 0.345513
vt 0.739684 0.351285
vt 0.942756 0.341802
vt 0.943652 0.342173
vt 0.943127 0.342173
vt 0.938856 0.346077
vt 0.685612 0.833038
vt 0.805070 0.482830
vt 0.744040 0.482830
vt 0.750924 0.455111
vt 0.797904 0.455111
vt 0.374439 0.871593
vt 0.387949 0.904209
vt 0.363693 0.885597
vt 0.984557 0.170620
vt 0.966288 0.170641
vt 0.314927 0.924985
vt 0.601767 0.831518
vt 0.986251 0.124600
vt 0.967935 0.124587
vt 0.986251 0.118636
vt 0.968831 0.426876
vt 0.968787 0.420944
vt 0.968592 0.415709
vt 0.987072 0.420944
vt 0.968274 0.411968
vt 0.986559 0.411968
vt 0.968290 0.398954
vt 0.968282 0.392992
vt 0.968189 0.387565
vt 0.986597 0.392992
vt 0.968025 0.383500
vt 0.986340 0.383500
vt 0.986526 0.404544
vt 0.968211 0.404544
vt 0.967337 0.894901
vt 0.985508 0.895154
vt 0.966786 0.899539
vt 0.984740 0.176163
vt 0.985078 0.180440
vt 0.966809 0.180461
vt 0.266210 0.925276
vt 0.290440 0.925177
vt 0.291194 0.925181
vt 0.819474 0.833165
vt 0.264838 0.925291
vt 0.265456 0.925270
vt 0.665085 0.798339
vt 0.847846 0.833160
vt 0.816148 0.263884
vt 0.816773 0.263739
vt 0.838224 0.323896
vt 0.815410 0.264001
vt 0.680029 0.678187
vt 0.692367 0.694212
vt 0.848460 0.833038
vt 0.869922 0.893047
vt 0.314286 0.924993
vt 0.742994 0.590481
vt 0.743082 0.574868
vt 0.806964 0.574868
vt 0.807211 0.590481
vt 0.815950 0.347980
vt 0.816713 0.347980
vt 0.817253 0.348520
vt 0.815410 0.348520
vt 0.816713 0.349823
vt 0.815950 0.349823
vt 0.815410 0.349283
vt 0.817253 0.349283
vt 0.944024 0.341277
vt 0.944024 0.341802
vt 0.947931 0.346077
vt 0.947653 0.797872
vt 0.951561 0.802147
vt 0.947282 0.798244
vt 0.942756 0.341277
vt 0.943652 0.340906
vt 0.943127 0.340906
vt 0.946757 0.798244
vt 0.942486 0.802147
vt 0.946386 0.797872
vt 0.799580 0.668357
vt 0.795860 0.671559
vt 0.756031 0.671559
vt 0.752050 0.668357
vt 0.951131 0.918912
vt 0.939161 0.918948
vt 0.948836 0.905704
vt 0.960806 0.905668
vt 0.782443 0.949201
vt 0.757946 0.948662
vt 0.774023 0.833038
vt 0.782443 0.833385
vt 0.809855 0.193730
vt 0.707171 0.193730
vt 0.136336 0.873672
vt 0.137425 0.877738
vt 0.249058 0.859430
vt 0.249058 0.847816
vt 0.251955 0.853623
vt 0.251598 0.856029
vt 0.025645 0.890220
vt 0.026838 0.881160
vt 0.768701 0.345513
vt 0.163171 0.929991
vt 0.173097 0.953955
vt 0.169827 0.954832
vt 0.105454 0.881947
vt 0.106543 0.886013
vt 0.156152 0.946936
vt 0.155275 0.943666
vt 0.383498 0.870401
vt 0.378890 0.870401
vt 0.166441 0.929115
vt 0.180116 0.937010
vt 0.319620 0.953282
vt 0.319620 0.956668
vt 0.176764 0.873672
vt 0.176764 0.886013
vt 0.175674 0.877738
vt 0.123544 0.863857
vt 0.127610 0.864946
vt 0.940331 0.928417
vt 0.928361 0.928453
vt 0.364886 0.894656
vt 0.127610 0.894739
vt 0.123544 0.895828
vt 0.119335 0.895828
vt 0.185490 0.864946
vt 0.193764 0.863857
vt 0.106543 0.873672
vt 0.378890 0.905402
vt 0.206556 0.873672
vt 0.189555 0.895828
vt 0.045450 0.905416
vt 0.040842 0.905416
vt 0.036391 0.904224
vt 0.025645 0.885611
vt 0.397502 0.894656
vt 0.398695 0.890205
vt 0.040842 0.870415
vt 0.308454 0.967833
vt 0.049901 0.871607
vt 0.053892 0.873911
vt 0.060647 0.885611
vt 0.060647 0.890220
vt 0.059454 0.894671
vt 0.057150 0.898661
vt 0.197830 0.894739
vt 0.966019 0.022432
vt 0.966019 0.010919
vt 0.843780 0.298694
vt 0.250580 0.858068
vt 0.990061 0.799170
vt 0.993322 0.794289
vt 0.248888 0.847515
vt 0.248888 0.859732
vt 0.967635 0.889180
vt 0.985806 0.883501
vt 0.742464 0.559209
vt 0.807423 0.559209
vt 0.741569 0.543596
vt 0.808159 0.543596
vt 0.808599 0.517016
vt 0.740859 0.517016
vt 0.741084 0.501019
vt 0.808211 0.501019
vt 0.741699 0.532064
vt 0.807911 0.532064
vt 0.968787 0.777896
vt 0.940661 0.698951
vt 0.941086 0.709636
vt 0.929116 0.709600
vt 0.928691 0.698915
vt 0.513909 0.517948
vt 0.781324 0.678187
vt 0.787647 0.733068
vt 0.817952 0.738528
vt 0.800715 0.816658
vt 0.791191 0.820807
vt 0.810267 0.730011
vt 0.800992 0.717225
vt 0.875836 0.694212
vt 0.888174 0.678187
vt 0.840439 0.736080
vt 0.743823 0.742718
vt 0.796375 0.088498
vt 0.801789 0.117350
vt 0.707171 0.160332
vt 0.809855 0.160332
vt 0.809855 0.177031
vt 0.707171 0.177031
vt 0.777339 0.351285
vt 0.758512 0.010576
vt 0.768701 0.008550
vt 0.777339 0.002778
vt 0.973667 0.802430
vt 0.965526 0.794289
vt 0.993815 0.022432
vt 0.847104 0.833284
vt 0.990061 0.777896
vt 0.974160 0.002778
vt 0.969280 0.006039
vt 0.767488 0.816658
vt 0.777012 0.820807
vt 0.984957 0.874508
vt 0.967337 0.878007
vt 0.966786 0.874255
vt 0.796090 0.891463
vt 0.799482 0.875533
vt 0.787998 0.913782
vt 0.796520 0.859518
vt 0.791161 0.834065
vt 0.820087 0.833038
vt 0.841549 0.893098
vt 0.986332 0.130063
vt 0.968163 0.134179
vt 0.788650 0.409136
vt 0.759711 0.409136
vt 0.768050 0.356840
vt 0.780083 0.356840
vt 0.968015 0.113064
vt 0.986332 0.113077
vt 0.968129 0.356840
vt 0.986438 0.356860
vt 0.986333 0.362424
vt 0.966236 0.259799
vt 0.984560 0.259723
vt 0.984627 0.265265
vt 0.966402 0.269615
vt 0.966236 0.248353
vt 0.984537 0.253757
vt 0.986333 0.368388
vt 0.968025 0.368368
vt 0.984560 0.248276
vt 0.984627 0.244114
vt 0.986438 0.373845
vt 0.968323 0.377944
vt 0.987001 0.432601
vt 0.968716 0.432601
vt 0.818732 0.833287
vt 0.665671 0.798276
vt 0.601277 0.831478
vt 0.315673 0.924988
vt 0.603113 0.831490
vt 0.824111 0.347980
vt 0.824650 0.348520
vt 0.823348 0.349823
vt 0.822808 0.349283
vt 0.822808 0.348520
vt 0.823348 0.347980
vt 0.613580 0.407365
vt 0.947653 0.797347
vt 0.946757 0.796976
vt 0.947282 0.796976
vt 0.951561 0.793072
vt 0.938856 0.337002
vt 0.946386 0.797347
vt 0.942486 0.793072
vt 0.824650 0.349283
vt 0.824111 0.349823
vt 0.947931 0.337002
vt 0.949591 0.678187
vt 0.961561 0.678223
vt 0.945881 0.689618
vt 0.933911 0.689582
vt 0.949591 0.732349
vt 0.938791 0.722845
vt 0.950761 0.722881
vt 0.961561 0.732385
vt 0.890917 0.301276
vt 0.861572 0.301309
vt 0.747798 0.833134
vt 0.747798 0.948956
vt 0.738492 0.833038
vt 0.722469 0.949146
vt 0.137425 0.881947
vt 0.200797 0.187918
vt 0.180992 0.940281
vt 0.305069 0.942117
vt 0.967635 0.883248
vt 0.293903 0.956668
vt 0.293903 0.953282
vt 0.308454 0.942117
vt 0.136336 0.886013
vt 0.397502 0.881146
vt 0.940331 0.874255
vt 0.928361 0.874291
vt 0.185490 0.894739
vt 0.175674 0.881947
vt 0.045450 0.870415
vt 0.029142 0.877170
vt 0.189555 0.863857
vt 0.197830 0.864946
vt 0.119335 0.863857
vt 0.305069 0.967833
vt 0.207646 0.881947
vt 0.206556 0.886013
vt 0.193764 0.895828
vt 0.383498 0.905402
vt 0.374439 0.904209
vt 0.207646 0.877738
vt 0.363693 0.890205
vt 0.364886 0.881146
vt 0.115269 0.894739
vt 0.398695 0.885597
vt 0.251598 0.851218
vt 0.250580 0.849179
s 1
usemtl Fighter3
f 147/1/1 133/2/2 2/3/3 96/4/4
f 286/5/5 287/6/6 3/7/7 9/8/8
f 144/9/9 87/10/10 2/3/3 133/2/2
f 289/11/11 313/12/12 312/13/13 291/14/14
f 9/8/8 3/7/7 13/15/15 14/16/16
f 29/17/17 28/18/18 26/19/19 23/20/20
f 4/21/21 10/22/22 15/23/23 12/24/24
f 120/25/25 100/26/26 91/27/27 119/28/28
f 136/29/29 6/30/30 18/31/31 138/32/32
f 11/33/33 7/34/34 19/35/35 20/36/36
f 101/37/37 92/38/38 150/39/39 153/40/40
f 117/41/41 93/42/42 92/43/38 116/44/43
f 116/44/43 92/43/38 101/45/37 121/46/44
f 135/47/45 11/33/33 20/36/36 137/48/46
f 141/49/47 262/50/48 271/51/49
f 40/52/50 23/53/20 26/54/19 42/55/51
f 31/56/52 32/57/53 46/58/54 74/59/55
f 27/60/56 61/61/57 57/62/58 28/18/18
f 34/63/59 31/56/52 24/64/60 25/65/61
f 14/16/16 13/15/15 32/57/53 33/66/62
f 27/60/56 28/18/18 29/17/17 30/67/63
f 26/19/19 28/18/18 57/62/58 58/68/64
f 25/69/61 43/70/65 55/71/66 56/72/67
f 36/73/68 35/74/69 75/75/70 76/76/71
f 12/24/24 30/67/63 48/77/72 47/78/73
f 13/79/15 37/80/74 52/81/75 51/82/76
f 12/24/24 15/23/23 27/60/56 30/67/63
f 33/66/62 34/63/59 59/83/77 62/84/78
f 40/52/50 42/55/51 43/70/65 41/85/79
f 35/74/69 12/86/24 47/87/73 75/75/70
f 23/53/20 40/52/50 77/88/80 45/89/81
f 29/17/17 23/20/20 45/90/81 44/91/82
f 38/92/83 39/93/84 53/94/85 66/95/86
f 41/85/79 24/96/60 49/97/87 50/98/88
f 24/64/60 31/56/52 74/59/55 49/99/87
f 29/17/17 44/91/82 48/77/72 30/67/63
f 14/16/16 33/66/62 62/84/78 54/100/89
f 42/55/51 67/101/90 55/71/66 43/70/65
f 40/52/50 41/85/79 50/98/88 77/88/80
f 27/60/56 15/23/23 60/102/91 61/61/57
f 39/93/84 14/103/16 54/104/89 53/94/85
f 15/105/23 38/92/83 66/95/86 60/106/91
f 34/63/59 25/65/61 56/107/67 59/83/77
f 42/55/51 26/54/19 58/108/64 67/101/90
f 37/109/74 36/73/68 76/76/71 52/110/75
f 32/57/53 13/15/15 51/111/76 46/58/54
f 24/96/60 41/85/79 43/70/65 25/69/61
f 67/112/90 217/113/92 205/114/93 55/115/66
f 212/116/94 209/117/95 65/118/57 224/119/58
f 61/120/57 60/121/91 210/122/96 211/123/97
f 62/124/78 59/125/77 209/126/95 212/127/94
f 59/125/77 56/128/67 206/129/98 209/126/95
f 58/130/64 57/131/58 207/132/99 208/133/100
f 66/134/86 53/135/85 203/136/101 216/137/102
f 67/112/90 58/130/64 208/133/100 217/113/92
f 56/128/67 55/115/66 205/114/93 206/129/98
f 57/131/58 61/120/57 211/123/97 207/132/99
f 53/135/85 54/138/89 204/139/103 203/136/101
f 54/138/89 62/124/78 212/127/94 204/139/103
f 60/121/91 66/134/86 216/137/102 210/122/96
f 137/48/46 20/36/36 81/140/104 139/141/105
f 139/141/105 81/140/104 82/142/106 140/143/107
f 140/143/107 82/142/106 83/144/108 141/145/47
f 119/146/28 91/147/27 90/148/109 118/149/110
f 121/150/44 101/151/37 100/26/26 120/25/25
f 102/152/111 103/153/112 155/154/113 154/155/114
f 92/38/38 93/156/42 151/157/115 150/39/39
f 138/32/32 18/31/31 89/158/116 142/159/117
f 142/159/117 89/158/116 88/160/118 143/161/119
f 143/161/119 88/160/118 87/10/10 144/9/9
f 93/156/42 102/152/111 154/155/114 151/157/115
f 91/162/27 100/163/26 152/164/120 149/165/121
f 100/163/26 101/37/37 153/40/40 152/164/120
f 90/166/109 91/162/27 149/165/121 148/167/122
f 123/168/123 103/169/112 102/170/111 122/171/124
f 750/172/125 751/173/126 735/174/127 695/175/128
f 122/171/124 102/170/111 93/176/42 117/177/41
f 680/178/129 681/179/130 6/180/30 601/181/131
f 134/182/132 145/183/133 94/184/134 1/185/135
f 145/183/133 146/186/136 95/187/137 94/184/134
f 146/186/136 147/188/1 96/189/4 95/187/137
f 95/187/137 96/189/4 121/150/44
f 896/190/138 900/191/139 902/192/140 895/193/141
f 99/194/142 16/195/143 125/196/144 132/197/145
f 89/158/116 18/31/31 124/198/146 127/199/147
f 87/10/10 88/160/118 126/200/148
f 88/160/118 89/158/116 127/199/147 126/200/148
f 16/201/143 78/202/149 128/203/150 125/204/144
f 78/202/149 79/205/151 129/206/152 128/203/150
f 79/205/151 80/207/153 129/206/152
f 18/208/31 97/209/154 130/210/155 124/211/146
f 97/209/154 98/212/156 131/213/157 130/210/155
f 98/212/156 99/194/142 132/197/145 131/213/157
f 104/214/158 21/215/159 258/216/160 259/217/161
f 21/218/159 133/2/2 261/219/162 258/220/160
f 85/221/163 143/161/119 144/9/9 86/222/164
f 84/223/165 142/159/117 143/161/119 85/221/163
f 79/205/151 140/143/107 141/145/47 80/207/153
f 78/202/149 139/141/105 140/143/107 79/205/151
f 16/201/143 137/48/46 139/141/105 78/202/149
f 80/207/153 141/145/47 134/224/132 1/225/135
f 5/226/166 135/47/45 137/48/46 16/201/143
f 86/222/164 144/9/9 133/2/2 21/218/159
f 263/227/167 264/228/168 270/229/169 267/230/170
f 108/231/171 107/232/172 164/233/173 163/234/174
f 113/235/175 108/231/171 163/234/174 158/236/176
f 167/237/177 168/238/178 184/239/179 183/240/180
f 166/241/181 167/237/177 183/240/180 182/242/182
f 109/243/183 114/244/184 157/245/185 162/246/186
f 114/244/184 166/241/181 182/242/182 157/245/185
f 168/238/178 113/235/175 158/236/176 184/239/179
f 165/247/187 112/248/188 159/249/189 181/250/190
f 170/251/191 171/252/192 187/253/193 186/254/194
f 171/252/192 115/255/195 156/256/196 187/253/193
f 111/257/197 110/258/198 161/259/199 160/260/200
f 169/261/201 170/251/191 186/254/194 185/262/202
f 115/255/195 111/257/197 160/260/200 156/256/196
f 107/232/172 165/247/187 181/250/190 164/233/173
f 110/258/198 109/243/183 162/246/186 161/259/199
f 112/248/188 169/261/201 185/262/202 159/249/189
f 157/263/185 182/264/182 192/265/203 179/266/204
f 162/267/186 157/268/185 179/269/204 174/270/205
f 158/271/176 163/272/174 173/273/206 178/274/207
f 186/275/194 187/276/193 197/277/208 196/278/209
f 161/279/199 162/267/186 174/270/205 175/280/210
f 185/281/202 186/275/194 196/278/209 195/282/211
f 164/283/173 181/284/190 191/285/212 172/286/213
f 160/287/200 161/279/199 175/280/210 176/288/214
f 159/289/189 185/281/202 195/282/211 177/290/215
f 163/272/174 164/283/173 172/286/213 173/273/206
f 156/291/196 160/287/200 176/288/214 180/292/216
f 183/293/180 184/294/179 194/295/217 193/296/218
f 181/284/190 159/297/189 177/298/215 191/285/212
f 187/276/193 156/299/196 180/300/216 197/277/208
f 182/264/182 183/293/180 193/296/218 192/265/203
f 184/294/179 158/301/176 178/302/207 194/295/217
f 69/303/78 63/304/77 223/305/95 219/306/94
f 208/307/100 207/308/99 69/309/78 68/310/89
f 216/311/102 203/312/101 73/313/90 228/314/66
f 217/315/92 208/316/100 68/317/89 229/318/85
f 206/319/98 205/320/93 71/321/86 70/322/91
f 211/323/97 63/324/77 69/309/78 207/308/99
f 203/312/101 204/325/103 72/326/64 73/313/90
f 204/327/103 212/116/94 224/119/58 72/328/64
f 205/320/93 217/315/92 229/318/85 71/321/86
f 210/329/96 216/311/102 228/314/66 64/330/67
f 211/323/97 210/331/96 64/332/67 63/324/77
f 209/117/95 206/333/98 70/334/91 65/118/57
f 65/335/57 70/336/91 218/337/96 221/338/97
f 241/339/101 250/340/219 233/341/220 215/342/102
f 229/343/85 241/344/101 215/345/102 71/346/86
f 63/304/77 64/347/67 222/348/98 223/305/95
f 64/347/67 228/349/66 240/350/93 222/348/98
f 72/351/64 224/352/58 236/353/99 214/354/100
f 224/352/58 65/335/57 221/338/97 236/353/99
f 73/355/90 72/351/64 214/354/100 213/356/92
f 70/336/91 71/346/86 215/345/102 218/337/96
f 228/349/66 73/355/90 213/356/92 240/350/93
f 229/343/85 68/357/89 220/358/103 241/344/101
f 68/357/89 69/303/78 219/306/94 220/358/103
f 214/359/100 236/360/99 248/361/221 234/362/222
f 223/363/95 225/364/223 231/365/224 219/366/94
f 236/360/99 221/367/97 227/368/225 248/361/221
f 240/369/93 213/370/92 235/371/226 249/372/227
f 241/339/101 220/373/103 230/374/228 250/340/219
f 223/363/95 222/375/98 226/376/229 225/364/223
f 248/361/221 227/368/225 245/377/230 251/378/231
f 220/379/103 219/366/94 231/365/224 230/380/228
f 221/367/97 218/381/96 232/382/232 227/368/225
f 218/383/96 215/342/102 233/341/220 232/384/232
f 222/385/98 240/369/93 249/372/227 226/386/229
f 213/370/92 214/387/100 234/388/222 235/371/226
f 232/384/232 233/341/220 239/389/233 242/390/234
f 103/153/112 90/166/109 148/167/122 155/154/113
f 249/372/227 235/371/226 237/391/235 252/392/236
f 230/380/228 231/365/224 243/393/237 244/394/238
f 250/340/219 230/374/228 244/395/238 253/396/239
f 227/368/225 232/382/232 242/397/234 245/377/230
f 231/365/224 225/364/223 247/398/240 243/393/237
f 233/341/220 250/340/219 253/396/239 239/389/233
f 225/364/223 226/376/229 246/399/241 247/398/240
f 226/386/229 249/372/227 252/392/236 246/400/241
f 234/362/222 248/361/221 251/378/231 238/401/242
f 235/371/226 234/388/222 238/402/242 237/391/235
f 262/403/48 254/404/243 255/405/244 256/406/245
f 260/407/246 259/408/161 265/409/247 264/410/168
f 257/411/248 260/407/246 264/410/168 263/412/167
f 255/413/244 257/411/248 263/412/167 256/414/245
f 259/415/161 258/220/160 261/219/162 265/416/247
f 22/417/249 106/418/250 257/419/248 255/420/244
f 141/145/47 83/144/108 254/404/243 262/403/48
f 105/421/251 104/214/158 259/217/161 260/422/246
f 83/423/108 22/417/249 255/420/244 254/424/243
f 265/425/247 261/426/162 266/427/252 269/428/253
f 106/418/250 105/421/251 260/422/246 257/419/248
f 134/429/132 141/430/47 280/431/254 276/432/255
f 267/433/170 270/434/169 282/435/256 274/436/257
f 269/437/253 266/438/252 273/439/258 281/440/259
f 145/183/133 134/182/132 276/441/255 275/442/260
f 270/434/169 269/443/253 281/444/259 282/435/256
f 256/445/245 263/227/167 267/230/170 268/446/261
f 261/426/162 133/447/2 266/427/252
f 262/50/48 256/445/245 268/446/261 271/51/49
f 264/228/168 265/425/247 269/428/253 270/229/169
f 141/448/47 271/449/49 283/450/262 280/451/254
f 147/188/1 146/186/136 279/452/263 278/453/264
f 268/454/261 267/433/170 274/436/257 277/455/265
f 266/438/252 133/456/2 272/457/266 273/439/258
f 133/458/2 147/459/1 278/460/264 272/461/266
f 146/186/136 145/183/133 275/442/260 279/452/263
f 271/449/49 268/462/261 277/463/265 283/450/262
f 17/464/267 84/223/165 285/465/268 284/466/269
f 20/36/36 19/35/35 287/6/6 286/5/5
f 284/467/269 285/468/268 289/469/11 291/470/14
f 4/471/21 284/472/269 304/473/270 305/474/271
f 10/475/22 4/476/21 290/477/272 288/478/273
f 294/479/274 292/480/275 296/481/276 298/482/277
f 285/483/268 10/484/22 293/485/278 292/486/275
f 289/469/11 285/468/268 292/487/275 294/488/274
f 10/475/22 288/478/273 295/489/279 293/490/278
f 297/491/280 299/492/281 303/493/275 301/494/274
f 295/495/279 294/479/274 298/482/277 299/496/281
f 293/497/278 295/495/279 299/496/281 297/498/280
f 292/480/275 293/497/278 297/498/280 296/481/276
f 300/499/279 301/500/274 303/501/275 302/502/278
f 296/503/276 297/504/280 301/505/274 300/506/279
f 298/507/277 296/508/276 300/509/279 302/510/278
f 299/511/281 298/512/277 302/513/278 303/514/275
f 304/515/270 306/516/282 310/517/283 308/518/272
f 290/519/272 4/471/21 305/474/271 307/520/284
f 284/472/269 291/521/14 306/522/282 304/473/270
f 309/523/14 308/524/272 310/525/283 311/526/285
f 306/527/282 307/528/284 311/529/285 310/530/283
f 307/531/284 305/532/271 309/533/14 311/534/285
f 305/535/271 304/536/270 308/537/272 309/538/14
f 317/539/286 322/540/287 323/541/288 318/542/289
f 314/543/290 315/544/291 288/545/273 290/546/272
f 314/547/290 312/548/13 317/549/286 318/550/289
f 313/551/12 315/552/291 319/553/292 316/554/293
f 327/555/294 326/556/295 324/557/296 325/558/297
f 321/559/298 320/560/299 316/561/293 319/562/292
f 321/563/298 323/564/288 327/565/294 325/566/297
f 320/560/299 321/559/298 325/558/297 324/557/296
f 323/567/288 322/568/287 326/569/295 327/570/294
f 322/571/287 320/572/299 324/573/296 326/574/295
f 125/204/144 128/203/150 118/149/110
f 31/56/52 34/63/59 33/66/62 32/57/53
f 118/149/110 90/148/109 103/575/112 123/576/123
f 328/577/300 329/578/301 331/579/302 330/580/303
f 330/580/303 331/579/302 333/581/304 332/582/305
f 332/582/305 333/581/304 335/583/306 334/584/307
f 334/584/307 335/583/306 337/585/308 336/586/309
f 336/586/309 337/585/308 339/587/310 338/588/311
f 338/588/311 339/587/310 341/589/312 340/590/313
f 340/590/313 341/589/312 343/591/314 342/592/315
f 342/592/315 343/591/314 345/593/316 344/594/317
f 344/594/317 345/593/316 347/595/318 346/596/319
f 346/596/319 347/595/318 349/597/320 348/598/321
f 348/598/321 349/597/320 351/599/322 350/600/323
f 350/600/323 351/599/322 353/601/324 352/602/325
f 352/602/325 353/601/324 355/603/326 354/604/327
f 354/604/327 355/603/326 357/605/328 356/606/329
f 356/606/329 357/605/328 359/607/330 358/608/331
f 358/608/331 359/607/330 361/609/332 360/610/333
f 360/610/333 361/609/332 363/611/334 362/612/335
f 362/612/335 363/611/334 365/613/336 364/614/337
f 364/614/337 365/613/336 367/615/338 366/616/339
f 366/616/339 367/615/338 369/617/340 368/618/341
f 368/618/341 369/617/340 371/619/342 370/620/343
f 370/620/343 371/619/342 373/621/344 372/622/345
f 372/622/345 373/621/344 375/623/346 374/624/347
f 374/624/347 375/623/346 329/578/301 328/577/300
f 330/625/303 332/626/305 378/627/348 377/628/349
f 382/629/350 383/630/351 407/631/352 406/632/353
f 340/633/313 342/634/315 383/635/351 382/636/350
f 350/637/323 352/638/325 388/639/354 387/640/355
f 360/641/333 362/642/335 393/643/356 392/644/357
f 370/645/343 372/646/345 398/647/358 397/648/359
f 336/649/309 338/650/311 381/651/360 380/652/361
f 346/653/319 348/654/321 386/655/362 385/656/363
f 356/657/329 358/658/331 391/659/364 390/660/365
f 366/661/339 368/662/341 396/663/366 395/664/367
f 332/626/305 334/665/307 379/666/368 378/627/348
f 342/634/315 344/667/317 384/668/369 383/635/351
f 328/669/300 330/625/303 377/628/349 376/670/370
f 352/638/325 354/671/327 389/672/371 388/639/354
f 362/642/335 364/673/337 394/674/372 393/643/356
f 372/646/345 374/675/347 399/676/373 398/647/358
f 338/650/311 340/633/313 382/636/350 381/651/360
f 348/654/321 350/637/323 387/640/355 386/655/362
f 358/658/331 360/641/333 392/644/357 391/659/364
f 368/662/341 370/645/343 397/648/359 396/663/366
f 334/665/307 336/649/309 380/652/361 379/666/368
f 344/667/317 346/653/319 385/656/363 384/668/369
f 354/671/327 356/657/329 390/660/365 389/672/371
f 364/673/337 366/661/339 395/664/367 394/674/372
f 374/675/347 328/669/300 376/670/370 399/676/373
f 397/648/359 398/647/358 422/677/374 421/678/375
f 390/660/365 391/659/364 415/679/376 414/680/377
f 383/635/351 384/668/369 408/681/378 407/682/352
f 398/683/358 399/684/373 423/685/379 422/686/374
f 376/687/370 377/688/349 401/689/380 400/690/381
f 391/659/364 392/644/357 416/691/382 415/679/376
f 384/668/369 385/656/363 409/692/383 408/681/378
f 399/684/373 376/687/370 400/690/381 423/685/379
f 377/628/349 378/627/348 402/693/384 401/694/380
f 392/695/357 393/696/356 417/697/385 416/698/382
f 385/656/363 386/655/362 410/699/386 409/692/383
f 378/627/348 379/666/368 403/700/387 402/693/384
f 393/696/356 394/701/372 418/702/388 417/697/385
f 386/703/362 387/704/355 411/705/389 410/706/386
f 379/666/368 380/652/361 404/707/390 403/700/387
f 394/701/372 395/708/367 419/709/391 418/702/388
f 387/704/355 388/710/354 412/711/392 411/705/389
f 380/712/361 381/713/360 405/714/393 404/715/390
f 395/664/367 396/663/366 420/716/394 419/717/391
f 388/710/354 389/718/371 413/719/395 412/711/392
f 381/713/360 382/629/350 406/632/353 405/714/393
f 396/663/366 397/648/359 421/678/375 420/716/394
f 389/672/371 390/660/365 414/680/377 413/720/395
f 424/721/396 425/722/397 427/723/398 426/724/399
f 426/724/399 427/723/398 429/725/400 428/726/401
f 428/726/401 429/725/400 431/727/402 430/728/403
f 430/729/403 431/730/402 433/731/404 432/732/405
f 432/733/405 433/734/404 435/735/406 434/736/407
f 434/736/407 435/735/406 437/737/408 436/738/409
f 436/738/409 437/737/408 439/739/410 438/740/411
f 438/740/411 439/739/410 441/741/412 440/742/413
f 440/742/413 441/741/412 443/743/414 442/744/415
f 442/745/415 443/746/414 445/747/416 444/748/417
f 444/749/417 445/750/416 447/751/418 446/752/419
f 446/752/419 447/751/418 449/753/420 448/754/421
f 448/754/421 449/753/420 451/755/422 450/756/423
f 450/756/423 451/755/422 453/757/424 452/758/425
f 452/758/425 453/757/424 455/759/426 454/760/427
f 454/761/427 455/762/426 457/763/428 456/764/429
f 456/765/429 457/766/428 459/767/430 458/768/431
f 458/768/431 459/767/430 461/769/432 460/770/433
f 460/770/433 461/769/432 463/771/434 462/772/435
f 462/772/435 463/771/434 465/773/436 464/774/437
f 464/774/437 465/773/436 467/775/438 466/776/439
f 466/777/439 467/778/438 469/779/440 468/780/441
f 468/781/441 469/782/440 471/783/442 470/784/443
f 470/784/443 471/783/442 425/722/397 424/721/396
f 426/785/399 428/786/401 474/787/444 473/788/445
f 478/789/446 479/790/447 503/791/448 502/792/449
f 436/793/409 438/794/411 479/795/447 478/796/446
f 446/797/419 448/798/421 484/799/450 483/800/451
f 456/801/429 458/802/431 489/803/452 488/804/453
f 466/805/439 468/806/441 494/807/454 493/808/455
f 432/809/405 434/810/407 477/811/456 476/812/457
f 442/813/415 444/814/417 482/815/458 481/816/459
f 452/817/425 454/818/427 487/819/460 486/820/461
f 462/821/435 464/822/437 492/823/462 491/824/463
f 428/786/401 430/825/403 475/826/464 474/787/444
f 438/794/411 440/827/413 480/828/465 479/795/447
f 424/829/396 426/785/399 473/788/445 472/830/466
f 448/798/421 450/831/423 485/832/467 484/799/450
f 458/802/431 460/833/433 490/834/468 489/803/452
f 468/806/441 470/835/443 495/836/469 494/807/454
f 434/810/407 436/793/409 478/796/446 477/811/456
f 444/814/417 446/797/419 483/800/451 482/815/458
f 454/818/427 456/801/429 488/804/453 487/819/460
f 464/822/437 466/805/439 493/808/455 492/823/462
f 430/825/403 432/809/405 476/812/457 475/826/464
f 440/827/413 442/813/415 481/816/459 480/828/465
f 450/831/423 452/817/425 486/820/461 485/832/467
f 460/833/433 462/821/435 491/824/463 490/834/468
f 470/835/443 424/829/396 472/830/466 495/836/469
f 493/808/455 494/807/454 518/837/470 517/838/471
f 486/839/461 487/840/460 511/841/472 510/842/473
f 479/790/447 480/843/465 504/844/474 503/791/448
f 494/845/454 495/846/469 519/847/475 518/848/470
f 472/849/466 473/850/445 497/851/476 496/852/477
f 487/819/460 488/804/453 512/853/478 511/854/472
f 480/843/465 481/855/459 505/856/479 504/844/474
f 495/846/469 472/849/466 496/852/477 519/847/475
f 473/850/445 474/857/444 498/858/480 497/851/476
f 488/859/453 489/860/452 513/861/481 512/862/478
f 481/816/459 482/815/458 506/863/482 505/864/479
f 474/787/444 475/826/464 499/865/483 498/866/480
f 489/860/452 490/867/468 514/868/484 513/861/481
f 482/869/458 483/870/451 507/871/485 506/872/482
f 475/826/464 476/812/457 500/873/486 499/865/483
f 490/867/468 491/874/463 515/875/487 514/868/484
f 483/870/451 484/876/450 508/877/488 507/871/485
f 476/878/457 477/879/456 501/880/489 500/881/486
f 491/874/463 492/882/462 516/883/490 515/875/487
f 484/876/450 485/884/467 509/885/491 508/877/488
f 477/879/456 478/789/446 502/792/449 501/880/489
f 492/882/462 493/886/455 517/887/471 516/883/490
f 485/884/467 486/839/461 510/842/473 509/885/491
f 537/888/492 569/889/493 554/890/494 1115/891/495
f 538/892/496 539/893/497 523/894/498 1116/895/499
f 1121/896/500 1122/897/501 1119/898/502 525/899/503
f 528/900/504 1121/901/500 525/902/503 526/903/505
f 529/904/506 528/900/504 526/903/505 527/905/507
f 531/906/508 530/907/509 528/900/504 529/904/506
f 530/907/509 1123/908/510 1121/901/500 528/900/504
f 1126/909/511 533/910/512 1125/911/513 1123/912/510
f 532/913/514 1126/914/511 1123/908/510 530/907/509
f 534/915/515 532/913/514 530/907/509 531/906/508
f 533/910/512 1127/916/516 1124/917/517 1125/911/513
f 1141/918/518 1140/919/519 1127/916/516 533/910/512
f 551/920/520 552/921/521 532/913/514 534/915/515
f 552/921/521 1142/922/522 1126/914/511 532/913/514
f 1142/923/522 1141/918/518 533/910/512 1126/909/511
f 549/924/523 1137/925/524 1128/926/525 535/927/526
f 550/928/527 549/929/523 535/930/526 536/931/528
f 1136/932/529 539/933/497 538/934/496 1133/935/530
f 1117/936/531 520/937/532 1131/938/533 1134/939/534
f 1134/939/534 1131/938/533 546/940/535 1135/941/536
f 1135/941/536 546/940/535 547/942/537 1136/932/529
f 522/943/538 545/944/539 1131/938/533 520/937/532
f 545/945/539 544/946/540 546/947/535 1131/948/533
f 544/946/540 543/949/541 547/950/537 546/947/535
f 521/951/542 542/952/543 545/945/539 522/953/538
f 542/952/543 541/954/544 544/946/540 545/945/539
f 541/954/544 540/955/545 543/949/541 544/946/540
f 580/956/546 570/957/547 571/958/548 581/959/549
f 524/960/550 1117/936/531 1134/939/534 548/961/551
f 548/961/551 1134/939/534 1135/941/536 1132/962/552
f 571/963/548 569/889/493 572/964/553 577/965/554
f 1117/936/531 524/960/550 1138/966/555 1139/967/556
f 521/951/542 522/953/538 549/929/523 550/928/527
f 522/943/538 520/937/532 1137/925/524 549/924/523
f 520/937/532 1117/936/531 1139/967/556 1137/925/524
f 535/930/526 1128/968/525 1142/922/522 552/921/521
f 536/931/528 535/930/526 552/921/521 551/920/520
f 537/969/492 1115/970/495 523/971/498 539/972/497
f 554/973/494 557/974/557 556/975/558
f 570/976/547 556/975/558 557/974/557 571/977/548
f 561/978/559 559/979/560 1102/980/561 1105/981/562
f 529/904/506 527/905/507 559/979/560 561/978/559
f 1106/982/563 1103/983/564 560/984/565 1104/985/566
f 1108/986/567 1106/982/563 1104/985/566 563/987/568
f 531/906/508 529/904/506 561/978/559 562/988/569
f 562/988/569 561/978/559 1105/981/562 1107/989/570
f 1109/990/571 1107/989/570 1108/991/567 565/992/572
f 564/993/573 562/988/569 1107/989/570 1109/990/571
f 534/915/515 531/906/508 562/988/569 564/993/573
f 565/994/572 1108/986/567 563/987/568 1110/995/574
f 586/996/575 565/994/572 1110/995/574 1114/997/576
f 551/920/520 534/915/515 564/993/573 587/998/577
f 587/998/577 564/993/573 1109/990/571 588/999/578
f 588/999/578 1109/990/571 565/992/572 586/1000/575
f 583/1001/579 567/1002/580 1111/1003/581 585/1004/582
f 582/1005/583 566/1006/584 567/1007/580 583/1008/579
f 550/928/527 536/931/528 566/1006/584 582/1005/583
f 585/1004/582 1111/1003/581 568/1009/585 584/1010/586
f 539/933/497 1136/932/529 547/942/537
f 537/888/492 543/949/541 540/955/545
f 558/1011/587 1112/1012/588 575/1013/589 553/1014/590
f 1112/1012/588 1113/1015/591 576/1016/592 575/1013/589
f 1113/1017/591 581/1018/549 577/965/554 576/1019/592
f 555/1020/593 553/1021/590 575/1022/589 574/1023/594
f 574/1023/594 575/1022/589 576/1019/592 573/1024/595
f 573/1024/595 576/1019/592 577/965/554 572/964/553
f 521/951/542 555/1020/593 574/1023/594 542/952/543
f 542/952/543 574/1023/594 573/1024/595 541/954/544
f 541/954/544 573/1024/595 572/964/553 540/955/545
f 1101/1025/596 578/1026/597 1112/1012/588 558/1011/587
f 578/1026/597 579/1027/598 1113/1015/591 1112/1012/588
f 579/1027/598 580/956/546 581/959/549 1113/1015/591
f 558/1011/587 585/1004/582 584/1010/586 1101/1025/596
f 521/951/542 550/928/527 582/1005/583 555/1020/593
f 555/1020/593 582/1005/583 583/1008/579 553/1021/590
f 553/1014/590 583/1001/579 585/1004/582 558/1011/587
f 567/1007/580 588/999/578 586/1000/575 1111/1028/581
f 566/1006/584 587/998/577 588/999/578 567/1007/580
f 536/931/528 551/920/520 587/998/577 566/1006/584
f 1111/1003/581 586/996/575 1114/997/576 568/1009/585
f 569/889/493 571/963/548 557/1029/557 554/890/494
f 537/888/492 539/1030/497 547/950/537 543/949/541
f 581/1018/549 571/963/548 577/965/554
f 728/1031/599 679/1032/600 590/1033/601 716/1034/602
f 867/1035/603 593/1036/604 591/1037/605 868/1038/606
f 725/1039/607 716/1034/602 590/1033/601 670/1040/608
f 870/1041/609 872/1042/610 893/1043/611 894/1044/612
f 593/1036/604 597/1045/613 596/1046/614 591/1037/605
f 612/1047/63 606/1048/615 609/1049/616 611/1050/56
f 592/1051/617 595/1052/618 598/1053/619 594/1054/620
f 703/1055/621 702/1056/622 674/1057/623 683/1058/624
f 136/29/29 719/1059/625 601/1060/131 6/30/30
f 11/33/33 603/1061/626 602/1062/627 7/34/34
f 684/1063/628 734/1064/629 731/1065/630 675/1066/631
f 700/1067/632 699/1068/633 675/1069/631 676/1070/634
f 699/1071/633 704/1072/635 684/1073/628 675/1074/631
f 135/47/45 718/1075/636 603/1061/626 11/33/33
f 722/1076/637 852/1077/638 843/1078/639
f 623/1079/640 625/1080/641 609/1081/616 606/1082/615
f 614/1083/53 657/1084/54 629/1085/55 615/1086/52
f 610/1087/18 611/1050/56 640/1088/57 644/1089/58
f 617/1090/62 608/1091/642 607/1092/643 614/1083/53
f 597/1045/613 616/1093/59 615/1086/52 596/1046/614
f 610/1087/18 613/1094/17 612/1047/63 611/1050/56
f 609/1049/616 641/1095/91 640/1088/57 611/1050/56
f 608/1096/642 639/1097/89 638/1098/85 626/1099/644
f 619/1100/645 659/1101/646 658/1102/647 618/1103/648
f 595/1052/618 630/1104/81 631/1105/82 613/1094/17
f 596/1106/614 634/1107/87 635/1108/649 620/1109/650
f 595/1052/618 613/1094/17 610/1087/18 598/1053/619
f 616/1093/59 645/1110/77 642/1111/78 617/1090/62
f 623/1079/640 624/1112/651 626/1099/644 625/1080/641
f 618/1103/648 658/1102/647 630/1113/81 595/1114/618
f 606/1082/615 628/1115/73 660/1116/652 623/1079/640
f 612/1047/63 627/1117/72 628/1118/73 606/1048/615
f 621/1119/653 649/1120/90 636/1121/66 622/1122/654
f 624/1123/651 633/1124/655 632/1125/76 607/1092/643
f 607/1092/643 632/1125/76 657/1084/54 614/1083/53
f 612/1047/63 613/1094/17 631/1105/82 627/1117/72
f 597/1045/613 637/1126/67 645/1110/77 616/1093/59
f 625/1080/641 626/1099/644 638/1098/85 650/1127/86
f 623/1079/640 660/1116/652 633/1128/655 624/1112/651
f 610/1087/18 644/1089/58 643/1129/64 598/1053/619
f 622/1122/654 636/1121/66 637/1130/67 597/1131/613
f 598/1132/619 643/1133/64 649/1120/90 621/1119/653
f 617/1090/62 642/1111/78 639/1134/89 608/1091/642
f 625/1080/641 650/1127/86 641/1135/91 609/1081/616
f 620/1109/650 635/1108/649 659/1101/646 619/1100/645
f 615/1086/52 629/1085/55 634/1136/87 596/1046/614
f 607/1137/643 608/1096/642 626/1099/644 624/1112/651
f 650/1138/86 638/1139/85 786/1140/101 798/1141/102
f 793/1142/95 805/1143/57 648/1144/58 790/1145/94
f 644/1146/58 792/1147/99 791/1148/100 643/1149/64
f 645/1150/77 793/1151/95 790/1152/94 642/1153/78
f 642/1153/78 790/1152/94 787/1154/103 639/1155/89
f 641/1156/91 789/1157/96 788/1158/97 640/1159/57
f 649/1160/90 797/1161/92 784/1162/93 636/1163/66
f 650/1138/86 798/1141/102 789/1157/96 641/1156/91
f 639/1155/89 787/1154/103 786/1140/101 638/1139/85
f 640/1159/57 788/1158/97 792/1147/99 644/1146/58
f 636/1163/66 784/1162/93 785/1164/98 637/1165/67
f 637/1165/67 785/1164/98 793/1151/95 645/1150/77
f 643/1149/64 791/1148/100 797/1161/92 649/1160/90
f 718/1075/636 720/1166/656 664/1167/657 603/1061/626
f 720/1166/656 721/1168/658 665/1169/659 664/1167/657
f 721/1168/658 722/1170/637 666/1171/660 665/1169/659
f 702/1056/622 701/1172/661 673/1173/662 674/1057/623
f 704/1072/635 703/1174/621 683/1175/624 684/1073/628
f 685/1176/663 735/1177/127 736/1178/664 686/1179/665
f 675/1066/631 731/1065/630 732/1180/666 676/1181/634
f 719/1059/625 723/1182/667 672/1183/668 601/1060/131
f 723/1182/667 724/1184/669 671/1185/670 672/1183/668
f 724/1184/669 725/1186/607 670/1187/608 671/1185/670
f 676/1181/634 732/1180/666 735/1177/127 685/1176/663
f 674/1188/623 730/1189/671 733/1190/672 683/1191/624
f 683/1191/624 733/1190/672 734/1064/629 684/1063/628
f 673/1192/662 729/1193/673 730/1189/671 674/1188/623
f 706/1194/674 705/1195/675 685/1196/663 686/1197/665
f 109/1198/183 110/1199/198 149/1200/121 114/1201/184
f 705/1202/675 700/1067/632 676/1070/634 685/1203/663
f 717/1204/676 589/1205/677 677/1206/678 726/1207/679
f 726/1208/679 677/1209/678 678/1210/680 727/1211/681
f 727/1211/681 678/1210/680 679/1032/600 728/1031/599
f 705/1195/675 713/1212/682 707/1213/683
f 87/10/10 126/200/148 116/44/43 2/3/3
f 704/1072/635 679/1032/600 678/1210/680
f 706/1194/674 715/1214/684 714/1215/685
f 80/207/153 1/225/135 119/146/28 129/206/152
f 682/1216/686 715/1214/684 708/1217/687 599/1218/688
f 672/1183/668 710/1219/689 707/1220/683 601/1060/131
f 670/1187/608 709/1221/690 671/1185/670
f 671/1185/670 709/1221/690 710/1219/689 672/1183/668
f 599/1222/688 708/1223/687 711/1224/691 661/1225/692
f 661/1225/692 711/1224/691 712/1226/693 662/1227/694
f 662/1227/694 712/1226/693 663/1228/695
f 601/1229/131 707/1213/683 713/1212/682 680/1230/129
f 680/1230/129 713/1212/682 714/1215/685 681/1231/130
f 681/1231/130 714/1215/685 715/1214/684 682/1216/686
f 687/1232/696 840/1233/697 839/1234/698 604/1235/699
f 604/1236/699 839/1237/698 842/1238/700 716/1239/602
f 668/1240/701 669/1241/702 725/1186/607 724/1184/669
f 667/1242/703 668/1240/701 724/1184/669 723/1182/667
f 662/1227/694 663/1228/695 722/1170/637 721/1168/658
f 661/1225/692 662/1227/694 721/1168/658 720/1166/656
f 599/1222/688 661/1225/692 720/1166/656 718/1075/636
f 663/1228/695 589/1205/677 717/1204/676 722/1170/637
f 5/226/166 599/1222/688 718/1075/636 135/47/45
f 669/1243/702 604/1244/699 716/1034/602 725/1039/607
f 844/1245/704 848/1246/705 851/1247/706 845/1248/707
f 783/1249/708 778/1250/709 777/1251/710
f 691/1252/711 744/1253/712 745/1254/713 690/1255/714
f 696/1256/715 739/1257/716 744/1253/712 691/1252/711
f 748/1258/717 764/1259/718 765/1260/719 749/1261/720
f 747/1262/721 763/1263/722 764/1259/718 748/1258/717
f 692/1264/723 743/1265/724 738/1266/725 697/1267/726
f 697/1267/726 738/1266/725 763/1263/722 747/1262/721
f 749/1261/720 765/1260/719 739/1257/716 696/1256/715
f 746/1268/727 762/1269/728 740/1270/729 695/1271/128
f 751/1272/126 767/1273/730 768/1274/731 752/1275/732
f 752/1275/732 768/1274/731 737/1276/733 698/1277/734
f 694/1278/735 741/1279/736 742/1280/737 693/1281/738
f 750/1282/125 766/1283/739 767/1273/730 751/1272/126
f 698/1277/734 737/1276/733 741/1279/736 694/1278/735
f 690/1255/714 745/1254/713 762/1269/728 746/1268/727
f 693/1281/738 742/1280/737 743/1265/724 692/1264/723
f 695/1271/128 740/1270/729 766/1283/739 750/1282/125
f 738/1284/725 760/1285/740 773/1286/741 763/1287/722
f 743/1288/724 755/1289/742 760/1290/740 738/1291/725
f 739/1292/716 759/1293/743 754/1294/744 744/1295/712
f 767/1296/730 777/1251/710 778/1250/709 768/1297/731
f 742/1298/737 756/1299/745 755/1289/742 743/1288/724
f 766/1300/739 776/1301/746 777/1251/710 767/1296/730
f 745/1302/713 753/1303/747 772/1304/748 762/1305/728
f 741/1306/736 757/1307/749 756/1299/745 742/1298/737
f 740/1308/729 758/1309/750 776/1301/746 766/1300/739
f 744/1295/712 754/1294/744 753/1303/747 745/1302/713
f 737/1310/733 761/1311/751 757/1307/749 741/1306/736
f 764/1312/718 774/1313/752 775/1314/753 765/1315/719
f 762/1305/728 772/1304/748 758/1316/750 740/1317/729
f 768/1297/731 778/1250/709 761/1318/751 737/1319/733
f 763/1287/722 773/1286/741 774/1313/752 764/1312/718
f 765/1315/719 775/1314/753 759/1320/743 739/1321/716
f 194/295/217 178/302/207 200/1322/754 193/296/218
f 652/1323/77 800/1324/95 804/1325/94 646/1326/78
f 789/1327/96 651/1328/67 652/1329/77 788/1330/97
f 797/1331/92 809/1332/85 656/1333/86 784/1334/93
f 798/1335/102 810/1336/66 651/1337/67 789/1338/96
f 787/1339/103 653/1340/64 654/1341/90 786/1342/101
f 792/1343/99 788/1330/97 652/1329/77 646/1344/78
f 784/1334/93 656/1333/86 655/1345/91 785/1346/98
f 785/1347/98 655/1348/91 805/1143/57 793/1142/95
f 786/1342/101 654/1341/90 810/1336/66 798/1335/102
f 791/1349/100 647/1350/89 809/1332/85 797/1331/92
f 792/1343/99 646/1344/78 647/1351/89 791/1352/100
f 790/1145/94 648/1144/58 653/1353/64 787/1354/103
f 648/1355/58 802/1356/99 799/1357/100 653/1358/64
f 822/1359/93 796/1360/92 814/1361/226 831/1362/227
f 810/1363/66 654/1364/90 796/1365/92 822/1366/93
f 646/1326/78 804/1325/94 803/1367/103 647/1368/89
f 647/1368/89 803/1367/103 821/1369/101 809/1370/85
f 655/1371/91 795/1372/96 817/1373/97 805/1374/57
f 805/1374/57 817/1373/97 802/1356/99 648/1355/58
f 656/1375/86 794/1376/102 795/1372/96 655/1371/91
f 653/1358/64 799/1357/100 796/1365/92 654/1364/90
f 809/1370/85 821/1369/101 794/1376/102 656/1375/86
f 810/1363/66 822/1366/93 801/1377/98 651/1378/67
f 651/1378/67 801/1377/98 800/1324/95 652/1323/77
f 795/1379/96 815/1380/232 829/1381/225 817/1382/97
f 804/1383/94 800/1384/95 812/1385/223 806/1386/224
f 817/1382/97 829/1381/225 808/1387/221 802/1388/99
f 821/1389/101 830/1390/219 816/1391/220 794/1392/102
f 822/1359/93 831/1362/227 811/1393/229 801/1394/98
f 804/1383/94 806/1386/224 807/1395/228 803/1396/103
f 829/1381/225 832/1397/755 826/1398/756 808/1387/221
f 801/1399/98 811/1400/229 812/1385/223 800/1384/95
f 802/1388/99 808/1387/221 813/1401/222 799/1402/100
f 799/1403/100 813/1404/222 814/1361/226 796/1360/92
f 803/1405/103 807/1406/228 830/1390/219 821/1389/101
f 794/1392/102 816/1391/220 815/1407/232 795/1408/96
f 813/1404/222 823/1409/757 820/1410/758 814/1361/226
f 686/1179/665 736/1178/664 729/1193/673 673/1192/662
f 830/1390/219 833/1411/759 818/1412/760 816/1391/220
f 811/1400/229 825/1413/761 824/1414/762 812/1385/223
f 831/1362/227 834/1415/763 825/1416/761 811/1393/229
f 808/1387/221 826/1398/756 823/1417/757 813/1401/222
f 812/1385/223 824/1414/762 828/1418/764 806/1386/224
f 814/1361/226 820/1410/758 834/1415/763 831/1362/227
f 806/1386/224 828/1418/764 827/1419/765 807/1395/228
f 807/1406/228 827/1420/765 833/1411/759 830/1390/219
f 815/1380/232 819/1421/766 832/1397/755 829/1381/225
f 816/1391/220 818/1412/760 819/1422/766 815/1407/232
f 843/1423/639 837/1424/767 836/1425/768 835/1426/769
f 841/1427/770 845/1428/707 846/1429/771 840/1430/697
f 838/1431/772 844/1432/704 845/1428/707 841/1427/770
f 836/1425/768 837/1424/767 844/1433/704 838/1434/772
f 840/1430/697 846/1429/771 842/1435/700 839/1436/698
f 605/1437/773 836/1438/768 838/1439/772 689/1440/774
f 722/1170/637 843/1423/639 835/1426/769 666/1171/660
f 688/1441/775 841/1442/770 840/1233/697 687/1232/696
f 666/1443/660 835/1444/769 836/1438/768 605/1437/773
f 846/1445/771 850/1446/776 847/1447/777 842/1448/700
f 689/1440/774 838/1439/772 841/1442/770 688/1441/775
f 717/1449/676 857/1450/778 861/1451/779 722/1452/637
f 848/1453/705 855/1454/780 863/1455/781 851/1456/706
f 850/1457/776 862/1458/782 854/1459/783 847/1460/777
f 726/1461/679 856/1462/784 857/1450/778 717/1449/676
f 851/1456/706 863/1455/781 862/1458/782 850/1457/776
f 837/1463/767 849/1464/785 848/1246/705 844/1245/704
f 842/1448/700 847/1447/777 716/1465/602
f 843/1078/639 852/1077/638 849/1464/785 837/1463/767
f 845/1248/707 851/1247/706 850/1446/776 846/1445/771
f 722/1466/637 861/1467/779 864/1468/786 852/1469/638
f 728/1031/599 859/1470/787 860/1471/788 727/1211/681
f 849/1472/785 858/1473/789 855/1474/780 848/1475/705
f 847/1476/777 854/1477/783 853/1478/790 716/1479/602
f 716/1034/602 853/1480/790 859/1470/787 728/1031/599
f 727/1211/681 860/1471/788 856/1481/784 726/1208/679
f 852/1469/638 864/1468/786 858/1473/789 849/1472/785
f 600/1482/791 865/1483/792 866/1484/793 667/1242/703
f 603/1061/626 867/1035/603 868/1038/606 602/1062/627
f 865/1485/792 872/1486/610 870/1487/609 866/1488/793
f 592/1489/617 886/1490/794 885/1491/795 865/1492/792
f 594/1493/620 869/1494/796 871/1495/797 592/1496/617
f 875/1497/798 879/1498/799 877/1499/800 873/1500/801
f 866/1501/793 873/1502/801 874/1503/802 594/1504/620
f 870/1487/609 875/1505/798 873/1506/801 866/1488/793
f 594/1493/620 874/1507/802 876/1508/803 869/1494/796
f 878/1509/804 882/1510/798 884/1511/801 880/1512/805
f 876/1513/803 880/1514/805 879/1498/799 875/1497/798
f 874/1515/802 878/1516/804 880/1514/805 876/1513/803
f 873/1500/801 877/1499/800 878/1516/804 874/1515/802
f 881/1517/803 883/1518/802 884/1519/801 882/1520/798
f 877/1521/800 881/1522/803 882/1523/798 878/1524/804
f 879/1525/799 883/1526/802 881/1527/803 877/1528/800
f 880/1529/805 884/1530/801 883/1531/802 879/1532/799
f 885/1533/795 889/1534/797 891/1535/806 887/1536/807
f 871/1537/797 888/1538/808 886/1490/794 592/1489/617
f 865/1492/792 885/1491/795 887/1539/807 872/1540/610
f 890/1541/610 892/1542/809 891/1543/806 889/1544/797
f 887/1545/807 891/1546/806 892/1547/809 888/1548/808
f 888/1549/808 892/1550/809 890/1551/610 886/1552/794
f 886/1553/794 890/1554/610 889/1555/797 885/1556/795
f 898/1557/810 899/1558/811 904/1559/812 903/1560/813
f 895/1561/141 871/1562/797 869/1563/796 896/1564/138
f 895/1565/141 899/1566/811 898/1567/810 893/1568/611
f 894/1569/612 897/1570/814 900/1571/139 896/1572/138
f 908/1573/815 906/1574/816 905/1575/817 907/1576/818
f 902/1577/140 900/1578/139 897/1579/814 901/1580/819
f 902/192/140 906/1581/816 908/1582/815 904/1583/812
f 901/1580/819 905/1575/817 906/1574/816 902/1577/140
f 904/1584/812 908/1585/815 907/1586/818 903/1587/813
f 903/1588/813 907/1589/818 905/1590/817 901/1591/819
f 701/1172/661 711/1224/691 708/1223/687
f 614/1083/53 615/1086/52 616/1093/59 617/1090/62
f 701/1592/661 706/1194/674 686/1197/665 673/1593/662
f 909/1594/325 911/1595/323 912/1596/322 910/1597/324
f 911/1595/323 913/1598/321 914/1599/320 912/1596/322
f 913/1598/321 915/1600/820 916/1601/821 914/1599/320
f 915/1600/820 917/1602/317 918/1603/316 916/1601/821
f 917/1602/317 919/1604/315 920/1605/314 918/1603/316
f 919/1604/315 921/1606/313 922/1607/312 920/1605/314
f 921/1606/313 923/1608/311 924/1609/310 922/1607/312
f 923/1608/311 925/1610/309 926/1611/308 924/1609/310
f 925/1610/309 927/1612/822 928/1613/823 926/1611/308
f 927/1612/822 929/1614/305 930/1615/304 928/1613/823
f 929/1614/305 931/1616/303 932/1617/302 930/1615/304
f 931/1616/303 933/1618/300 934/1619/301 932/1617/302
f 933/1618/300 935/1620/347 936/1621/346 934/1619/301
f 935/1620/347 937/1622/345 938/1623/344 936/1621/346
f 937/1622/345 939/1624/824 940/1625/342 938/1623/344
f 939/1624/824 941/1626/341 942/1627/340 940/1625/342
f 941/1626/341 943/1628/339 944/1629/338 942/1627/340
f 943/1628/339 945/1630/337 946/1631/336 944/1629/338
f 945/1630/337 947/1632/335 948/1633/334 946/1631/336
f 947/1632/335 949/1634/333 950/1635/332 948/1633/334
f 949/1634/333 951/1636/331 952/1637/330 950/1635/332
f 951/1636/331 953/1638/329 954/1639/328 952/1637/330
f 953/1638/329 955/1640/327 956/1641/326 954/1639/328
f 955/1640/327 909/1594/325 910/1597/324 956/1641/326
f 911/1642/323 958/1643/355 959/1644/362 913/1645/321
f 963/1646/350 987/1647/353 988/1648/393 964/1649/360
f 921/1650/313 963/1651/350 964/1652/360 923/1653/311
f 931/1654/303 968/1655/349 969/1656/370 933/1657/300
f 941/1658/341 973/1659/366 974/1660/825 943/1661/339
f 951/1662/331 978/1663/364 979/1664/365 953/1665/329
f 917/1666/317 961/1667/369 962/1668/351 919/1669/315
f 927/1670/822 966/1671/368 967/1672/348 929/1673/305
f 937/1674/345 971/1675/358 972/1676/359 939/1677/824
f 947/1678/335 976/1679/356 977/1680/357 949/1681/333
f 913/1645/321 959/1644/362 960/1682/363 915/1683/820
f 923/1653/311 964/1652/360 965/1684/361 925/1685/309
f 909/1686/325 957/1687/354 958/1643/355 911/1642/323
f 933/1657/300 969/1656/370 970/1688/373 935/1689/347
f 943/1661/339 974/1660/825 975/1690/372 945/1691/337
f 953/1665/329 979/1664/365 980/1692/371 955/1693/327
f 919/1669/315 962/1668/351 963/1651/350 921/1650/313
f 929/1673/305 967/1672/348 968/1655/349 931/1654/303
f 939/1677/824 972/1676/359 973/1659/366 941/1658/341
f 949/1681/333 977/1680/357 978/1663/364 951/1662/331
f 915/1683/820 960/1682/363 961/1667/369 917/1666/317
f 925/1685/309 965/1684/361 966/1671/368 927/1670/822
f 935/1689/347 970/1688/373 971/1675/358 937/1674/345
f 945/1691/337 975/1690/372 976/1679/356 947/1678/335
f 955/1693/327 980/1692/371 957/1687/354 909/1686/325
f 978/1663/364 1002/1694/376 1003/1695/377 979/1664/365
f 971/1675/358 995/1696/374 996/1697/375 972/1676/359
f 964/1649/360 988/1648/393 989/1698/390 965/1699/361
f 979/1664/365 1003/1695/377 1004/1700/395 980/1692/371
f 957/1701/354 981/1702/826 982/1703/389 958/1704/355
f 972/1676/359 996/1697/375 997/1705/394 973/1659/366
f 965/1684/361 989/1706/390 990/1707/387 966/1671/368
f 980/1708/371 1004/1709/395 981/1702/826 957/1701/354
f 958/1704/355 982/1703/389 983/1710/827 959/1711/362
f 973/1659/366 997/1705/394 998/1712/391 974/1660/825
f 966/1671/368 990/1707/387 991/1713/828 967/1672/348
f 959/1644/362 983/1714/827 984/1715/383 960/1682/363
f 974/1716/825 998/1717/391 999/1718/388 975/1719/372
f 967/1672/348 991/1713/828 992/1720/380 968/1655/349
f 960/1682/363 984/1715/383 985/1721/378 961/1667/369
f 975/1719/372 999/1718/388 1000/1722/385 976/1723/356
f 968/1724/349 992/1725/380 993/1726/829 969/1727/370
f 961/1667/369 985/1721/378 986/1728/352 962/1668/351
f 976/1723/356 1000/1722/385 1001/1729/382 977/1730/357
f 969/1727/370 993/1726/829 994/1731/379 970/1732/373
f 962/1733/351 986/1734/352 987/1647/353 963/1646/350
f 977/1680/357 1001/1735/382 1002/1694/376 978/1663/364
f 970/1732/373 994/1731/379 995/1736/374 971/1737/358
f 1005/1738/421 1007/1739/419 1008/1740/418 1006/1741/420
f 1007/1739/419 1009/1742/417 1010/1743/416 1008/1740/418
f 1009/1744/417 1011/1745/415 1012/1746/414 1010/1747/416
f 1011/1748/415 1013/1749/413 1014/1750/412 1012/1751/414
f 1013/1749/413 1015/1752/411 1016/1753/830 1014/1750/412
f 1015/1752/411 1017/1754/409 1018/1755/408 1016/1753/830
f 1017/1754/409 1019/1756/407 1020/1757/831 1018/1755/408
f 1019/1756/407 1021/1758/405 1022/1759/404 1020/1757/831
f 1021/1760/405 1023/1761/403 1024/1762/402 1022/1763/404
f 1023/1764/403 1025/1765/401 1026/1766/400 1024/1767/402
f 1025/1765/401 1027/1768/399 1028/1769/398 1026/1766/400
f 1027/1768/399 1029/1770/396 1030/1771/397 1028/1769/398
f 1029/1770/396 1031/1772/443 1032/1773/442 1030/1771/397
f 1031/1772/443 1033/1774/441 1034/1775/440 1032/1773/442
f 1033/1776/441 1035/1777/439 1036/1778/438 1034/1779/440
f 1035/1780/439 1037/1781/437 1038/1782/436 1036/1783/438
f 1037/1781/437 1039/1784/435 1040/1785/434 1038/1782/436
f 1039/1784/435 1041/1786/433 1042/1787/432 1040/1785/434
f 1041/1786/433 1043/1788/431 1044/1789/430 1042/1787/432
f 1043/1788/431 1045/1790/429 1046/1791/428 1044/1789/430
f 1045/1792/429 1047/1793/427 1048/1794/426 1046/1795/428
f 1047/1796/427 1049/1797/425 1050/1798/424 1048/1799/426
f 1049/1797/425 1051/1800/423 1052/1801/422 1050/1798/424
f 1051/1800/423 1005/1738/421 1006/1741/420 1052/1801/422
f 1007/1802/419 1054/1803/451 1055/1804/458 1009/1805/417
f 1059/1806/446 1083/1807/449 1084/1808/489 1060/1809/456
f 1017/1810/409 1059/1811/446 1060/1812/456 1019/1813/407
f 1027/1814/399 1064/1815/445 1065/1816/466 1029/1817/396
f 1037/1818/437 1069/1819/462 1070/1820/463 1039/1821/435
f 1047/1822/427 1074/1823/460 1075/1824/461 1049/1825/425
f 1013/1826/413 1057/1827/465 1058/1828/447 1015/1829/411
f 1023/1830/403 1062/1831/464 1063/1832/444 1025/1833/401
f 1033/1834/441 1067/1835/454 1068/1836/455 1035/1837/439
f 1043/1838/431 1072/1839/452 1073/1840/453 1045/1841/429
f 1009/1805/417 1055/1804/458 1056/1842/459 1011/1843/415
f 1019/1813/407 1060/1812/456 1061/1844/457 1021/1845/405
f 1005/1846/421 1053/1847/450 1054/1803/451 1007/1802/419
f 1029/1817/396 1065/1816/466 1066/1848/469 1031/1849/443
f 1039/1821/435 1070/1820/463 1071/1850/468 1041/1851/433
f 1049/1825/425 1075/1824/461 1076/1852/467 1051/1853/423
f 1015/1829/411 1058/1828/447 1059/1811/446 1017/1810/409
f 1025/1833/401 1063/1832/444 1064/1815/445 1027/1814/399
f 1035/1837/439 1068/1836/455 1069/1819/462 1037/1818/437
f 1045/1841/429 1073/1840/453 1074/1823/460 1047/1822/427
f 1011/1843/415 1056/1842/459 1057/1827/465 1013/1826/413
f 1021/1845/405 1061/1844/457 1062/1831/464 1023/1830/403
f 1031/1849/443 1066/1848/469 1067/1835/454 1033/1834/441
f 1041/1851/433 1071/1850/468 1072/1839/452 1043/1838/431
f 1051/1853/423 1076/1852/467 1053/1847/450 1005/1846/421
f 1074/1854/460 1098/1855/472 1099/1856/473 1075/1857/461
f 1067/1835/454 1091/1858/470 1092/1859/471 1068/1836/455
f 1060/1809/456 1084/1808/489 1085/1860/486 1061/1861/457
f 1075/1857/461 1099/1856/473 1100/1862/491 1076/1863/467
f 1053/1864/450 1077/1865/488 1078/1866/485 1054/1867/451
f 1068/1868/455 1092/1869/471 1093/1870/490 1069/1871/462
f 1061/1844/457 1085/1872/486 1086/1873/483 1062/1831/464
f 1076/1863/467 1100/1862/491 1077/1865/488 1053/1864/450
f 1054/1867/451 1078/1866/485 1079/1874/482 1055/1875/458
f 1069/1871/462 1093/1870/490 1094/1876/487 1070/1877/463
f 1062/1831/464 1086/1873/483 1087/1878/480 1063/1832/444
f 1055/1804/458 1079/1879/482 1080/1880/479 1056/1842/459
f 1070/1877/463 1094/1876/487 1095/1881/484 1071/1882/468
f 1063/1883/444 1087/1884/480 1088/1885/476 1064/1886/445
f 1056/1887/459 1080/1888/479 1081/1889/474 1057/1890/465
f 1071/1882/468 1095/1881/484 1096/1891/481 1072/1892/452
f 1064/1886/445 1088/1885/476 1089/1893/477 1065/1894/466
f 1057/1890/465 1081/1889/474 1082/1895/448 1058/1896/447
f 1072/1892/452 1096/1891/481 1097/1897/832 1073/1898/453
f 1065/1894/466 1089/1893/477 1090/1899/475 1066/1900/469
f 1058/1896/447 1082/1895/448 1083/1807/449 1059/1806/446
f 1073/1840/453 1097/1901/832 1098/1902/472 1074/1823/460
f 1066/1900/469 1090/1899/475 1091/1903/470 1067/1904/454
f 1105/981/562 1102/980/561 1103/1905/564 1106/1906/563
f 1107/989/570 1105/981/562 1106/1906/563 1108/991/567
f 1122/897/501 1120/1907/833 1118/1908/834 1119/898/502
f 1125/911/513 1124/917/517 1120/1907/833 1122/897/501
f 1123/912/510 1125/911/513 1122/897/501 1121/896/500
f 1137/925/524 1139/967/556 1130/1909/835 1128/926/525
f 1139/967/556 1138/966/555 1129/1910/836 1130/1909/835
f 1132/962/552 1135/941/536 1136/932/529 1133/935/530
f 1128/926/525 1130/1909/835 1141/918/518 1142/923/522
f 1130/1909/835 1129/1910/836 1140/919/519 1141/918/518
f 572/964/553 569/889/493 537/888/492 540/955/545
f 904/1583/812 899/1911/811 895/193/141 902/192/140
f 867/1912/603 665/1913/659 666/1914/660 593/1915/604
f 593/1915/604 689/1916/774 622/1917/654 597/1918/613
f 39/1919/84 106/1920/250 9/1921/8 14/1922/16
f 628/1923/73 631/1924/82 629/1925/55 633/1926/655
f 106/1920/250 39/1919/84 105/1927/251
f 669/1928/702 668/1929/701 866/1930/793 594/1931/620
f 285/1932/268 84/1933/165 85/1934/163
f 681/179/130 682/1935/686 599/1936/688 5/1937/166
f 605/1938/773 689/1916/774 593/1915/604 666/1914/660
f 876/1939/803 875/1940/798 870/1041/609 869/1563/796
f 8/1941/837 667/1242/703 84/223/165 17/464/267
f 592/1489/617 865/1492/792 868/1942/606 591/1943/605
f 4/471/21 12/1944/24 35/1945/69
f 82/1946/106 286/1947/5 9/1921/8 83/1948/108
f 604/1949/699 669/1928/702 594/1931/620 687/1950/696
f 659/1951/646 635/1952/649 629/1925/55 658/1953/647
f 50/1954/88 49/1955/87 74/1956/55
f 433/731/404 429/1957/400 445/747/416 437/1958/408
f 51/1959/76 52/1960/75 76/1961/71
f 76/1961/71 75/1962/70 47/1963/73
f 313/1964/12 316/1965/293 320/572/299 312/1966/13
f 859/1967/787 862/1968/782 863/1969/781 860/1970/788
f 148/1971/122 111/1972/197 115/1973/195 155/1974/113
f 619/1975/645 618/1976/648 595/1977/618 592/1489/617
f 828/1978/764 818/1979/760 833/1980/759 827/1981/765
f 700/1067/632 705/1202/675 707/1220/683 710/1219/689
f 124/211/146 130/210/155 122/171/124
f 704/1072/635 699/1071/633 590/1033/601 679/1032/600
f 320/572/299 322/571/287 317/1982/286 312/1966/13
f 705/1195/675 706/1194/674 714/1215/685 713/1212/682
f 84/223/165 667/1242/703 719/1059/625 136/29/29
f 131/213/157 132/197/145 123/168/123
f 1127/1983/516 1110/1984/574 563/1985/568 1124/1986/517
f 1090/1987/475 1086/1873/483 1078/1988/485 1094/1989/487
f 703/1055/621 677/1206/678 589/1205/677 702/1056/622
f 751/173/126 752/1990/732 736/1991/664 735/174/127
f 201/1992/838 195/282/211 196/278/209
f 782/1993/839 783/1249/708 777/1251/710 776/1301/746
f 108/1994/171 150/1995/39 107/1996/172
f 148/1971/122 149/1200/121 110/1199/198 111/1972/197
f 748/1997/717 749/1998/720 696/1999/715 734/2000/629
f 696/1999/715 691/2001/711 731/2002/630 734/2000/629
f 711/1224/691 701/1172/661 702/1056/622 712/1226/693
f 693/2003/738 692/2004/723 697/2005/726 730/2006/671
f 697/2005/726 747/2007/721 733/2008/672 730/2006/671
f 729/2009/673 694/2010/735 693/2003/738 730/2006/671
f 171/2011/192 155/2012/113 115/2013/195
f 698/2014/734 694/2015/735 729/2016/673 736/1991/664
f 191/285/212 177/298/215 198/2017/840
f 779/2018/841 772/1304/748 753/1303/747 771/2019/842
f 755/1289/742 756/1299/745 770/2020/843 760/1290/740
f 200/2021/754 178/274/207 173/273/206 190/2022/844
f 193/296/218 200/1322/754 199/2023/845 192/265/203
f 180/292/216 176/288/214 188/2024/846
f 190/2022/844 173/273/206 172/286/213
f 759/1320/743 781/2025/847 771/2026/842 754/2027/744
f 780/2028/848 781/2025/847 774/1313/752 773/1286/741
f 665/1913/659 867/1912/603 603/2029/626 664/2030/657
f 180/292/216 188/2024/846 202/2031/849 197/2032/208
f 198/2033/840 177/290/215 195/282/211 201/1992/838
f 580/2034/546 579/2035/598 1132/2036/552 1133/2037/530
f 779/2038/841 771/2039/842 781/2040/847 782/2041/839
f 770/2042/843 769/2043/850 783/2044/708 780/2045/848
f 826/2046/756 832/2047/755 819/2048/766 818/1979/760
f 245/2049/230 242/2050/234 239/2051/233
f 824/2052/762 826/2046/756 818/1979/760 828/1978/764
f 820/2053/758 826/2046/756 824/2052/762 834/2054/763
f 253/2055/239 244/2056/238 243/2057/237
f 538/2058/496 1116/2059/499 556/2060/558 570/2061/547
f 858/2062/789 857/2063/778 856/2064/784 855/2065/780
f 855/2065/780 856/2064/784 860/1970/788 863/1969/781
f 315/544/291 313/12/12 289/11/11 288/545/273
f 329/578/301 373/621/344 367/615/338 365/613/336
f 783/2044/708 782/2041/839 781/2040/847 780/2045/848
f 870/1041/609 894/1044/612 896/1564/138 869/1563/796
f 306/522/282 291/521/14 312/548/13
f 895/1565/141 893/1568/611 887/1539/807 888/1538/808
f 314/547/290 290/519/272 307/520/284
f 253/2055/239 243/2057/237 245/2049/230 239/2051/233
f 138/32/32 142/159/117 84/223/165 136/29/29
f 901/1591/819 893/2066/611 898/2067/810 903/1588/813
f 901/1591/819 897/2068/814 894/2069/612 893/2066/611
f 602/2070/627 868/1942/606 865/1492/792 600/2071/791
f 333/581/304 331/579/302 329/578/301
f 329/578/301 375/623/346 373/621/344
f 465/2072/436 463/2073/434 469/779/440 467/778/438
f 1119/2074/502 1103/2075/564 527/2076/507 526/2077/505
f 500/873/486 501/2078/489 503/2079/448 499/865/483
f 361/609/332 359/607/330 357/605/328
f 357/605/328 355/603/326 353/601/324
f 353/601/324 351/599/322 349/597/320
f 349/597/320 347/595/318 345/593/316
f 345/593/316 343/591/314 341/589/312
f 948/1633/334 950/1635/332 942/1627/340 946/1631/336
f 337/585/308 335/583/306 333/581/304
f 619/1975/645 592/1489/617 591/1943/605 620/2080/650
f 413/720/395 415/679/376 407/682/352 411/2081/389
f 353/601/324 349/597/320 365/613/336 357/605/328
f 423/2082/379 400/2083/381 401/694/380
f 401/694/380 402/693/384 403/700/387
f 439/2084/410 437/1958/408 445/747/416 441/2085/412
f 405/2086/393 406/2087/353 407/682/352
f 1088/2088/476 1086/1873/483 1090/1987/475 1089/2089/477
f 409/692/383 410/699/386 411/2081/389
f 411/2081/389 412/2090/392 413/720/395
f 413/720/395 414/680/377 415/679/376
f 415/679/376 416/691/382 417/2091/385
f 990/1707/387 988/2092/393 987/2093/353 986/1728/352
f 419/717/391 420/716/394 421/678/375
f 926/1611/308 930/1615/304 932/1617/302 934/1619/301
f 345/593/316 341/589/312 333/581/304 349/597/320
f 914/1599/320 918/1603/316 926/1611/308 910/1597/324
f 934/1619/301 942/1627/340 910/1597/324 926/1611/308
f 1020/2094/831 1022/1763/404 1014/2095/412 1018/2096/408
f 425/2097/397 471/2098/442 469/779/440
f 307/520/284 306/522/282 312/548/13 314/547/290
f 864/2099/786 861/2100/779 857/2063/778 858/2062/789
f 1096/2101/481 1094/1989/487 1098/1902/472 1097/1901/832
f 457/763/428 455/762/426 453/2102/424
f 453/2102/424 451/2103/422 449/2104/420
f 1026/2105/400 1030/2106/397 1022/1763/404 1024/1762/402
f 445/747/416 443/746/414 441/2085/412
f 339/587/310 337/585/308 333/581/304 341/589/312
f 437/1958/408 435/2107/406 433/731/404
f 433/731/404 431/730/402 429/1957/400
f 1100/2108/491 1098/1902/472 1094/1989/487 1078/1988/485
f 1030/2106/397 1038/2109/436 1006/2110/420 1022/1763/404
f 519/2111/475 496/2112/477 497/2113/476
f 497/2113/476 498/866/480 499/865/483
f 404/707/390 405/2086/393 407/682/352 403/700/387
f 501/2078/489 502/2114/449 503/2079/448
f 1081/2115/474 1080/1880/479 1078/1988/485 1082/2116/448
f 505/864/479 506/863/482 507/2117/485
f 985/1721/378 984/1715/383 982/2118/389 986/1728/352
f 509/2119/491 510/2120/473 511/854/472
f 511/854/472 512/853/478 513/2121/481
f 513/2121/481 514/2122/484 515/2123/487
f 515/2123/487 516/2124/490 517/838/471
f 1091/1858/470 1090/1987/475 1094/1989/487 1092/1859/471
f 1050/2125/424 1006/2110/420 1038/2109/436 1046/1795/428
f 401/694/380 403/700/387 407/682/352 423/2082/379
f 986/1728/352 982/2118/389 998/1712/391 990/1707/387
f 48/2126/72 44/2127/82 50/1954/88 47/1963/73
f 1116/895/499 523/894/498 1115/2128/495
f 526/2077/505 525/2129/503 1119/2074/502
f 632/2130/76 633/1926/655 629/1925/55 657/2131/54
f 938/1623/344 942/1627/340 934/1619/301 936/1621/346
f 560/2132/565 1103/2075/564 1119/2074/502 1118/2133/834
f 155/2012/113 171/2011/192 170/2134/191 154/2135/114
f 715/1214/684 706/1194/674 701/1592/661 708/1217/687
f 579/2035/598 578/2136/597 548/2137/551 1132/2036/552
f 578/2136/597 1101/2138/596 524/2139/550 548/2137/551
f 1129/2140/836 568/2141/585 1114/2142/576 1140/2143/519
f 677/1209/678 703/1174/621 704/1072/635 678/1210/680
f 1101/2138/596 584/2144/586 1138/2145/555 524/2139/550
f 120/25/25 119/28/28 1/185/135 94/184/134
f 658/1953/647 629/1925/55 631/1924/82 630/2146/81
f 279/2147/263 275/2148/260 274/2149/257 282/2150/256
f 1114/2142/576 1110/1984/574 1127/1983/516 1140/2143/519
f 124/198/146 122/2151/124 117/41/41 127/199/147
f 668/1929/701 667/2152/703 866/1930/793
f 1116/895/499 1115/2128/495 554/973/494 556/975/558
f 10/2153/22 104/2154/158 38/2155/83 15/2156/23
f 21/2157/159 104/2154/158 10/2153/22 86/2158/164
f 104/2154/158 105/1927/251 39/1919/84 38/2155/83
f 365/613/336 349/597/320 333/581/304 329/578/301
f 76/1961/71 47/1963/73 50/1954/88 51/1959/76
f 81/2159/104 20/2160/36 286/1947/5 82/1946/106
f 9/1921/8 106/1920/250 22/2161/249 83/1948/108
f 689/1916/774 688/2162/775 622/1917/654
f 3/2163/7 287/2164/6 284/472/269 4/471/21
f 17/2165/267 19/2166/35 7/2167/34 8/2168/837
f 287/2164/6 19/2166/35 17/2165/267 284/472/269
f 591/1943/605 596/2169/614 620/2080/650
f 36/2170/68 3/2163/7 4/471/21 35/1945/69
f 3/2163/7 36/2170/68 37/2171/74 13/2172/15
f 633/1926/655 660/2173/652 628/1923/73
f 628/1923/73 627/2174/72 631/1924/82
f 46/2175/54 51/1959/76 50/1954/88 74/1956/55
f 175/280/210 174/270/205 179/269/204 189/2176/851
f 635/1952/649 634/2177/87 629/1925/55
f 77/2178/80 50/1954/88 44/2127/82 45/2179/81
f 621/2180/653 687/1950/696 594/1931/620 598/2181/619
f 151/2182/115 154/2135/114 112/2183/188 165/2184/187
f 99/2185/142 98/2186/156 5/1937/166 16/2187/143
f 98/2186/156 97/2188/154 18/2189/31 6/180/30
f 700/1067/632 710/1219/689 709/1221/690 699/1068/633
f 584/2144/586 568/2141/585 1129/2140/836 1138/2145/555
f 94/184/134 95/187/137 121/150/44 120/25/25
f 131/213/157 123/168/123 122/171/124 130/210/155
f 117/41/41 116/44/43 126/200/148 127/199/147
f 128/203/150 129/206/152 119/146/28 118/149/110
f 780/2190/848 773/2191/741 760/1290/740 770/2020/843
f 150/1995/39 108/1994/171 113/2192/175 153/2193/40
f 1120/2194/833 1104/2195/566 560/2196/565 1118/2197/834
f 151/2198/115 165/2199/187 107/1996/172 150/1995/39
f 731/2200/630 691/2201/711 690/2202/714
f 152/2203/120 166/2204/181 114/2205/184 149/2206/121
f 369/617/340 367/615/338 373/621/344 371/619/342
f 152/2203/120 153/2207/40 167/2208/177 166/2204/181
f 690/2202/714 746/2209/727 732/2210/666 731/2200/630
f 168/2211/178 167/2208/177 153/2207/40 113/2212/175
f 732/2210/666 746/2209/727 695/2213/128 735/2214/127
f 733/2215/672 747/2216/721 748/1997/717 734/2000/629
f 736/1991/664 752/1990/732 698/2014/734
f 770/2020/843 756/1299/745 757/1307/749 769/2217/850
f 758/1316/750 772/1304/748 779/2018/841
f 759/1320/743 775/1314/753 774/1313/752 781/2025/847
f 199/2023/845 189/2218/851 179/266/204 192/265/203
f 757/1307/749 761/1311/751 769/2217/850
f 758/1309/750 779/2219/841 782/1993/839 776/1301/746
f 753/1303/747 754/1294/744 771/2019/842
f 198/2017/840 190/2022/844 172/286/213 191/285/212
f 202/2220/849 201/1992/838 196/278/209 197/277/208
f 175/280/210 189/2176/851 188/2024/846 176/288/214
f 769/2221/850 761/1318/751 778/1250/709 783/1249/708
f 198/2222/840 201/2223/838 189/2224/851 199/2225/845
f 200/2226/754 190/2227/844 198/2222/840 199/2225/845
f 709/1221/690 670/1187/608 590/2228/601 699/1068/633
f 251/2229/231 252/2230/236 237/2231/235 238/2232/242
f 824/2052/762 825/2233/761 834/2054/763
f 1124/1986/517 563/1985/568 1104/2195/566 1120/2194/833
f 243/2057/237 247/2234/240 246/2235/241 252/2230/236
f 202/2236/849 188/2237/846 189/2224/851 201/2223/838
f 820/2053/758 823/2238/757 826/2046/756
f 273/2239/258 272/2240/266 278/2241/264 281/2242/259
f 281/2242/259 278/2241/264 279/2147/263 282/2150/256
f 2/3/3 116/44/43 121/46/44 96/4/4
f 285/1932/268 85/1934/163 86/2158/164 10/2153/22
f 283/2243/262 277/2244/265 276/2245/255 280/2246/254
f 276/2245/255 277/2244/265 274/2149/257 275/2148/260
f 289/11/11 294/2247/274 295/2248/279 288/545/273
f 893/1568/611 872/1540/610 887/1539/807
f 6/180/30 681/179/130 5/1937/166 98/2186/156
f 888/1538/808 871/1537/797 895/1565/141
f 315/2249/291 314/2250/290 321/563/298 319/2251/292
f 323/564/288 321/563/298 314/2250/290 318/2252/289
f 589/1205/677 663/1228/695 712/1226/693 702/1056/622
f 429/1957/400 469/779/440 463/2073/434 461/2253/432
f 132/2254/145 125/204/144 118/149/110 123/576/123
f 910/1597/324 912/1596/322 914/1599/320
f 914/1599/320 916/1601/821 918/1603/316
f 415/679/376 417/2091/385 418/2255/388 419/717/391
f 922/1607/312 924/1609/310 926/1611/308
f 926/1611/308 928/1613/823 930/1615/304
f 518/837/470 519/2111/475 515/2123/487 517/838/471
f 998/1712/391 996/1697/375 995/1696/374 994/2256/379
f 938/1623/344 940/1625/342 942/1627/340
f 942/1627/340 944/1629/338 946/1631/336
f 154/2135/114 170/2134/191 169/2257/201 112/2183/188
f 950/1635/332 952/1637/330 954/1639/328
f 954/1639/328 956/1641/326 910/1597/324
f 992/1720/380 990/1707/387 998/1712/391 994/2256/379
f 497/2113/476 499/865/483 503/2079/448 519/2111/475
f 687/1950/696 621/2180/653 622/1917/654 688/2162/775
f 920/1605/314 922/1607/312 926/1611/308 918/1603/316
f 1004/1700/395 1003/1695/377 1002/1694/376
f 1002/1694/376 1001/1735/382 1000/2258/385
f 1000/2258/385 999/2259/388 998/1712/391
f 998/1712/391 997/1705/394 996/1697/375
f 422/677/374 423/2082/379 419/717/391 421/678/375
f 994/2256/379 993/2260/829 992/1720/380
f 992/1720/380 991/1713/828 990/1707/387
f 990/1707/387 989/1706/390 988/2092/393
f 363/611/334 361/609/332 357/605/328 365/613/336
f 459/2261/430 457/763/428 453/2102/424 461/2253/432
f 984/1715/383 983/1714/827 982/2118/389
f 1084/2262/489 1082/2116/448 1078/1988/485 1086/1873/483
f 854/2263/783 862/1968/782 859/1967/787 853/2264/790
f 419/717/391 423/2082/379 407/682/352 415/679/376
f 1006/2110/420 1008/2265/418 1010/1747/416
f 1010/1747/416 1012/1746/414 1014/2095/412
f 1014/2095/412 1016/2266/830 1018/2096/408
f 509/2119/491 511/854/472 507/2117/485 508/2267/488
f 504/2268/474 505/864/479 507/2117/485 503/2079/448
f 1026/2105/400 1028/2269/398 1030/2106/397
f 1030/2106/397 1032/2270/442 1034/1779/440
f 425/2097/397 469/779/440 429/1957/400 427/2271/398
f 1004/1700/395 1002/1694/376 982/2118/389 981/2272/826
f 1042/2273/432 1044/2274/430 1046/1795/428
f 1046/1795/428 1048/1794/426 1050/2125/424
f 1050/2125/424 1052/2275/422 1006/2110/420
f 513/2121/481 515/2123/487 519/2111/475 511/854/472
f 1000/2258/385 998/1712/391 982/2118/389 1002/1694/376
f 507/2117/485 511/854/472 519/2111/475 503/2079/448
f 1078/1988/485 1077/2276/488 1100/2108/491
f 1100/2108/491 1099/2277/473 1098/1902/472
f 1040/2278/434 1042/2273/432 1046/1795/428 1038/2109/436
f 1096/2101/481 1095/2279/484 1094/1989/487
f 1094/1989/487 1093/2280/490 1092/1859/471
f 453/2102/424 449/2104/420 447/2281/418 445/747/416
f 1030/2106/397 1034/1779/440 1036/1778/438 1038/2109/436
f 1088/2088/476 1087/1878/480 1086/1873/483
f 1086/1873/483 1085/1872/486 1084/2262/489
f 1084/2262/489 1083/2282/449 1082/2116/448
f 408/681/378 409/692/383 411/2081/389 407/682/352
f 1080/1880/479 1079/1879/482 1078/1988/485
f 954/1639/328 910/1597/324 942/1627/340 950/1635/332
f 1010/1747/416 1014/2095/412 1022/1763/404 1006/2110/420
f 453/2102/424 445/747/416 429/1957/400 461/2253/432
f 8/1941/837 600/1482/791 667/1242/703
f 667/1242/703 723/1182/667 719/1059/625
f 580/2034/546 1133/2037/530 538/2058/496 570/2061/547
f 559/2283/560 527/2076/507 1103/2075/564 1102/2284/561
f 245/2049/230 243/2057/237 252/2230/236 251/2229/231
f 8/2168/837 7/2167/34 602/2070/627 600/2071/791
