# Blender 4.0.2
# www.blender.org
mtllib Fighter 232.mtl
o Fighter232
v -19.514505 2.961118 1.059990
v -20.216625 3.925330 1.102216
v 17.625652 3.004487 2.541988
v 18.069016 5.516000 2.700475
v -4.914615 0.914246 2.139455
v -5.719293 4.853354 2.703641
v -20.127369 1.624665 -0.000002
v -20.022205 3.881696 -0.000002
v 17.357449 0.279502 -0.000002
v 18.341150 5.563261 -0.000002
v -3.519682 5.747188 -0.000002
v -3.629286 0.125853 -0.000002
v 14.234993 3.361452 10.080708
v 14.134864 1.986147 9.873238
v -3.263875 1.061852 10.154049
v -3.153264 3.188440 10.865354
v -4.071335 2.560627 3.647271
v -3.393634 4.023720 8.135560
v -3.635256 4.700492 5.767485
v -4.723876 4.956228 4.253621
v 17.234415 3.901330 3.937140
v 16.901155 3.594133 5.196198
v 16.365339 3.203399 6.463417
v 15.436762 2.702746 8.009350
v 15.898129 4.293237 8.174405
v 16.925596 4.820360 6.759233
v 17.468277 5.191441 5.507652
v 17.832193 5.496108 4.200781
v -20.061045 2.963897 0.889178
v 18.198612 5.415194 1.469226
v -3.789585 5.488729 1.400596
v -3.842032 0.215267 1.353074
v -20.034176 3.879586 0.896675
v 17.359112 0.931587 1.490989
v -0.503385 0.701749 2.210176
v 3.201145 0.977096 2.255250
v 7.405272 1.459235 2.317171
v 10.486736 1.750978 2.364284
v 13.706244 2.140998 2.421753
v 16.102970 2.528880 2.474961
v 14.652381 5.097544 2.708502
v 12.199688 5.242000 2.699589
v 8.907717 5.696676 2.695187
v 5.803241 6.514850 2.695311
v 2.698768 6.248918 2.695435
v -0.670242 5.363589 2.709142
v -0.380797 7.058600 -0.000002
v 2.748583 8.250526 -0.000002
v 5.877963 8.562204 -0.000002
v 9.007344 6.349724 -0.000002
v 12.397506 5.440732 -0.000002
v 14.874929 5.128691 -0.000002
v 14.829983 0.000000 -0.000002
v 11.356449 0.000000 -0.000002
v 7.025033 0.000000 -0.000002
v 4.411955 0.000000 -0.000002
v 1.461702 0.000000 -0.000002
v -0.981389 0.000000 -0.000002
v -1.206258 1.045132 10.263693
v 1.790764 1.128346 10.784195
v 4.850483 1.013829 12.705564
v 6.851658 1.041767 12.590027
v 8.959031 1.116683 12.274843
v 11.656744 1.371091 11.027988
v 11.973446 2.875221 11.575266
v 9.321836 2.554826 12.699958
v 6.755433 2.470669 13.005302
v 4.412171 2.380215 13.095534
v 1.756604 2.737150 11.686597
v -0.824585 3.067572 11.057716
v -0.567776 5.005375 4.344625
v 2.622855 5.192032 4.344700
v 5.689372 5.288379 4.344700
v 8.755888 5.183237 4.344700
v 12.048740 5.028920 4.300619
v 14.487675 5.007124 4.212456
v -0.568145 4.614422 5.720922
v 2.489444 4.616158 5.680576
v 5.523297 4.685029 5.677536
v 8.574495 4.713081 5.552377
v 11.748049 4.698972 5.506023
v 14.215781 4.691764 5.519928
v 9.581791 4.774067 7.035495
v 11.973712 4.822163 6.873051
v 14.182417 4.579897 6.986298
v -0.741492 4.031732 7.951765
v 2.175161 4.015944 7.787591
v 5.077190 4.022696 7.766409
v 8.472385 4.452300 8.120601
v -20.022205 3.881696 0.751130
v 13.769769 4.045964 8.066675
v 15.074618 3.489669 3.839991
v 12.244697 3.275382 3.821609
v 9.204029 3.156077 3.821006
v 6.448058 2.986109 3.821165
v 2.702820 2.667583 3.822185
v -0.596196 2.415835 3.786266
v 14.319455 2.679723 5.344247
v 11.235554 2.542732 5.425546
v 8.534500 2.495262 5.585616
v 6.266407 2.424505 5.717812
v 1.940941 2.010325 6.663908
v -1.266669 2.312446 6.039601
v 14.047542 2.306981 6.745390
v 13.161803 1.915187 8.406212
v -1.855398 1.738488 7.579870
v -0.387424 6.633448 1.356166
v 2.735586 7.818130 1.354824
v 5.858468 8.142570 1.353492
v 8.981349 6.098523 1.352161
v 12.327018 5.358099 1.390280
v 14.793036 5.117037 1.468378
v 15.118660 0.470383 1.431401
v 11.893551 0.378082 1.420505
v 7.812534 0.281197 1.408544
v 5.088477 0.214007 1.398853
v 1.846101 0.105848 1.386180
v -0.883273 0.052256 1.377236
v -9.576540 3.468768 11.049691
v -9.608132 1.056001 10.326298
v -9.712234 1.760543 7.846973
v -9.681460 4.227425 8.565561
v -3.336102 1.455610 8.437258
v -3.314302 1.251352 9.000159
v -3.289958 1.092988 9.585938
v -3.157357 3.578965 10.316259
v -3.195122 3.879797 9.305632
v 13.152460 4.014050 9.301867
v 10.866540 3.915359 9.973937
v 8.182580 3.836439 9.729186
v 4.703070 3.424803 9.817325
v 1.957319 3.524094 9.583041
v -0.783006 3.798481 9.299241
v -1.218553 3.529860 10.329011
v -1.818951 1.461195 8.192001
v -1.301061 1.329674 8.518345
v -1.239222 1.066823 9.530969
v -9.693771 1.532400 8.365480
v -9.667097 1.309363 9.035141
v -9.637024 1.119158 9.716894
v -9.600837 3.926262 10.451227
v -9.648082 4.265256 9.332134
v -19.982517 3.227590 1.083020
v -20.403831 3.676600 1.100728
v 18.127649 4.636287 2.673662
v 18.028717 3.881421 2.655253
v -6.363499 3.597727 2.722304
v -6.022567 2.025201 2.467280
v 18.912817 5.058027 -0.000002
v 18.383753 4.340461 -0.000002
v 18.448709 1.429390 -0.000002
v -20.872019 3.715009 -0.000002
v -20.872019 3.036244 -0.000002
v 14.152425 2.827672 10.426115
v 14.138041 2.392168 10.301474
v -3.170113 2.608510 11.019649
v -3.198461 1.967660 10.941246
v -3.232028 1.401235 10.652490
v 17.885674 4.838110 4.142406
v 17.781502 4.393646 4.060681
v 17.513405 4.560255 5.446267
v 17.400581 4.153326 5.360327
v 16.965744 4.189173 6.697848
v 16.850494 3.782244 6.611909
v 16.037058 3.718623 8.131760
v 15.937946 3.303434 8.037585
v -4.919508 3.254143 3.788615
v -5.064514 4.185860 4.053516
v -20.883915 3.643238 0.918004
v -20.883915 3.225287 0.921380
v 18.262613 4.046202 1.529899
v 18.095100 2.635242 1.674834
v 11.500098 2.303886 12.411614
v 11.500195 1.696404 12.233525
v 8.935492 1.995934 13.569254
v 8.935575 1.394577 13.392679
v 6.406703 1.891577 13.918889
v 6.406773 1.308237 13.747392
v 4.311215 1.774851 13.920145
v 4.311264 1.394790 13.808485
v 2.183519 2.192829 12.211880
v 1.681859 1.807101 11.977859
v 2.159931 1.388236 11.955851
v -1.305373 2.508504 11.213023
v -0.986741 1.851577 11.177817
v -1.503618 1.332961 10.710972
v -9.567739 2.821154 11.212642
v -9.570637 2.106275 11.132095
v -9.584820 1.453667 10.849948
v -9.720148 2.614413 7.643258
v -9.705233 3.676684 8.003303
v -9.480847 4.053452 8.657687
v -9.508070 1.870759 8.022343
v -9.409145 3.789761 10.326540
v -9.441050 1.304850 9.676306
v -9.467825 1.473553 9.073585
v -9.415344 1.247810 10.214835
v -9.491598 1.670237 8.481236
v -9.387432 3.379298 10.863260
v -9.451091 4.091947 9.336081
v -9.379523 2.799159 11.030015
v -9.382047 2.176962 10.925145
v -9.394626 1.600000 10.675130
v -9.515188 2.625557 7.842083
v -9.501990 3.564949 8.160437
v -7.419117 3.804884 8.749705
v -7.442002 1.992110 8.221355
v -7.617376 3.629413 10.124974
v -7.386644 1.499526 9.581466
v -7.408800 1.628660 9.080018
v -7.365337 1.476383 10.033961
v -7.428432 1.801996 8.593470
v -7.343691 3.263635 10.532568
v -7.393469 3.832339 9.337419
v -7.335442 2.761632 10.719609
v -7.337628 2.248125 10.629621
v -7.348125 1.772754 10.417407
v -7.447674 2.621574 8.076612
v -7.436608 3.398185 8.340111
v -7.399913 3.606999 8.891178
v -7.613659 3.633976 9.756625
v -7.420007 2.110891 8.451730
v -7.601030 3.471306 10.057106
v -7.375621 1.604221 9.515488
v -7.393560 1.662408 9.097387
v -7.358204 1.692122 9.912411
v -7.409291 1.849705 8.719349
v -7.339487 3.171048 10.319537
v -7.380539 3.688722 9.341244
v -7.332865 2.750056 10.482362
v -7.335066 2.329339 10.431767
v -7.343964 1.953207 10.237130
v -7.425035 2.602748 8.321883
v -7.672215 2.962823 8.399926
v -7.414179 3.315607 8.562436
v -9.403820 3.663367 8.941441
v -9.366687 3.744667 9.810168
v -9.425406 2.085033 8.476748
v -9.350244 3.532855 10.201422
v -9.378999 1.518327 9.580081
v -9.397813 1.564157 9.137635
v -9.360681 1.645456 10.006363
v -9.414257 1.775968 8.746382
v -9.338672 3.187309 10.481918
v -9.385501 3.790496 9.367723
v -9.333734 2.760634 10.608952
v -9.336183 2.317787 10.563184
v -9.345644 1.926189 10.351582
v -9.431188 2.584671 8.327991
v -9.428317 2.991036 8.384621
v -9.418855 3.382634 8.596220
v -9.881982 3.259551 8.733520
v -9.909724 2.951983 8.529392
v -9.892015 2.613270 8.515273
v -9.816777 2.031941 10.240307
v -9.808684 2.366894 10.421300
v -9.806590 2.745682 10.460445
v -9.850869 3.626573 9.398765
v -9.810815 3.110637 10.351789
v -9.875464 1.903449 8.867300
v -9.829638 1.791816 9.945025
v -9.861399 1.722277 9.201960
v -9.845307 1.683076 9.580405
v -9.820710 3.406200 10.111867
v -9.885001 2.167807 8.636671
v -9.834778 3.587373 9.777209
v -9.866538 3.517834 9.034145
v -9.738773 3.259988 9.160295
v -9.716318 3.309150 9.685623
v -9.751779 2.301314 8.880553
v -9.706374 3.181065 9.922217
v -9.723763 1.962862 9.546488
v -9.735140 1.990575 9.278934
v -9.712685 2.039738 9.804264
v -9.745084 2.118660 9.042341
v -9.699376 2.972110 10.091836
v -9.727695 3.336863 9.418071
v -9.696391 2.714096 10.168654
v -9.697872 2.446303 10.140979
v -9.703593 2.209500 10.013021
v -9.757923 2.661832 8.809133
v -9.751884 3.037255 8.940867
v 5.837733 1.289294 2.294083
v 3.311932 0.000000 -0.000002
v 4.462827 1.053915 11.642749
v 3.668451 2.515313 12.440535
v 5.051623 2.871617 3.821381
v 4.961778 2.375950 5.798994
v 3.879534 0.175960 1.394128
v 4.307957 1.243408 13.051864
v 4.307769 1.920977 13.248796
v 4.153886 1.165919 12.416312
v 4.153616 2.189029 12.713976
v 3.755591 1.439009 12.392334
v 3.720945 1.716699 12.538965
v 3.755514 1.999044 12.556760
v -20.284611 4.014411 1.238604
v -20.284512 4.105035 1.242816
v -6.691356 4.564288 3.065250
v -5.372129 4.827000 4.400918
v -4.200042 4.606621 5.921684
v -5.334744 4.563848 4.313483
v -4.195644 4.404903 5.826509
v -6.683582 4.232749 2.969451
v 12.772734 2.160790 11.855075
v 12.772734 1.965152 11.797071
v 10.692235 1.767824 13.357548
v 10.692236 1.506974 13.280209
v 8.001902 1.454863 14.522561
v 8.001902 1.203156 14.447930
v 5.712739 1.419024 14.735136
v 5.712739 1.157413 14.657571
v 4.026878 1.344457 14.755195
v 4.026878 1.208996 14.715032
v -3.555503 3.269420 5.476846
v -3.966352 3.951822 5.112620
v -3.657741 3.593990 7.710953
v -3.428403 1.870268 7.734567
v -3.926089 4.318365 5.596589
v -3.697044 2.485716 7.797605
v -3.585041 3.425276 5.880379
v -3.407929 2.342935 7.313383
v -3.622427 3.942829 5.584507
v -3.571042 4.097988 6.023916
v -3.365045 2.636342 7.602114
v -3.400033 3.456374 7.427794
v -3.104393 3.312603 6.111487
v -2.983927 2.580471 7.083983
v -3.054450 3.692311 5.990301
v -3.093470 3.916766 6.225737
v -2.899817 2.907387 7.202460
v -2.976970 3.459533 7.175526
v -20.742069 3.639278 -0.000002
v -20.787468 3.428102 -0.000002
v -20.742069 3.216927 -0.000002
v -20.763561 3.597044 0.890970
v -20.780638 3.428102 0.890970
v -20.763559 3.259162 0.890970
v -12.130608 4.273185 1.633772
v -10.565158 2.017185 1.405472
v -11.519902 1.720107 -0.000002
v -11.157838 4.356075 -0.000002
v -11.179656 1.966016 1.072606
v -11.331164 4.336074 1.113268
v -10.779320 2.638550 1.553319
v -12.023116 3.574105 1.669797
v -12.728703 4.282348 1.861238
v -12.729660 4.078028 1.820575
v -13.371922 4.194246 1.499453
v -13.541609 1.340827 -0.000002
v -12.925089 2.559744 1.025242
v -12.164785 2.914280 1.441778
v -13.260174 3.614371 1.535910
v -13.957976 4.246883 1.702299
v -13.958711 4.066795 1.671167
v -12.119052 2.584764 1.319710
v -12.595124 4.245070 -0.000002
v -12.727826 4.229757 1.056373
v -6.294582 0.926250 1.749562
v -6.608275 4.832685 -0.000002
v -6.687119 4.835532 1.341173
v -8.097023 4.604907 2.172678
v -6.489722 0.730786 -0.000002
v -6.371087 0.755960 1.262636
v -6.854905 1.990497 2.000838
v -8.141191 3.490790 2.206973
v -8.743426 4.424636 2.498925
v -8.745281 4.123098 2.420022
v -9.574209 4.473911 1.975319
v -8.710055 1.359025 -0.000002
v -8.160687 1.363030 1.193043
v -8.027327 2.226240 1.836947
v -9.513314 3.519105 2.010247
v -10.202920 4.372527 2.265390
v -10.204447 4.106593 2.200492
v -7.477687 1.428825 1.623549
v -8.103122 4.638340 -0.000002
v -8.379753 4.606419 1.257941
v 13.102495 6.239207 8.370298
v 14.622031 6.477729 8.462483
v 15.657184 6.416084 8.466300
v 13.294619 6.331535 8.955567
v 15.155995 6.809400 9.137169
v 15.885076 6.731136 9.094982
v 15.243716 6.162891 9.320267
v 14.245599 6.192638 9.424040
v 12.783086 5.946782 9.356593
v 17.333809 0.385596 1.099640
v -20.087606 2.851802 0.746167
v 18.290085 5.399314 1.097253
v -3.334162 5.705915 1.083518
v -3.629287 0.125853 1.073494
v -0.981389 0.000000 1.088616
v 1.461702 0.000000 1.088616
v 4.411955 0.000000 1.088616
v 7.016586 0.000000 1.088616
v 11.316151 0.000000 1.088616
v 14.789365 0.000000 1.088616
v 14.850011 5.119156 1.081108
v 12.375944 5.375481 1.082119
v 8.990379 6.169006 1.083504
v 5.865242 8.369008 1.084782
v 2.740101 8.054249 1.086060
v -0.385038 6.853473 1.087338
v 18.491728 1.820411 1.083755
v 18.670328 2.562650 1.419278
v 18.739637 3.934974 1.274834
v -20.872019 3.147802 0.785894
v -20.872019 3.715009 0.780931
v 3.311932 0.000000 1.088616
v -20.742069 3.216926 0.790857
v -20.787468 3.428102 0.790857
v -20.742069 3.639278 0.790857
v -11.157838 4.356075 0.874678
v -11.360844 1.943223 0.874678
v -13.183730 2.456406 0.841072
v -12.595124 4.245070 0.841072
v -6.418135 4.876938 1.007548
v -6.410194 0.730786 1.009510
v -8.391941 1.359025 0.960132
v -8.103122 4.638340 0.960132
v -20.022205 3.881696 0.350598
v 17.348484 0.293935 0.529172
v -20.872019 3.046386 0.366824
v -20.872019 3.715009 0.364508
v -20.742069 3.216926 0.369141
v -20.787468 3.428102 0.369141
v -20.742069 3.639278 0.369141
v -20.113146 1.736224 0.348281
v 18.330219 5.539389 0.528326
v -3.503687 5.744154 0.505004
v -3.629286 0.125853 0.501065
v -0.981389 0.000000 0.508123
v 1.461702 0.000000 0.508123
v 4.411955 0.000000 0.508123
v 7.022011 0.000000 0.508123
v 11.342033 0.000000 0.508123
v 14.815454 0.000000 0.508123
v 14.866016 5.126164 0.504619
v 12.389791 5.420378 0.505091
v 9.001275 6.294866 0.505737
v 5.873411 8.546515 0.506334
v 2.745548 8.235062 0.506930
v -0.382314 7.042447 0.507527
v 18.456636 1.498317 0.607886
v 18.225273 2.845194 -0.000002
v 18.895348 4.923171 0.669542
v 3.311932 0.000000 0.508123
v -11.157838 4.356075 0.408265
v -11.462997 1.740390 0.408265
v -13.413578 1.442244 0.392579
v -12.595124 4.245070 0.392579
v -6.592154 4.836522 0.468130
v -6.461271 0.730786 0.471200
v -8.596250 1.359025 0.448152
v -8.103122 4.638340 0.448152
v 18.869545 4.709407 -0.000002
v 18.540003 1.848950 -0.000002
v 18.594025 2.217126 1.002775
v 18.711058 2.635972 1.292520
v 18.779478 3.597662 1.182226
v 18.550337 1.919366 0.606206
v 18.855263 4.573231 0.648170
v 18.221827 2.041447 -0.000002
v 18.300831 2.299594 0.988866
v 18.300291 2.729244 1.143919
v 18.384859 3.517011 1.091968
v 18.228649 2.097405 0.584954
v 18.219683 2.835691 0.549075
v 18.374050 4.237442 0.597534
v 14.380123 4.898287 7.661133
v 13.739894 4.378599 8.143036
v 13.790709 4.553421 8.824294
v 15.461948 6.162142 8.482019
v 15.588731 6.399310 8.953000
v 15.141823 5.974837 9.113757
v 13.951704 5.076548 7.903244
v 13.490961 4.792718 8.306575
v 13.508166 4.817035 8.778532
v 14.686475 5.927379 8.430477
v 14.583195 5.986490 8.785077
v 14.403315 5.761703 8.989269
v 1.014929 4.691849 5.385425
v 1.190389 5.885836 2.690675
v 1.174145 7.239506 1.355490
v 1.089597 5.090022 4.344700
v 1.181617 7.664099 0.507229
v 1.177532 7.472331 1.086699
v 1.183893 7.680539 -0.000002
v 4.251004 6.531385 2.695373
v 4.297026 8.249205 1.354158
v 4.302670 8.489376 1.085421
v 4.309479 8.672807 0.506632
v 4.042770 4.766721 5.373911
v 4.156114 5.259180 4.344700
v 4.313273 8.688896 -0.000002
v 7.437345 7.614148 0.506035
v 7.419909 7.295753 1.352827
v 7.222631 5.263630 4.344700
v 7.442655 7.635757 -0.000002
v 7.105020 4.798524 5.380864
v 7.355479 6.146100 2.695249
v 7.427811 7.465591 1.084143
v 10.459952 5.431003 2.695125
v 10.565207 5.713064 0.505439
v 10.572035 5.767213 -0.000002
v 10.120064 4.783616 5.290472
v 10.552948 5.617395 1.082865
v 10.542789 5.586196 1.351495
v 10.289145 5.097748 4.344700
v -1.947607 6.167050 1.087977
v -1.997006 5.547814 1.960454
v -1.945487 6.328005 -0.000002
v -2.972113 5.086951 2.729928
v -2.295315 4.760846 5.404400
v -1.920410 6.013704 1.343747
v -2.712251 4.990861 4.300168
v -1.946245 6.315219 0.507825
v 8.949866 5.928218 1.970577
v 7.392362 6.784963 1.970949
v -0.373885 6.043175 1.952455
v 4.277349 7.489066 1.971692
v 2.719844 7.089173 1.972064
v 11.883166 5.355720 1.969878
v 1.162387 6.561415 1.976430
v 10.507371 5.530852 1.970206
v 5.834855 7.430421 1.971321
v -2.546838 5.033052 3.474882
v 4.212258 5.757848 3.474882
v 5.756745 5.767328 3.474882
v 10.390208 5.275542 3.474882
v 8.845721 5.437951 3.474882
v 1.123643 5.435057 3.466066
v -0.597233 5.182128 3.466066
v 7.301233 5.637199 3.474882
v 11.754503 5.164350 3.474882
v 2.667771 5.638688 3.474882
v -5.067411 5.264371 0.488785
v -4.375602 5.412564 1.062615
v -5.131897 5.250191 -0.000002
v -1.083231 5.452776 2.364689
v -0.379941 5.582729 2.448706
v 0.222881 5.607849 2.656986
v 15.594907 4.503687 6.771510
v 16.778479 5.246671 1.467615
v 16.101519 4.874769 5.519928
v 16.660833 5.249033 2.708339
v 16.440311 5.184797 4.212456
v 14.956652 4.177745 7.872254
v 17.436640 5.502234 2.708277
v 17.558811 5.499871 1.467314
v 16.855814 5.127969 5.519928
v 16.329720 4.756887 6.771510
v 17.207638 5.437998 4.212456
v 15.553450 4.385570 7.872255
v 16.803223 5.245882 1.080309
v 16.830788 5.245882 -0.000002
v 16.820929 5.245882 0.504246
v 17.584507 5.499082 1.079990
v 17.613138 5.499082 -0.000002
v 17.602896 5.499082 0.504097
v 16.038961 5.090295 0.504395
v 14.860097 4.348102 6.771510
v 14.359853 4.049712 7.872254
v 16.048445 5.090295 -0.000002
v 15.347223 4.719182 5.519928
v 16.021938 5.090295 1.080629
v 15.885026 5.093447 2.708401
v 15.998146 5.091085 1.467917
v 15.672986 5.029211 4.212456
v 19.489237 4.968735 0.852148
v 19.455145 4.827077 0.795424
v 19.256214 3.886967 1.630907
v 19.051037 2.913865 1.724880
v 19.525875 5.183257 -0.000002
v 19.238747 3.809762 1.522505
v 19.487823 5.019766 -0.000002
v 19.046438 2.892076 1.634463
v -6.182696 3.321939 10.945299
v -6.212484 1.047978 10.263630
v -6.273255 4.036870 8.606922
v -6.286776 1.482749 8.412302
v -6.263893 1.265976 9.041051
v -6.237805 1.092972 9.685123
v -6.203350 3.744479 10.381149
v -6.244171 4.063376 9.327255
v -6.191785 1.425307 10.759514
v -6.178860 2.038922 11.028560
v -6.175673 2.714572 11.096694
v -6.302368 1.712587 7.928472
v -6.294443 3.520665 8.077515
v -6.308403 2.520322 7.737956
v -4.752602 1.061873 10.227276
v -4.723931 3.249928 10.884208
v -4.807173 3.938260 8.634271
v -4.821084 1.473596 8.444143
v -4.800122 1.261914 9.048086
v -4.776073 1.098361 9.668612
v -4.742762 3.653094 10.340401
v -4.780291 3.959968 9.326501
v -4.733278 1.426262 10.705289
v -4.721046 2.016053 10.965756
v -4.717768 2.666023 11.031434
v -4.835243 1.701723 7.980815
v -4.826995 3.442697 8.125043
v -4.840382 2.480426 7.798171
v -7.992994 3.411304 11.021113
v -8.092639 4.159243 8.572984
v -8.105671 1.494106 8.372786
v -8.080406 1.271018 9.032320
v -8.051788 1.086284 9.705611
v -8.015915 3.857887 10.431717
v -8.060820 4.191704 9.328188
v -8.001764 1.424122 10.826803
v -7.987978 2.067302 11.106499
v -7.984909 2.774821 11.177677
v -8.123044 1.726070 7.863513
v -8.115522 3.617423 8.018533
v -8.130190 2.569834 7.663229
v -8.024172 1.030735 10.308744
v -16.357889 4.075946 1.298160
v -16.505770 1.350686 -0.000002
v -16.107822 2.812120 0.954261
v -15.636647 3.092293 1.274620
v -16.296366 3.634252 1.335263
v -16.925901 4.193736 1.464108
v -16.926296 4.049960 1.447260
v -15.622738 2.830837 1.191184
v -15.874781 4.078714 -0.000002
v -15.946599 4.070427 0.971109
v -16.267185 2.689380 0.790710
v -15.874781 4.078714 0.790710
v -15.874782 4.078714 0.369072
v -16.420414 1.472385 0.369072
v -5.834900 1.401354 2.355260
v -20.911585 2.344008 -0.000002
v -20.911585 3.076390 0.898669
v -19.960236 3.054689 1.075053
v -4.852376 2.820572 3.673269
v -9.719294 2.087961 7.661463
v -9.514386 2.160010 7.858200
v -7.447178 2.236954 8.087416
v -7.423976 2.333540 8.351607
v -9.429496 2.326533 8.374473
v -9.888501 2.374374 8.549190
v -9.754439 2.450624 8.814203
v -3.960054 3.723284 5.047959
v -3.697256 2.041239 7.812635
v -3.626997 3.787879 5.541665
v -3.365255 2.271185 7.614449
v -3.057897 3.522962 5.960090
v -2.900645 2.611747 7.205396
v -10.453794 2.225354 1.507574
v -11.919700 2.673362 1.406755
v -6.414359 1.299396 1.912073
v -7.493525 1.681700 1.763937
v -20.911585 3.013356 0.761080
v -20.911585 2.404858 0.355242
v -6.308149 2.024480 7.754902
v -4.840394 2.003416 7.814380
v -8.129602 2.050620 7.681092
v -15.502958 2.904669 1.255666
v -20.098919 2.294013 0.569916
v 18.317602 5.466925 0.849770
v -3.423206 5.728179 0.828375
v -3.629286 0.125853 0.819925
v -0.981389 0.000000 0.831475
v 1.461702 0.000000 0.831475
v 4.411955 0.000000 0.831475
v 7.018989 0.000000 0.831475
v 11.327615 0.000000 0.831475
v 14.800921 0.000000 0.831475
v 14.857101 5.122509 0.825741
v 12.382078 5.396123 0.826513
v 8.995207 6.228129 0.827571
v 5.868860 8.467560 0.828547
v 2.742514 8.154803 0.829523
v -0.383831 6.958209 0.830499
v 18.472643 1.622313 0.871860
v 18.859219 4.559185 1.021442
v 3.311932 0.000000 0.831475
v -11.157838 4.356075 0.668072
v -11.406095 1.841807 0.668072
v -13.285546 1.949325 0.642404
v -12.595124 4.245070 0.642404
v -6.511547 4.855659 0.768036
v -6.432819 0.730786 0.771055
v -8.482444 1.359025 0.733340
v -8.103122 4.638340 0.733340
v -20.022205 3.881696 0.573706
v 17.341213 0.319898 0.841857
v -20.872019 3.097094 0.600259
v -20.872019 3.715009 0.596468
v -20.742069 3.216926 0.604050
v -20.787468 3.428102 0.604050
v -20.742071 3.639279 0.604049
v 18.568922 2.046043 0.835167
v 18.823442 4.173373 0.962803
v 18.242603 2.197992 0.835681
v 18.216377 2.788717 0.895979
v 18.358368 3.904257 0.903049
v 1.179341 7.578712 0.830011
v 4.305686 8.591309 0.829035
v 7.432033 7.546123 0.828059
v 10.558377 5.659274 0.827083
v -1.947004 6.248985 0.830987
v -4.744982 5.334997 0.807848
v 16.811066 5.245882 0.825131
v 17.592653 5.499082 0.824887
v 16.029480 5.090295 0.825375
v 19.392300 4.532952 1.307326
v 19.365292 4.419136 1.221718
v -15.874781 4.078714 0.603937
v -16.335062 2.080883 0.603937
v -20.911585 2.709107 0.581306
v -19.514505 2.961118 -1.059993
v -20.216623 3.925330 -1.102219
v 17.625650 3.004487 -2.541991
v 18.069016 5.516000 -2.700478
v -4.914616 0.914246 -2.139459
v -5.719293 4.853354 -2.703645
v 14.234993 3.361452 -10.080710
v 14.134864 1.986147 -9.873240
v -3.263875 1.061852 -10.154051
v -3.153264 3.188440 -10.865356
v -4.071335 2.560627 -3.647274
v -3.393634 4.023720 -8.135563
v -3.635256 4.700492 -5.767488
v -4.723876 4.956228 -4.253623
v 17.234415 3.901330 -3.937142
v 16.901155 3.594133 -5.196201
v 16.365341 3.203399 -6.463419
v 15.436762 2.702746 -8.009353
v 15.898129 4.293237 -8.174407
v 16.925596 4.820360 -6.759236
v 17.468277 5.191441 -5.507655
v 17.832195 5.496108 -4.200784
v -20.061045 2.963897 -0.889181
v 18.198612 5.415194 -1.469229
v -3.789585 5.488729 -1.400599
v -3.842032 0.215267 -1.353077
v -20.034174 3.879586 -0.896678
v 17.359112 0.931587 -1.490992
v -0.503385 0.701749 -2.210179
v 3.201144 0.977096 -2.255253
v 7.405272 1.459235 -2.317174
v 10.486736 1.750978 -2.364287
v 13.706244 2.140998 -2.421756
v 16.102968 2.528880 -2.474965
v 14.652381 5.097544 -2.708506
v 12.199687 5.242000 -2.699593
v 8.907717 5.696677 -2.695190
v 5.803241 6.514850 -2.695314
v 2.698768 6.248918 -2.695437
v -0.670242 5.363589 -2.709145
v -1.206258 1.045132 -10.263697
v 1.790764 1.128346 -10.784198
v 4.850483 1.013829 -12.705566
v 6.851658 1.041767 -12.590031
v 8.959030 1.116683 -12.274845
v 11.656743 1.371091 -11.027990
v 11.973446 2.875221 -11.575267
v 9.321836 2.554826 -12.699962
v 6.755433 2.470669 -13.005305
v 4.412171 2.380215 -13.095535
v 1.756604 2.737150 -11.686602
v -0.824585 3.067572 -11.057719
v -0.567776 5.005374 -4.344628
v 2.622855 5.192032 -4.344704
v 5.689372 5.288379 -4.344704
v 8.755888 5.183237 -4.344704
v 12.048740 5.028920 -4.300622
v 14.487677 5.007124 -4.212460
v -0.568145 4.614421 -5.720925
v 2.489444 4.616158 -5.680579
v 5.523297 4.685029 -5.677539
v 8.574495 4.713081 -5.552380
v 11.748048 4.698972 -5.506025
v 14.215782 4.691764 -5.519932
v 9.581790 4.774067 -7.035501
v 11.973714 4.822162 -6.873055
v 14.182417 4.579897 -6.986301
v -0.741492 4.031733 -7.951769
v 2.175160 4.015943 -7.787595
v 5.077190 4.022697 -7.766412
v 8.472385 4.452300 -8.120605
v -20.022205 3.881696 -0.751133
v 13.769769 4.045964 -8.066679
v 15.074620 3.489669 -3.839993
v 12.244696 3.275381 -3.821612
v 9.204029 3.156077 -3.821009
v 6.448059 2.986109 -3.821169
v 2.702820 2.667583 -3.822189
v -0.596197 2.415835 -3.786270
v 14.319455 2.679723 -5.344250
v 11.235554 2.542732 -5.425549
v 8.534501 2.495262 -5.585619
v 6.266408 2.424505 -5.717816
v 1.940942 2.010325 -6.663912
v -1.266669 2.312446 -6.039605
v 14.047542 2.306981 -6.745392
v 13.161803 1.915187 -8.406215
v -1.855398 1.738488 -7.579874
v -0.387424 6.633447 -1.356169
v 2.735586 7.818130 -1.354827
v 5.858467 8.142570 -1.353496
v 8.981350 6.098523 -1.352164
v 12.327018 5.358099 -1.390283
v 14.793036 5.117036 -1.468382
v 15.118660 0.470383 -1.431404
v 11.893552 0.378082 -1.420509
v 7.812534 0.281197 -1.408548
v 5.088478 0.214007 -1.398856
v 1.846101 0.105848 -1.386183
v -0.883273 0.052256 -1.377239
v -9.576540 3.468768 -11.049695
v -9.608131 1.056001 -10.326299
v -9.712233 1.760543 -7.846976
v -9.681460 4.227425 -8.565566
v -3.336102 1.455610 -8.437261
v -3.314302 1.251352 -9.000162
v -3.289958 1.092988 -9.585943
v -3.157357 3.578966 -10.316261
v -3.195122 3.879797 -9.305634
v 13.152460 4.014050 -9.301870
v 10.866542 3.915359 -9.973940
v 8.182580 3.836439 -9.729190
v 4.703069 3.424803 -9.817327
v 1.957319 3.524094 -9.583046
v -0.783006 3.798481 -9.299244
v -1.218553 3.529860 -10.329014
v -1.818951 1.461195 -8.192006
v -1.301061 1.329674 -8.518349
v -1.239222 1.066823 -9.530972
v -9.693771 1.532400 -8.365484
v -9.667096 1.309362 -9.035143
v -9.637024 1.119158 -9.716897
v -9.600837 3.926262 -10.451230
v -9.648082 4.265256 -9.332137
v -19.982515 3.227590 -1.083023
v -20.403831 3.676600 -1.100731
v 18.127649 4.636287 -2.673665
v 18.028717 3.881420 -2.655257
v -6.363498 3.597727 -2.722307
v -6.022568 2.025201 -2.467284
v 14.152423 2.827672 -10.426117
v 14.138041 2.392168 -10.301475
v -3.170113 2.608510 -11.019651
v -3.198461 1.967660 -10.941248
v -3.232028 1.401235 -10.652493
v 17.885675 4.838110 -4.142409
v 17.781502 4.393646 -4.060685
v 17.513405 4.560254 -5.446270
v 17.400579 4.153326 -5.360330
v 16.965744 4.189173 -6.697852
v 16.850494 3.782244 -6.611912
v 16.037058 3.718623 -8.131763
v 15.937945 3.303434 -8.037590
v -4.919508 3.254143 -3.788619
v -5.064514 4.185860 -4.053520
v -20.883915 3.643238 -0.918007
v -20.883917 3.225287 -0.921383
v 18.262613 4.046202 -1.529902
v 18.095100 2.635242 -1.674838
v 11.500098 2.303885 -12.411616
v 11.500193 1.696404 -12.233527
v 8.935492 1.995934 -13.569257
v 8.935574 1.394577 -13.392683
v 6.406702 1.891577 -13.918890
v 6.406772 1.308237 -13.747394
v 4.311215 1.774851 -13.920148
v 4.311264 1.394790 -13.808487
v 2.183519 2.192829 -12.211883
v 1.681859 1.807101 -11.977862
v 2.159931 1.388236 -11.955853
v -1.305372 2.508504 -11.213026
v -0.986741 1.851577 -11.177819
v -1.503618 1.332961 -10.710974
v -9.567739 2.821154 -11.212645
v -9.570636 2.106274 -11.132099
v -9.584820 1.453667 -10.849951
v -9.720149 2.614413 -7.643261
v -9.705233 3.676684 -8.003306
v -9.480847 4.053452 -8.657690
v -9.508070 1.870759 -8.022346
v -9.409146 3.789761 -10.326543
v -9.441050 1.304850 -9.676310
v -9.467826 1.473553 -9.073588
v -9.415344 1.247810 -10.214838
v -9.491598 1.670238 -8.481239
v -9.387432 3.379298 -10.863263
v -9.451092 4.091948 -9.336085
v -9.379523 2.799159 -11.030017
v -9.382048 2.176962 -10.925147
v -9.394626 1.600000 -10.675132
v -9.515188 2.625557 -7.842087
v -9.501990 3.564949 -8.160441
v -7.419117 3.804884 -8.749709
v -7.442002 1.992110 -8.221359
v -7.617376 3.629413 -10.124978
v -7.386644 1.499526 -9.581470
v -7.408800 1.628660 -9.080023
v -7.365337 1.476382 -10.033965
v -7.428433 1.801996 -8.593473
v -7.343690 3.263635 -10.532571
v -7.393469 3.832339 -9.337422
v -7.335441 2.761632 -10.719612
v -7.337626 2.248124 -10.629623
v -7.348125 1.772754 -10.417410
v -7.447673 2.621574 -8.076615
v -7.436607 3.398185 -8.340114
v -7.399913 3.606999 -8.891182
v -7.613659 3.633976 -9.756629
v -7.420007 2.110891 -8.451733
v -7.601030 3.471306 -10.057108
v -7.375620 1.604221 -9.515493
v -7.393560 1.662408 -9.097391
v -7.358204 1.692122 -9.912414
v -7.409291 1.849705 -8.719354
v -7.339487 3.171048 -10.319538
v -7.380539 3.688721 -9.341246
v -7.332865 2.750056 -10.482365
v -7.335065 2.329339 -10.431768
v -7.343964 1.953206 -10.237131
v -7.425035 2.602748 -8.321887
v -7.672215 2.962823 -8.399930
v -7.414178 3.315607 -8.562438
v -9.403820 3.663367 -8.941443
v -9.366688 3.744667 -9.810171
v -9.425406 2.085033 -8.476751
v -9.350244 3.532855 -10.201425
v -9.378999 1.518327 -9.580086
v -9.397812 1.564157 -9.137639
v -9.360680 1.645456 -10.006368
v -9.414257 1.775968 -8.746386
v -9.338672 3.187309 -10.481920
v -9.385502 3.790496 -9.367725
v -9.333734 2.760634 -10.608953
v -9.336182 2.317787 -10.563187
v -9.345644 1.926189 -10.351585
v -9.431187 2.584671 -8.327994
v -9.428316 2.991036 -8.384623
v -9.418855 3.382634 -8.596223
v -9.881983 3.259551 -8.733523
v -9.909725 2.951983 -8.529395
v -9.892015 2.613270 -8.515277
v -9.816777 2.031941 -10.240310
v -9.808684 2.366894 -10.421302
v -9.806590 2.745682 -10.460447
v -9.850869 3.626573 -9.398767
v -9.810814 3.110638 -10.351791
v -9.875464 1.903449 -8.867306
v -9.829638 1.791816 -9.945027
v -9.861399 1.722277 -9.201962
v -9.845307 1.683076 -9.580409
v -9.820710 3.406200 -10.111871
v -9.885000 2.167807 -8.636675
v -9.834777 3.587373 -9.777213
v -9.866537 3.517834 -9.034147
v -9.738773 3.259988 -9.160298
v -9.716317 3.309150 -9.685628
v -9.751779 2.301314 -8.880558
v -9.706375 3.181065 -9.922220
v -9.723763 1.962862 -9.546491
v -9.735140 1.990575 -9.278940
v -9.712685 2.039738 -9.804268
v -9.745083 2.118660 -9.042345
v -9.699376 2.972110 -10.091839
v -9.727695 3.336864 -9.418075
v -9.696391 2.714096 -10.168656
v -9.697872 2.446303 -10.140982
v -9.703594 2.209500 -10.013025
v -9.757923 2.661832 -8.809136
v -9.751883 3.037255 -8.940870
v 5.837733 1.289294 -2.294087
v 4.462826 1.053915 -11.642751
v 3.668451 2.515313 -12.440537
v 5.051624 2.871617 -3.821383
v 4.961778 2.375950 -5.798997
v 3.879534 0.175960 -1.394131
v 4.307957 1.243408 -13.051866
v 4.307769 1.920977 -13.248797
v 4.153885 1.165919 -12.416315
v 4.153616 2.189029 -12.713978
v 3.755591 1.439009 -12.392339
v 3.720945 1.716699 -12.538969
v 3.755514 1.999044 -12.556760
v -20.284611 4.014411 -1.238607
v -20.284512 4.105035 -1.242819
v -6.691356 4.564288 -3.065253
v -5.372128 4.827000 -4.400921
v -4.200041 4.606621 -5.921689
v -5.334744 4.563848 -4.313486
v -4.195645 4.404903 -5.826512
v -6.683582 4.232749 -2.969453
v 12.772734 2.160790 -11.855078
v 12.772734 1.965152 -11.797072
v 10.692236 1.767824 -13.357552
v 10.692236 1.506974 -13.280211
v 8.001902 1.454862 -14.522562
v 8.001903 1.203156 -14.447932
v 5.712739 1.419024 -14.735139
v 5.712739 1.157413 -14.657574
v 4.026878 1.344457 -14.755198
v 4.026878 1.208996 -14.715034
v -3.555503 3.269420 -5.476849
v -3.966352 3.951822 -5.112623
v -3.657741 3.593990 -7.710956
v -3.428404 1.870268 -7.734570
v -3.926089 4.318365 -5.596592
v -3.697044 2.485716 -7.797609
v -3.585041 3.425276 -5.880382
v -3.407929 2.342935 -7.313387
v -3.622427 3.942829 -5.584509
v -3.571042 4.097988 -6.023919
v -3.365044 2.636343 -7.602118
v -3.400033 3.456373 -7.427798
v -3.104393 3.312603 -6.111490
v -2.983927 2.580471 -7.083987
v -3.054450 3.692311 -5.990304
v -3.093470 3.916766 -6.225740
v -2.899817 2.907387 -7.202462
v -2.976970 3.459533 -7.175529
v -20.763561 3.597043 -0.890973
v -20.780638 3.428102 -0.890973
v -20.763559 3.259161 -0.890973
v -12.130607 4.273185 -1.633775
v -10.565159 2.017185 -1.405475
v -11.179654 1.966016 -1.072609
v -11.331166 4.336074 -1.113271
v -10.779320 2.638550 -1.553323
v -12.023116 3.574105 -1.669801
v -12.728703 4.282348 -1.861241
v -12.729659 4.078028 -1.820578
v -13.371922 4.194245 -1.499457
v -12.925089 2.559744 -1.025245
v -12.164787 2.914280 -1.441782
v -13.260173 3.614372 -1.535913
v -13.957979 4.246883 -1.702302
v -13.958711 4.066795 -1.671170
v -12.119052 2.584764 -1.319713
v -12.727824 4.229757 -1.056377
v -6.294582 0.926250 -1.749565
v -6.687119 4.835532 -1.341177
v -8.097023 4.604907 -2.172682
v -6.371086 0.755960 -1.262639
v -6.854905 1.990497 -2.000841
v -8.141191 3.490790 -2.206976
v -8.743426 4.424636 -2.498928
v -8.745281 4.123099 -2.420025
v -9.574209 4.473911 -1.975322
v -8.160686 1.363030 -1.193046
v -8.027326 2.226240 -1.836950
v -9.513314 3.519105 -2.010251
v -10.202920 4.372527 -2.265393
v -10.204447 4.106593 -2.200495
v -7.477687 1.428825 -1.623552
v -8.379754 4.606419 -1.257944
v 13.102495 6.239207 -8.370303
v 14.622031 6.477729 -8.462489
v 15.657184 6.416084 -8.466304
v 13.294619 6.331535 -8.955572
v 15.155994 6.809400 -9.137173
v 15.885077 6.731137 -9.094986
v 15.243715 6.162891 -9.320271
v 14.245599 6.192638 -9.424044
v 12.783086 5.946782 -9.356597
v 17.333807 0.385596 -1.099643
v -20.087606 2.851802 -0.746170
v 18.290085 5.399314 -1.097256
v -3.334162 5.705915 -1.083521
v -3.629286 0.125853 -1.073497
v -0.981389 0.000000 -1.088619
v 1.461702 0.000000 -1.088619
v 4.411954 0.000000 -1.088619
v 7.016586 0.000000 -1.088619
v 11.316149 0.000000 -1.088619
v 14.789365 0.000000 -1.088619
v 14.850011 5.119156 -1.081111
v 12.375943 5.375481 -1.082123
v 8.990379 6.169006 -1.083507
v 5.865240 8.369009 -1.084785
v 2.740101 8.054248 -1.086063
v -0.385038 6.853473 -1.087341
v 18.491728 1.820411 -1.083758
v 18.670326 2.562650 -1.419281
v 18.739637 3.934973 -1.274837
v -20.872019 3.147802 -0.785897
v -20.872019 3.715009 -0.780935
v 3.311932 0.000000 -1.088619
v -20.742069 3.216926 -0.790860
v -20.787468 3.428102 -0.790860
v -20.742069 3.639279 -0.790860
v -11.157838 4.356075 -0.874682
v -11.360845 1.943223 -0.874682
v -13.183730 2.456406 -0.841076
v -12.595123 4.245070 -0.841076
v -6.418134 4.876938 -1.007551
v -6.410194 0.730786 -1.009513
v -8.391941 1.359025 -0.960135
v -8.103122 4.638340 -0.960135
v -20.022205 3.881696 -0.350601
v 17.348484 0.293935 -0.529175
v -20.872019 3.046386 -0.366827
v -20.872015 3.715009 -0.364511
v -20.742069 3.216926 -0.369144
v -20.787468 3.428102 -0.369144
v -20.742069 3.639278 -0.369144
v -20.113144 1.736223 -0.348284
v 18.330219 5.539389 -0.528329
v -3.503686 5.744154 -0.505007
v -3.629286 0.125853 -0.501068
v -0.981389 0.000000 -0.508126
v 1.461702 0.000000 -0.508126
v 4.411955 0.000000 -0.508126
v 7.022011 0.000000 -0.508126
v 11.342033 0.000000 -0.508126
v 14.815454 0.000000 -0.508126
v 14.866014 5.126164 -0.504622
v 12.389794 5.420377 -0.505094
v 9.001275 6.294866 -0.505740
v 5.873411 8.546515 -0.506337
v 2.745548 8.235062 -0.506933
v -0.382314 7.042447 -0.507530
v 18.456635 1.498317 -0.607890
v 18.895348 4.923171 -0.669546
v 3.311932 0.000000 -0.508126
v -11.157838 4.356075 -0.408269
v -11.462999 1.740390 -0.408268
v -13.413577 1.442244 -0.392583
v -12.595123 4.245070 -0.392583
v -6.592154 4.836522 -0.468133
v -6.461271 0.730786 -0.471203
v -8.596250 1.359025 -0.448155
v -8.103122 4.638340 -0.448155
v 18.594023 2.217126 -1.002778
v 18.711060 2.635972 -1.292523
v 18.779478 3.597662 -1.182230
v 18.550335 1.919366 -0.606209
v 18.855263 4.573232 -0.648173
v 18.300831 2.299594 -0.988869
v 18.300293 2.729244 -1.143922
v 18.384859 3.517011 -1.091972
v 18.228649 2.097406 -0.584957
v 18.219685 2.835691 -0.549078
v 18.374048 4.237442 -0.597537
v 14.380124 4.898287 -7.661138
v 13.739894 4.378599 -8.143039
v 13.790709 4.553421 -8.824300
v 15.461946 6.162142 -8.482023
v 15.588730 6.399310 -8.953004
v 15.141825 5.974838 -9.113761
v 13.951704 5.076548 -7.903248
v 13.490960 4.792718 -8.306579
v 13.508166 4.817034 -8.778535
v 14.686474 5.927379 -8.430480
v 14.583195 5.986490 -8.785081
v 14.403315 5.761703 -8.989272
v 1.014929 4.691849 -5.385429
v 1.190389 5.885836 -2.690678
v 1.174145 7.239506 -1.355493
v 1.089597 5.090021 -4.344704
v 1.181617 7.664098 -0.507232
v 1.177532 7.472332 -1.086702
v 4.251004 6.531384 -2.695376
v 4.297026 8.249205 -1.354162
v 4.302670 8.489376 -1.085424
v 4.309479 8.672806 -0.506635
v 4.042770 4.766721 -5.373914
v 4.156114 5.259180 -4.344704
v 7.437344 7.614149 -0.506039
v 7.419908 7.295754 -1.352830
v 7.222630 5.263630 -4.344704
v 7.105020 4.798525 -5.380868
v 7.355479 6.146100 -2.695251
v 7.427811 7.465591 -1.084146
v 10.459950 5.431003 -2.695128
v 10.565207 5.713064 -0.505442
v 10.120063 4.783616 -5.290475
v 10.552948 5.617396 -1.082868
v 10.542789 5.586196 -1.351499
v 10.289145 5.097748 -4.344704
v -1.947607 6.167050 -1.087981
v -1.997006 5.547814 -1.960458
v -2.972113 5.086951 -2.729931
v -2.295315 4.760846 -5.404404
v -1.920410 6.013704 -1.343750
v -2.712251 4.990861 -4.300170
v -1.946245 6.315219 -0.507828
v 8.949867 5.928218 -1.970581
v 7.392361 6.784963 -1.970952
v -0.373885 6.043175 -1.952459
v 4.277349 7.489065 -1.971695
v 2.719844 7.089173 -1.972067
v 11.883166 5.355720 -1.969881
v 1.162387 6.561414 -1.976433
v 10.507371 5.530852 -1.970209
v 5.834855 7.430420 -1.971324
v -2.546839 5.033051 -3.474885
v 4.212258 5.757849 -3.474885
v 5.756745 5.767328 -3.474885
v 10.390207 5.275542 -3.474885
v 8.845721 5.437950 -3.474885
v 1.123643 5.435057 -3.466069
v -0.597233 5.182128 -3.466069
v 7.301233 5.637200 -3.474885
v 11.754504 5.164349 -3.474885
v 2.667772 5.638687 -3.474885
v -5.067411 5.264371 -0.488788
v -4.375602 5.412564 -1.062618
v -1.083231 5.452776 -2.364692
v -0.379941 5.582729 -2.448709
v 0.222881 5.607848 -2.656989
v 15.594909 4.503687 -6.771513
v 16.778479 5.246671 -1.467618
v 16.101519 4.874769 -5.519932
v 16.660833 5.249033 -2.708342
v 16.440311 5.184797 -4.212459
v 14.956652 4.177745 -7.872259
v 17.436642 5.502234 -2.708280
v 17.558811 5.499871 -1.467317
v 16.855814 5.127969 -5.519932
v 16.329718 4.756887 -6.771513
v 17.207638 5.437997 -4.212460
v 15.553450 4.385570 -7.872260
v 16.803223 5.245882 -1.080312
v 16.820927 5.245882 -0.504249
v 17.584509 5.499082 -1.079993
v 17.602892 5.499082 -0.504100
v 16.038961 5.090295 -0.504398
v 14.860100 4.348101 -6.771513
v 14.359853 4.049711 -7.872259
v 15.347223 4.719182 -5.519932
v 16.021938 5.090295 -1.080632
v 15.885026 5.093447 -2.708404
v 15.998143 5.091084 -1.467920
v 15.672984 5.029211 -4.212459
v 19.489237 4.968735 -0.852151
v 19.455145 4.827077 -0.795427
v 19.256214 3.886967 -1.630910
v 19.051039 2.913865 -1.724883
v 19.238747 3.809762 -1.522509
v 19.046440 2.892076 -1.634466
v -6.182696 3.321939 -10.945303
v -6.212484 1.047978 -10.263632
v -6.273257 4.036870 -8.606926
v -6.286776 1.482749 -8.412305
v -6.263893 1.265976 -9.041055
v -6.237805 1.092972 -9.685124
v -6.203350 3.744479 -10.381153
v -6.244171 4.063376 -9.327258
v -6.191785 1.425307 -10.759516
v -6.178860 2.038922 -11.028562
v -6.175673 2.714572 -11.096696
v -6.302368 1.712587 -7.928477
v -6.294444 3.520665 -8.077518
v -6.308403 2.520322 -7.737960
v -4.752602 1.061873 -10.227279
v -4.723932 3.249928 -10.884211
v -4.807173 3.938260 -8.634274
v -4.821084 1.473596 -8.444148
v -4.800122 1.261914 -9.048089
v -4.776073 1.098361 -9.668616
v -4.742762 3.653094 -10.340405
v -4.780291 3.959968 -9.326506
v -4.733278 1.426262 -10.705293
v -4.721046 2.016053 -10.965758
v -4.717768 2.666023 -11.031437
v -4.835243 1.701723 -7.980819
v -4.826995 3.442697 -8.125047
v -4.840382 2.480426 -7.798175
v -7.992994 3.411304 -11.021116
v -8.092638 4.159243 -8.572987
v -8.105671 1.494106 -8.372789
v -8.080406 1.271018 -9.032325
v -8.051788 1.086284 -9.705613
v -8.015916 3.857887 -10.431721
v -8.060820 4.191704 -9.328193
v -8.001766 1.424122 -10.826806
v -7.987978 2.067302 -11.106501
v -7.984908 2.774821 -11.177681
v -8.123044 1.726070 -7.863518
v -8.115521 3.617423 -8.018536
v -8.130190 2.569834 -7.663234
v -8.024172 1.030735 -10.308747
v -16.357889 4.075946 -1.298163
v -16.107822 2.812120 -0.954264
v -15.636645 3.092293 -1.274623
v -16.296364 3.634252 -1.335266
v -16.925901 4.193735 -1.464111
v -16.926296 4.049960 -1.447263
v -15.622740 2.830837 -1.191188
v -15.946597 4.070427 -0.971113
v -16.267185 2.689380 -0.790713
v -15.874781 4.078715 -0.790713
v -15.874782 4.078715 -0.369075
v -16.420414 1.472385 -0.369075
v -5.834899 1.401354 -2.355264
v -20.911585 3.076390 -0.898672
v -19.960238 3.054689 -1.075056
v -4.852376 2.820572 -3.673272
v -9.719294 2.087961 -7.661467
v -9.514386 2.160010 -7.858202
v -7.447178 2.236954 -8.087418
v -7.423976 2.333540 -8.351610
v -9.429496 2.326533 -8.374477
v -9.888501 2.374374 -8.549193
v -9.754439 2.450625 -8.814207
v -3.960054 3.723284 -5.047962
v -3.697257 2.041239 -7.812638
v -3.626997 3.787879 -5.541669
v -3.365255 2.271185 -7.614452
v -3.057897 3.522961 -5.960093
v -2.900645 2.611747 -7.205401
v -10.453794 2.225354 -1.507577
v -11.919700 2.673362 -1.406759
v -6.414357 1.299396 -1.912077
v -7.493525 1.681700 -1.763940
v -20.911585 3.013355 -0.761083
v -20.911585 2.404858 -0.355245
v -6.308149 2.024480 -7.754906
v -4.840394 2.003416 -7.814383
v -8.129603 2.050620 -7.681096
v -15.502958 2.904668 -1.255669
v -20.098919 2.294013 -0.569919
v 18.317602 5.466925 -0.849773
v -3.423206 5.728179 -0.828378
v -3.629286 0.125853 -0.819929
v -0.981389 0.000000 -0.831479
v 1.461702 0.000000 -0.831479
v 4.411955 0.000000 -0.831479
v 7.018989 0.000000 -0.831479
v 11.327616 0.000000 -0.831479
v 14.800921 0.000000 -0.831479
v 14.857101 5.122509 -0.825744
v 12.382080 5.396123 -0.826517
v 8.995207 6.228128 -0.827574
v 5.868860 8.467560 -0.828550
v 2.742514 8.154803 -0.829527
v -0.383831 6.958209 -0.830503
v 18.472641 1.622313 -0.871863
v 18.859221 4.559185 -1.021445
v 3.311932 0.000000 -0.831479
v -11.157838 4.356075 -0.668075
v -11.406096 1.841807 -0.668075
v -13.285546 1.949325 -0.642407
v -12.595123 4.245070 -0.642407
v -6.511547 4.855659 -0.768039
v -6.432820 0.730786 -0.771058
v -8.482444 1.359025 -0.733343
v -8.103122 4.638340 -0.733344
v -20.022205 3.881696 -0.573709
v 17.341215 0.319898 -0.841861
v -20.872019 3.097094 -0.600262
v -20.872021 3.715009 -0.596472
v -20.742069 3.216926 -0.604053
v -20.787468 3.428102 -0.604053
v -20.742069 3.639279 -0.604053
v 18.568922 2.046043 -0.835171
v 18.823442 4.173373 -0.962807
v 18.242601 2.197992 -0.835685
v 18.216377 2.788716 -0.895982
v 18.358368 3.904257 -0.903053
v 1.179341 7.578712 -0.830014
v 4.305686 8.591309 -0.829038
v 7.432033 7.546123 -0.828062
v 10.558377 5.659274 -0.827086
v -1.947004 6.248985 -0.830991
v -4.744982 5.334997 -0.807851
v 16.811066 5.245882 -0.825134
v 17.592655 5.499082 -0.824890
v 16.029480 5.090295 -0.825378
v 19.392300 4.532953 -1.307329
v 19.365292 4.419136 -1.221721
v -15.874781 4.078715 -0.603940
v -16.335060 2.080883 -0.603940
v -20.911585 2.709107 -0.581309
v -19.939684 2.964163 0.983954
v -20.878473 3.827254 1.074626
v 18.142069 5.464448 1.994411
v 17.000322 2.722996 2.501520
v -18.486822 4.004790 1.184626
v -5.842439 0.805287 1.858061
v -4.194558 5.001676 2.751314
v -4.891583 5.115208 2.002853
v -4.293691 0.430603 1.661922
v -5.681297 1.230450 2.303564
v -20.022203 3.881696 0.187250
v 17.354319 0.283781 0.284881
v -18.498348 1.445923 -0.000002
v 17.997519 5.607352 -0.000002
v -4.322225 5.494998 -0.000002
v -2.260672 0.015732 -0.000002
v 18.072472 0.842491 -0.000002
v -20.813559 1.942584 -0.000002
v 13.232224 1.651426 10.457751
v -2.048418 3.157231 10.925705
v -3.248580 1.188280 10.421458
v -3.277424 1.043318 9.873583
v -5.184284 4.904652 3.513896
v 17.966091 5.538128 3.460966
v -4.453738 1.747185 2.857726
v -3.229322 3.933755 8.869571
v -3.258749 4.400071 6.840616
v -4.183878 4.892446 4.952662
v 17.481226 3.672243 3.236263
v 17.058083 3.816457 4.582389
v 16.675079 3.387372 5.818202
v 15.966673 3.002470 7.159505
v 16.529104 4.615314 7.405473
v 17.225412 5.005901 6.133442
v 17.667923 5.368680 4.874950
v 17.573454 5.545510 4.210997
v 17.215233 5.236151 5.518394
v 16.679756 4.865070 6.769975
v 15.584587 4.357054 8.093037
v -2.530774 2.447331 3.712160
v -6.546460 4.029573 2.855684
v -20.416386 4.027026 1.184539
v -20.081032 2.949482 0.814701
v 18.250359 5.393189 1.211536
v -3.353064 5.672153 1.184769
v -3.655880 0.137030 1.181322
v -20.074936 3.882140 0.998059
v 17.522234 1.914509 1.935948
v -20.805267 3.023827 0.886932
v -18.291084 2.891692 0.914728
v 17.931412 5.589534 1.467439
v -5.487975 5.102236 1.392010
v -2.361877 0.088780 1.372468
v -2.733933 0.774794 2.191880
v 1.478342 0.793323 2.231061
v 6.575708 1.375869 2.304953
v 8.782929 1.585353 2.337678
v 12.175099 1.940869 2.392998
v 15.010029 2.339117 2.449205
v 15.440020 5.073295 2.708437
v 13.387103 5.162204 2.706900
v 9.683834 5.543746 2.695156
v 6.579360 6.362383 2.695280
v -0.003658 5.489791 2.742045
v -1.163142 6.690820 -0.000002
v 1.966238 7.968790 -0.000002
v 8.224999 6.957226 -0.000002
v 11.386977 5.603371 -0.000002
v 13.685114 5.266620 -0.000002
v 16.238613 0.034938 -0.000002
v 13.237590 0.000000 -0.000002
v 9.144839 0.000000 -0.000002
v 5.435060 0.000000 -0.000002
v 2.512730 0.000000 -0.000002
v 0.272293 0.000000 -0.000002
v -2.317007 1.045040 10.096348
v 0.051856 1.075562 10.740283
v 6.102025 1.066792 12.168498
v 7.925481 1.100391 12.060177
v 9.851010 1.224777 11.470011
v 13.342619 3.166030 10.663186
v 10.615687 2.668321 12.279406
v 8.038633 2.496271 12.916265
v 5.500423 2.451643 13.042793
v 3.023245 2.618406 12.063165
v 0.408329 2.892351 11.297421
v -1.596979 4.993618 4.338955
v 1.856226 5.143359 4.344700
v 7.989260 5.227286 4.344700
v 11.084068 5.057503 4.339190
v 13.276083 5.017159 4.228986
v -1.585310 4.669280 5.651978
v 1.561720 4.622897 5.615508
v 7.658513 4.714780 5.584182
v 10.679006 4.723387 5.447402
v 13.058730 4.692868 5.518190
v 10.691599 4.821324 6.875974
v 13.236671 4.794618 6.891396
v -2.111840 4.053868 8.036938
v 0.709918 4.022069 7.841894
v 6.607453 4.078100 7.812473
v 13.285360 5.633069 7.724675
v 11.524720 5.564784 7.838782
v 16.322392 3.672641 3.879783
v 13.694872 3.360468 3.823945
v 10.745962 3.217182 3.821303
v 7.676696 3.070718 3.821009
v 4.037067 2.789788 3.821593
v 1.168196 2.514184 3.818533
v 16.022718 3.137939 5.115835
v 12.090675 2.420130 5.791207
v 9.683512 2.371753 5.911849
v 7.361878 2.318195 6.057452
v 4.470068 2.173990 6.373906
v 0.090239 2.133355 6.210956
v 15.509885 2.717222 6.438820
v 14.539568 2.247325 8.183313
v -1.164782 6.307126 1.354878
v 1.954866 7.533171 1.355157
v 8.200629 6.664111 1.352494
v 11.351357 5.469751 1.356094
v 13.563969 5.227291 1.454025
v 16.396030 0.558967 1.442492
v 13.643712 0.425947 1.426165
v 9.835690 0.328177 1.414520
v 6.194417 0.242318 1.403056
v 3.001198 0.145145 1.390695
v 0.533375 0.067382 1.381264
v -0.969124 0.006532 1.198601
v 1.509752 0.013231 1.199719
v 4.496520 0.026751 1.201303
v 7.115388 0.035150 1.202514
v 11.385030 0.047260 1.204010
v 14.827207 0.058798 1.205372
v 14.840854 5.117931 1.202914
v 12.368067 5.367614 1.194106
v 8.987863 6.141593 1.190646
v 5.863353 8.299514 1.192018
v 2.738843 7.982533 1.193389
v -0.385683 6.782919 1.194762
v 12.979897 2.041789 7.626031
v -1.593203 1.952603 7.043030
v 13.495443 2.313835 6.417797
v -0.900360 2.583191 4.882234
v 2.258728 2.616217 4.945627
v 6.037375 2.839362 4.752809
v 8.701248 2.945266 4.659897
v 11.773046 2.999180 4.551190
v 14.817371 3.194970 4.476182
v -0.460267 1.615906 2.894267
v 3.153319 1.939575 2.945437
v 7.209069 2.394400 3.006831
v 10.151934 2.655006 3.053287
v 13.177654 2.942242 3.109115
v 15.688258 3.267213 3.164236
v 13.999823 4.227632 7.479307
v 14.191437 5.160465 9.262209
v 8.826050 4.654230 7.439718
v 14.058801 4.534277 6.162990
v 11.539320 4.577980 6.128860
v 8.636989 4.543821 6.256362
v 5.354957 4.353139 6.657146
v 2.345352 4.317065 6.668653
v -0.652913 4.321468 6.786878
v 14.379857 4.870543 4.887152
v 11.957541 4.881078 4.896434
v 8.673791 4.964287 4.907738
v 5.624045 5.005383 4.923383
v 2.576467 4.916592 4.923763
v -0.548807 4.844843 4.928627
v 14.552024 5.073247 3.471281
v 12.000706 5.114150 3.779221
v 8.809383 5.327277 3.881159
v 5.729494 5.519340 3.881159
v 2.649603 5.417438 3.881159
v -0.585250 5.103150 3.880048
v -0.902400 3.360564 10.656971
v -1.298959 1.005928 9.887942
v -0.004148 1.567388 7.851652
v 1.829892 1.233919 11.660124
v -1.204702 1.192246 10.584672
v 14.704337 5.113274 1.999015
v 12.143349 5.299773 2.241385
v 8.930652 5.818738 2.327718
v 5.820444 6.972177 2.328105
v 2.710237 6.654144 2.328492
v -0.425009 5.470049 2.571919
v -0.688612 0.211827 1.707575
v 2.592082 0.373527 1.734451
v 6.392860 0.690671 1.772290
v 9.342666 0.886714 1.801196
v 12.995459 1.165569 1.836786
v 15.744930 1.433270 1.869315
v -9.595532 1.202026 10.609241
v -9.622146 1.046831 10.029756
v -9.666942 4.301655 8.898106
v -9.694090 4.036049 8.269612
v -8.902757 3.453625 11.054497
v -4.052036 1.066767 10.205311
v -9.006631 4.215883 8.558710
v -3.325681 1.350604 8.712348
v -3.302285 1.165184 9.293253
v 14.758359 2.281751 9.044892
v -3.151244 3.399121 10.660430
v -3.173783 3.752241 9.818570
v 14.987523 3.798027 9.155509
v 13.570121 3.916855 8.695283
v 12.490702 3.359496 10.331636
v 15.331053 6.072426 9.214137
v 9.797027 3.066207 11.323791
v 8.284117 4.235064 8.802858
v 7.140228 2.991626 11.495671
v 4.872089 3.751945 8.691164
v 4.518836 2.937819 11.482014
v 2.059056 3.785009 8.662168
v 1.829253 3.138360 10.791426
v -0.769727 3.892660 8.717678
v -0.896572 3.637852 9.948847
v -1.660019 1.574413 7.888464
v -1.543749 1.423617 8.244151
v -1.207173 1.192757 9.021224
v 11.912440 1.592807 9.509020
v -9.704429 1.639348 8.070154
v -9.681130 1.420267 8.692642
v -9.652203 1.209612 9.381543
v -9.585590 3.714340 10.828355
v -9.623840 4.124161 9.900654
v -9.019383 1.503359 8.356335
v -8.993004 1.277793 9.029240
v -8.963209 1.087764 9.715076
v -8.926739 3.911025 10.454041
v -8.973543 4.251357 9.329049
v -9.454563 1.385227 9.379873
v -9.786986 2.140092 11.052686
v -9.501105 1.764167 8.219881
v 2.872969 1.475437 8.849367
v 0.068293 1.084039 9.965746
v -2.465846 1.440490 8.358134
v -2.381451 1.249594 8.860602
v -2.349821 1.075962 9.472512
v 0.537681 3.663375 9.427421
v 6.117752 3.467094 9.825638
v 9.638888 3.888222 10.014024
v 12.056358 3.953978 9.798530
v -2.063504 3.858702 9.274323
v -2.076980 3.557568 10.323477
v -19.963001 3.116440 1.079002
v -20.062103 3.420624 1.088025
v 18.152119 5.126865 2.685490
v 18.083485 4.249119 2.671845
v 17.925331 3.430128 2.603070
v -20.436161 3.888353 1.181329
v -6.178466 2.811480 2.583174
v 18.624489 5.296554 -0.000002
v 18.279531 3.638955 -0.000002
v 18.917233 2.758741 1.499897
v -20.795464 3.786088 -0.000002
v 14.251645 3.138111 10.268523
v 14.421975 2.688253 10.147488
v 14.203079 2.163182 10.025076
v -3.159932 2.918605 10.977504
v -3.183213 2.286019 11.006132
v -3.215028 1.667518 10.825277
v 17.912472 5.201202 4.175972
v 17.839169 4.589515 4.105921
v 17.657310 4.156718 4.001457
v 17.544027 4.907930 5.481563
v 17.463039 4.328416 5.407901
v 17.277712 3.928147 5.293771
v 16.997770 4.536849 6.733144
v 16.914291 3.957335 6.659482
v 16.728109 3.554608 6.547307
v 16.051550 4.038886 8.167360
v 15.992810 3.491460 8.089717
v 15.822200 3.058190 7.983606
v -4.882565 2.973008 3.716524
v -4.972938 3.726243 3.908237
v -20.799017 3.776725 0.900842
v -20.876900 3.429382 0.940444
v 18.288441 4.817232 1.480018
v 18.197590 3.359938 1.627741
v 17.890596 1.740969 1.594380
v 11.710742 2.549178 12.151462
v 11.096167 2.035855 12.884582
v 11.671381 1.505306 11.834104
v 9.132489 2.240942 13.304577
v 6.023012 1.260913 14.266131
v 9.081660 1.218065 12.979612
v 6.599001 2.144862 13.650379
v 8.521389 1.331502 13.927578
v 6.619177 1.131586 13.328044
v 4.496232 1.981678 13.652473
v 4.009923 1.580816 13.854930
v 4.544466 1.235307 13.422041
v 1.847147 2.394699 12.070361
v 1.793325 2.070035 12.082413
v 1.759020 1.544784 11.898753
v -0.933524 2.728636 11.244965
v -1.008143 2.229757 11.269913
v -1.128585 1.514869 10.963807
v -9.570733 3.164993 11.169176
v -9.567712 2.463281 11.197073
v -9.576419 1.763542 11.021108
v -9.721100 2.286584 7.619222
v -9.714468 3.138423 7.780852
v -9.395550 3.600055 10.660680
v -9.850583 1.199569 9.704576
v -9.822880 1.138216 10.285474
v -9.800548 1.517675 10.783435
v -9.784258 2.816833 11.146729
v -9.480330 1.571488 8.770671
v -9.792761 3.438366 10.979823
v -9.816129 3.877987 10.405257
v 15.210175 2.892329 9.039941
v 15.269480 3.322904 9.150332
v -9.510172 3.088951 7.963741
v -9.516009 2.335654 7.820839
v -9.387169 1.875202 10.822534
v -9.379472 2.487026 11.001631
v -9.382218 3.105456 10.984329
v -9.492096 3.882930 8.395932
v -9.404143 1.376804 10.464629
v -9.467888 4.121919 8.951908
v -9.429570 3.966758 9.839394
v -9.427809 1.240265 9.952779
v 0.321866 1.835506 11.522923
v 5.196538 1.313686 13.785086
v 5.196470 1.864864 13.947077
v 7.671168 1.332596 13.643847
v 7.671098 1.925325 13.818073
v 10.204460 1.512920 12.922485
v 10.204364 2.120271 13.100510
v 12.823956 1.959815 11.356188
v 12.825816 2.543620 11.527399
v 18.321705 2.436490 1.450781
v 18.453787 3.917553 1.310595
v -20.792629 3.244493 0.997655
v -20.855900 3.631241 0.996092
v -5.652368 3.880179 3.324517
v -5.490652 2.577055 3.051203
v 16.464058 3.583237 7.259461
v 16.578869 3.991199 7.346430
v 17.154636 3.967785 5.986118
v 17.268408 4.374713 6.072058
v 17.604170 4.322521 4.728528
v 17.715389 4.734142 4.813941
v 17.937075 4.272632 3.343563
v 18.029060 4.812199 3.411051
v -2.298942 1.355297 10.641064
v -2.179352 1.904737 11.000449
v -2.150859 2.560340 11.096686
v -20.872015 3.037512 0.195917
v -20.804729 3.254568 0.900995
v -20.872013 3.715009 0.194680
v -8.911340 1.427349 10.856154
v -8.897164 2.083332 11.140343
v -8.894163 2.804303 11.213892
v -18.045679 3.171236 1.176729
v -18.475752 3.644795 1.218002
v 18.038874 3.226337 2.084928
v 18.178675 4.331759 2.010070
v -9.861405 4.202546 9.337447
v -9.893446 4.163600 8.605978
v -9.922797 1.810125 7.920708
v -9.930456 2.624270 7.726300
v -9.916223 3.637472 8.069674
v -9.905051 1.593673 8.415606
v -9.879436 1.381457 9.054475
v -7.397830 1.558080 9.333999
v -7.436269 1.892440 8.381212
v -7.396872 3.481081 10.306885
v -7.419131 1.712268 8.830357
v -7.443331 3.004297 8.180320
v -7.448483 2.382152 8.056873
v -7.341912 1.999566 10.541640
v -7.335447 2.503660 10.695693
v -7.337849 3.018395 10.673374
v -7.428451 3.661625 8.532916
v -7.356038 1.587853 10.242145
v -7.408238 3.864841 8.997394
v -7.418435 3.716802 9.786378
v -7.375673 1.458745 9.813847
v -8.357228 2.778825 10.883998
v -8.359556 2.210032 10.780496
v -8.450188 3.932758 8.699549
v -8.422744 3.968428 9.325488
v -8.364703 3.315470 10.720160
v -8.413727 1.406210 9.632948
v -8.438299 1.559722 9.079487
v -8.417901 3.696181 10.228212
v -8.469595 3.483880 8.243448
v -8.390133 1.356871 10.128021
v -8.460112 1.741544 8.536334
v -8.475220 1.928587 8.116157
v -8.371111 1.680853 10.550224
v -8.481725 2.621882 7.951283
v -7.384698 1.616364 9.305434
v -7.415504 1.979337 8.565220
v -7.389675 3.363995 10.143476
v -7.401862 1.741503 8.899591
v -7.462102 3.103588 8.449845
v -7.466306 2.814224 8.358034
v -7.425037 2.445547 8.324511
v -7.338743 2.131624 10.351894
v -7.333086 2.537828 10.476904
v -7.334650 2.960855 10.438195
v -7.407584 3.488598 8.714112
v -7.411859 3.647462 9.615300
v -7.350538 1.803266 10.087945
v -7.391197 3.677960 9.092626
v -7.442473 3.554528 9.907222
v -7.366675 1.627327 9.719662
v -7.004662 3.705248 9.372701
v -7.043798 3.322851 8.466014
v -6.966516 1.881437 10.292591
v -6.981841 1.609871 9.947573
v -7.054102 2.623517 8.228563
v -7.028371 3.677390 8.824169
v -7.049310 2.065203 8.352638
v -6.957066 2.296357 10.490769
v -7.000708 1.578597 9.533772
v -7.020245 1.669991 9.085752
v -6.954931 2.751548 10.559329
v -7.037477 1.845587 8.664438
v -6.964459 3.223753 10.334381
v -9.388526 1.519507 9.356611
v -9.420728 1.930403 8.590548
v -9.343720 3.373860 10.358613
v -9.406498 1.650843 8.931622
v -9.424393 3.197231 8.471217
v -9.430516 2.776422 8.338662
v -9.430656 2.440885 8.344224
v -9.340107 2.111592 10.476585
v -9.334035 2.536961 10.607783
v -9.335303 2.980211 10.566358
v -9.411905 3.539961 8.755062
v -9.375975 3.789317 9.591191
v -9.352594 1.768863 10.192739
v -9.394902 3.747874 9.148346
v -9.358003 3.657980 10.016180
v -9.369597 1.560950 9.799458
v -8.457679 2.978783 8.385558
v -8.416198 3.356109 8.586310
v -8.345115 1.946306 10.289544
v -8.359691 1.674753 9.955156
v -8.428050 2.587898 8.327966
v -8.401619 3.631450 8.921202
v -8.383608 3.749858 9.340245
v -8.422501 2.101200 8.470796
v -8.397846 3.703395 9.769938
v -8.382352 3.503826 10.138576
v -8.335950 2.326591 10.493955
v -8.377458 1.555573 9.542755
v -8.395712 1.601850 9.113950
v -8.333591 2.756064 10.539230
v -8.411674 1.805523 8.733719
v -8.338620 3.171808 10.410765
v -9.772262 2.334645 10.525255
v -9.851216 3.345173 8.653769
v -9.857125 2.113267 8.540805
v -9.830879 1.617852 9.169386
v -9.815131 3.270204 10.246320
v -9.894114 3.078229 8.614387
v -9.785636 3.490320 10.181176
v -9.812040 2.190525 10.347229
v -9.807934 2.933496 10.424013
v -9.822722 1.897372 10.104441
v -9.862883 2.590746 8.400049
v -9.801276 3.691779 9.809048
v -9.837264 1.719534 9.768048
v -9.781261 1.962188 10.323997
v -9.819170 3.735368 9.388228
v -9.769934 2.755845 10.568786
v -9.842721 3.625564 9.589908
v -9.806847 2.554364 10.459448
v -9.846520 1.819310 8.797256
v -9.853456 1.684085 9.389260
v -9.862188 2.975911 8.450324
v -9.812985 1.574262 9.590206
v -9.858911 3.590116 9.211121
v -9.873776 3.410008 8.874059
v -9.836594 3.614454 8.982782
v -9.881001 2.035545 8.734008
v -9.898141 2.803209 8.527199
v -9.827347 3.513226 9.953421
v -9.868829 1.796423 9.025747
v -9.774630 3.161664 10.447960
v -9.889751 2.474447 8.524046
v -9.795562 1.695177 9.995651
v -9.792112 1.835867 9.233169
v -9.752969 2.107527 10.144083
v -9.782875 3.506455 9.405820
v -9.747736 3.053838 10.241882
v -9.777995 1.801477 9.565168
v -9.717571 2.044562 9.419377
v -9.734638 2.260095 9.013413
v -9.720956 3.227737 9.308797
v -9.710906 3.249743 9.543930
v -9.693781 3.029152 9.951401
v -9.730627 3.107100 9.098103
v -9.691863 2.358937 10.014040
v -9.689311 2.820139 10.061705
v -9.698492 2.176961 9.863329
v -9.740418 2.545354 8.883264
v -9.701364 3.180008 9.769582
v -9.707520 2.066567 9.654510
v -9.727114 2.114296 9.193726
v -9.742988 2.821891 8.931439
v -9.688638 2.584791 10.083699
v -9.821792 2.649330 8.641661
v -9.768758 3.472065 9.737821
v -9.744031 2.733673 10.337206
v -9.812809 2.225891 8.737503
v -9.756418 3.313128 10.031405
v -9.804453 1.994805 8.939581
v -9.764249 1.896872 9.885039
v -9.813877 3.152711 8.814014
v -9.745868 2.401372 10.302864
v -9.796622 3.411060 9.085948
v 4.698865 1.154201 2.277309
v 3.474887 6.413185 2.695404
v 5.095618 8.719762 -0.000002
v 3.829807 0.000000 -0.000002
v 4.197617 1.166541 11.032005
v 3.913224 2.534577 12.586042
v 4.922743 5.279181 4.344700
v 4.582485 4.697642 5.598443
v 3.626562 4.023305 7.749252
v 5.709045 2.927102 3.821279
v 5.851031 2.266855 6.152946
v 5.077747 8.283190 1.353825
v 4.448687 0.195518 1.396352
v 3.368636 3.439929 9.747518
v 4.310514 1.097142 13.075473
v 3.914993 2.366061 12.612981
v 3.063457 2.112393 12.407654
v 4.975713 0.579066 1.758181
v 5.139103 1.048605 11.652529
v 5.696855 2.233298 2.983919
v 4.665867 2.766790 4.802679
v 3.382882 0.021995 1.200712
v 4.307937 1.189853 12.713397
v 4.320180 1.582132 13.207722
v 4.307695 2.065797 12.968013
v 3.874781 1.824563 12.601298
v 3.874795 1.588614 12.531643
v 4.001006 1.333265 12.394433
v 4.000844 2.067094 12.608590
v 4.040330 1.048090 12.171078
v 3.059822 1.398815 12.194975
v 2.956966 1.757643 12.344891
v 4.245401 2.069714 13.369750
v -20.600203 4.076908 1.233159
v -18.979219 4.157270 1.330726
v -5.949911 4.717288 3.681419
v -4.761831 4.790906 5.102737
v -5.398847 4.698987 4.390582
v -4.228606 4.487254 5.939449
v -6.735295 4.406529 3.049451
v -4.736793 4.569666 5.026758
v -5.923429 4.410322 3.585322
v -18.979431 4.037035 1.321746
v -6.489950 4.689575 2.978559
v -4.066470 4.691813 5.799728
v -5.203134 4.435081 4.194999
v -5.207284 4.910420 4.334967
v 12.848322 2.060282 11.795665
v 10.540761 1.561342 13.503491
v 7.677585 1.251228 14.675985
v 3.942192 1.245501 14.809054
v 4.794878 1.153869 14.773685
v 4.794879 1.341602 14.829347
v 6.570099 1.147928 14.680915
v 6.570099 1.390935 14.752964
v 9.391854 1.323363 13.973340
v 9.391855 1.583070 14.050342
v 11.936316 1.745010 12.439103
v 11.936316 1.994690 12.513132
v 13.335776 2.408034 11.300486
v 3.986432 1.321733 14.325780
v 8.521379 1.724734 14.043953
v 6.023003 1.617135 14.371566
v 13.334750 2.140121 11.221328
v 3.986426 1.532273 14.388076
v 11.096178 1.633857 12.765646
v -3.962415 3.808986 5.072206
v -3.698247 2.208960 7.777093
v -3.496539 2.862292 6.599704
v -3.625284 3.845985 5.557731
v -3.612576 4.078436 5.671563
v -3.312634 4.029278 6.090450
v -3.325357 3.403889 5.959548
v -3.366049 2.408975 7.585254
v -3.366644 3.010144 7.644778
v -3.160074 3.452906 7.341573
v -3.484014 3.863151 6.751413
v -3.350256 3.879241 5.695426
v -3.001713 2.940200 6.598981
v -3.056732 3.586593 5.967816
v -3.058491 3.844471 6.060460
v -2.900987 2.723252 7.185933
v -2.910733 3.198660 7.244679
v -2.992195 3.720604 6.710339
v -2.880262 3.300889 6.596691
v -3.167390 2.439343 7.237220
v -3.120647 2.713732 7.495322
v -20.760551 3.549529 -0.000002
v -20.760551 3.306676 -0.000002
v -20.772806 3.513551 0.897220
v -20.772802 3.342654 0.897220
v -20.742069 3.216926 0.197154
v -20.787468 3.428103 0.197154
v -20.742069 3.639279 0.197154
v -20.796423 3.680421 -0.000002
v -20.804731 3.602894 0.900617
v -20.796423 3.162665 -0.000002
v -10.882002 4.371224 1.800592
v -11.383917 2.326748 1.352663
v -10.128366 1.624764 -0.000002
v -11.927058 4.287723 -0.000002
v -9.682355 1.658428 1.131430
v -12.075370 4.270608 1.078234
v -9.429650 2.425643 1.691850
v -10.796598 3.544922 1.836082
v -11.495049 4.326393 2.058635
v -11.496284 4.091980 2.006135
v -12.808782 4.210709 1.863459
v -11.364664 3.097649 1.602188
v -10.448242 2.106786 1.483375
v -12.482322 3.889159 1.748998
v -12.494562 4.284999 1.795324
v -11.179504 4.353575 0.963885
v -11.325189 1.961284 0.958802
v -10.867433 1.976176 1.245019
v -11.691087 4.298213 1.370131
v -12.779157 4.224577 1.551064
v -12.563869 1.556418 -0.000002
v -12.101717 2.288762 1.043441
v -11.482797 2.798887 1.484637
v -12.661821 3.597594 1.587354
v -13.369839 4.260510 1.763369
v -13.370657 4.071111 1.728575
v -13.538364 2.739398 1.264102
v -13.912930 4.173095 -0.000002
v -14.019289 4.160822 1.019483
v -12.518217 2.565753 1.178600
v -13.122138 2.545385 0.921195
v -13.701592 3.885295 1.606457
v -14.043313 4.191164 1.707716
v -12.669962 3.246153 1.479812
v -11.944824 2.623283 1.387119
v -13.714644 4.227951 1.640815
v -12.611713 4.243156 0.925086
v -13.007389 4.202349 1.275006
v -6.668451 1.152722 1.691487
v -7.185263 4.730180 -0.000002
v -7.461894 4.699752 1.302965
v -7.054605 4.716954 2.335034
v -5.113799 0.390250 -0.000002
v -5.236742 0.454354 1.309605
v -6.476316 1.888804 2.143132
v -7.281664 3.489647 2.372204
v -7.738977 4.468796 2.689394
v -7.739799 4.145263 2.601202
v -7.358243 4.727585 1.751739
v -6.420460 4.877852 1.118439
v -8.546173 4.515764 2.415236
v -6.333864 1.096165 1.869568
v -7.479943 2.744925 2.093179
v -8.802406 4.289123 2.488324
v -8.554014 3.914443 2.320894
v -6.398802 0.733932 1.109688
v -6.321050 0.815007 1.511503
v -8.777807 4.538320 2.081722
v -7.587711 1.055985 -0.000002
v -7.184365 1.062994 1.230563
v -7.245171 2.097911 1.925307
v -8.744192 3.503839 2.116309
v -9.416056 4.400621 2.391297
v -9.417761 4.115491 2.318848
v -9.030628 1.716671 1.511986
v -9.665841 4.493941 -0.000002
v -9.889625 4.468117 1.183930
v -7.801183 1.377262 1.413911
v -8.337022 1.359526 1.054430
v -9.986455 3.904909 2.111454
v -8.944011 4.541973 1.612015
v -8.137702 4.634350 1.062542
v -9.992159 4.430064 2.188211
v -7.404253 1.538099 1.728136
v -8.751896 2.868684 1.913367
v -10.269627 4.260406 2.259485
v 13.913370 6.437014 8.446216
v 15.245357 6.470024 8.462962
v 14.562538 6.748999 9.116721
v 15.607912 6.800588 9.128621
v 15.928331 6.733922 8.874175
v 15.154566 6.814446 8.895980
v 13.325148 6.372810 8.662759
v 15.742762 6.620283 9.257453
v 14.985617 6.686492 9.327545
v 13.149478 6.208254 9.217773
v 13.572030 6.146101 9.427402
v 14.836065 6.195665 9.388319
v 10.982126 5.381535 8.573055
v 14.902674 5.589892 7.776641
v 12.618622 5.119579 9.461873
v 10.990049 5.105282 9.338222
v -20.023699 3.881432 0.820318
v 17.327848 0.514154 1.243607
v -20.092932 2.614742 0.663187
v 18.309835 5.427372 0.981851
v -3.375843 5.718182 0.964504
v -3.629286 0.125853 0.954112
v -0.981389 0.000000 0.967553
v 1.461702 0.000000 0.967553
v 4.411955 0.000000 0.967553
v 7.017718 0.000000 0.967553
v 11.321548 0.000000 0.967553
v 14.794806 0.000000 0.967553
v 14.853351 5.120734 0.960879
v 12.378833 5.385120 0.961779
v 8.992652 6.197378 0.963009
v 5.866945 8.419696 0.964145
v 2.741237 8.106023 0.965281
v -0.384470 6.907097 0.966417
v 18.481470 1.695782 0.965095
v 18.596203 1.814366 0.615244
v 18.831953 4.332572 1.154492
v -20.873320 3.163672 0.855658
v -20.873320 3.707548 0.850541
v 3.311932 0.000000 0.967553
v -20.745924 3.223868 0.857019
v -20.786001 3.428103 0.857019
v -20.745924 3.632337 0.857019
v -11.157838 4.356075 0.777407
v -11.382148 1.900121 0.777406
v -13.231667 2.240896 0.747538
v -12.595126 4.245071 0.747538
v -6.463596 4.866928 0.894668
v -6.420846 0.730786 0.897244
v -8.434550 1.359025 0.853357
v -8.103122 4.638340 0.853357
v -7.161496 4.735712 0.986508
v -9.889780 1.652653 0.916416
v -7.359067 1.055985 0.986754
v -3.785218 5.576835 1.074254
v -11.927058 4.287723 0.853985
v -18.374084 2.770673 0.762865
v -12.320312 2.225766 0.853985
v -9.665841 4.493941 0.916416
v -20.796421 3.176610 0.790237
v -20.760551 3.549529 0.790857
v -20.760551 3.306676 0.790857
v 2.512729 0.000000 1.088616
v -20.796423 3.680421 0.789616
v -20.808588 2.932660 0.748050
v 18.720205 3.187932 1.416491
v 18.524557 2.068820 1.242265
v 18.078564 1.135684 1.111531
v 1.958816 7.767314 1.086380
v 5.083955 8.520104 1.085102
v 8.209095 6.782671 1.083824
v 11.366787 5.494035 1.082532
v 13.661808 5.235818 1.081594
v 17.965689 5.586859 1.082028
v 13.193815 0.000000 1.088616
v 9.119740 0.000000 1.088616
v 5.434004 0.000000 1.088616
v 3.829807 0.000000 1.088616
v 0.272293 0.000000 1.088616
v -2.260672 0.015732 1.086726
v 18.524004 4.771410 1.143524
v 16.202166 0.048199 1.089994
v -13.912930 4.173095 0.819282
v -1.166322 6.502631 1.087658
v -5.103858 0.390250 1.042813
v -20.795467 3.786088 0.762318
v -20.022203 3.881696 0.474104
v 17.344191 0.306454 0.705810
v -20.872015 3.067937 0.496047
v -20.872019 3.715009 0.492915
v -20.742069 3.216926 0.499180
v -20.787468 3.428103 0.499180
v -20.742069 3.639278 0.499180
v -20.122543 1.638610 0.186013
v 18.337532 5.557765 0.283558
v -3.517709 5.746852 0.269529
v -3.629286 0.125853 0.267613
v -0.981389 0.000000 0.271383
v 1.461702 0.000000 0.271383
v 4.411955 0.000000 0.271383
v 7.024008 0.000000 0.271383
v 11.351558 0.000000 0.271383
v 14.825054 0.000000 0.271383
v 14.871906 5.127894 0.269511
v 12.394888 5.434035 0.269764
v 9.005286 6.331748 0.270109
v 5.876420 8.560270 0.270427
v 2.747553 8.248749 0.270746
v -0.381311 7.056767 0.271065
v 18.450968 1.449826 0.336184
v 18.585461 1.739282 -0.000002
v 18.907888 5.024547 0.364550
v 3.311932 0.000000 0.271383
v -11.157838 4.356075 0.218050
v -11.500595 1.722643 0.218050
v -13.498170 1.353505 0.209672
v -12.595126 4.245071 0.209672
v -6.606260 4.833168 0.249835
v -6.480070 0.730786 0.251663
v -8.671442 1.359025 0.239353
v -8.103122 4.638340 0.239353
v -5.110242 0.390250 0.486744
v -1.164280 6.675961 0.507676
v -13.912930 4.173095 0.382409
v 16.225512 0.036742 0.510754
v 18.612135 5.223001 0.582491
v -2.260672 0.015732 0.507241
v 0.272293 0.000000 0.508123
v 3.829807 0.000000 0.508123
v 5.434683 0.000000 0.508123
v 9.135860 0.000000 0.508123
v 13.221929 0.000000 0.508123
v 17.987047 5.604368 0.507069
v 13.676777 5.258074 0.504845
v 11.379756 5.565319 0.505283
v 8.219311 6.919096 0.505886
v 1.963583 7.952923 0.507079
v 18.072186 0.885384 0.570584
v 19.039232 3.691222 1.341368
v 18.917299 2.773020 1.609630
v 5.091445 8.703536 0.506483
v 2.512730 0.000000 0.508123
v -20.796423 3.163932 0.368851
v -9.665841 4.493941 0.427747
v -12.476737 1.617268 0.398606
v -18.453892 1.566355 0.356075
v -11.927058 4.287723 0.398607
v -4.275892 5.502401 0.498409
v -7.505913 1.055985 0.460578
v -10.043011 1.627299 0.427747
v -7.183248 4.730660 0.460194
v -20.760551 3.549529 0.369141
v -20.760551 3.306676 0.369141
v -20.796421 3.680421 0.368562
v -20.811779 2.032591 0.349160
v -20.795464 3.786088 0.355820
v 18.582823 4.629775 -0.000002
v 18.431290 2.258453 0.986954
v 18.579361 2.117187 0.906612
v 18.385195 1.981910 0.598223
v 18.804903 3.930506 1.076950
v 18.744253 3.128771 1.265819
v 18.622566 2.373111 1.137975
v 18.543068 1.869827 0.338469
v 18.572346 4.507181 0.616363
v 18.865639 4.677330 0.355354
v 18.532888 3.564992 1.111192
v 18.478342 2.692532 1.198931
v 18.756458 2.489322 1.369340
v 18.641827 2.135691 1.039788
v 18.186422 2.317021 -0.000002
v 18.257673 2.251144 0.918846
v 18.226171 2.760162 1.038106
v 18.357475 3.707534 1.014508
v 18.333076 3.172485 1.137178
v 18.281990 2.434148 1.069866
v 18.223759 2.058042 0.323810
v 18.223255 2.843977 0.293490
v 18.380781 4.317839 0.326143
v 18.187140 2.347965 0.561069
v 18.270744 3.578486 0.568302
v 18.375656 1.915727 -0.000002
v 13.983690 4.536040 7.770881
v 14.439493 5.246228 9.029406
v 13.604384 4.314108 8.519411
v 15.159451 6.272741 8.900419
v 15.628427 6.401031 8.788334
v 15.484749 6.316965 9.071870
v 14.962479 5.552226 7.997338
v 15.859305 6.569047 9.024796
v 13.731326 4.385300 8.908576
v 13.741184 4.207362 8.084157
v 15.703704 6.291872 8.473989
v 14.440063 4.797342 7.478423
v 13.685744 4.906890 8.016137
v 13.894222 5.282780 8.906125
v 13.392386 4.735247 8.595056
v 13.919176 5.389644 8.545692
v 14.659419 6.009525 8.612746
v 14.501306 5.917014 8.924767
v 14.282811 5.510143 8.139277
v 15.065178 6.068857 8.476217
v 13.543118 4.506147 8.192311
v 13.594044 4.656877 8.795797
v 14.117384 4.963082 7.763032
v 14.773308 5.898085 9.052197
v -3.746989 3.092273 4.512802
v -3.307261 2.592553 6.662810
v -2.540622 2.709533 5.772655
v -2.514050 1.810241 7.628809
v -3.738930 3.854365 7.949342
v -9.037592 1.735681 7.835905
v -3.352685 1.578300 8.162038
v -3.966994 4.170234 5.215270
v -3.517939 3.474516 7.529377
v -3.687888 2.946661 7.877461
v -9.030292 3.662876 7.993437
v -9.045271 2.594874 7.631352
v -3.773006 3.990576 5.438559
v -3.692950 4.031075 6.656671
v -3.692258 3.412717 5.772586
v -4.474970 4.346309 4.776906
v -4.372204 3.723880 4.526941
v -3.786506 4.318057 6.965467
v -3.820606 4.086206 6.784934
v -4.098270 4.387233 5.664904
v -3.501699 2.201183 7.417384
v -3.713998 4.183822 5.924596
v -3.492565 2.554659 7.708657
v -1.009812 5.394101 2.487782
v 0.410576 4.620226 5.622949
v 1.928132 6.070285 2.694863
v 0.393409 6.943356 1.355824
v 0.307454 5.040037 4.344691
v 0.399652 7.367805 0.507378
v 0.396247 7.173600 1.087019
v 0.401548 7.384434 -0.000002
v 1.183121 7.678654 0.270905
v 1.109703 5.268600 3.880057
v 1.176588 7.399236 1.194075
v 1.057173 4.872395 4.892169
v 1.166148 6.189907 2.336572
v 1.178384 7.526889 0.965849
v 5.027122 6.570435 2.695342
v 3.516306 8.074996 1.354491
v 3.521385 8.313917 1.085741
v 3.527514 8.494997 0.506781
v 3.435695 4.664901 5.598822
v 3.389484 5.230498 4.344700
v 3.530928 8.510657 -0.000002
v 4.311986 8.686941 0.270587
v 4.103820 4.985271 4.890355
v 4.304090 8.541859 0.964713
v 4.189548 5.498723 3.881159
v 4.301097 8.416582 1.192704
v 4.265340 7.007415 2.328298
v 6.655378 8.177559 0.506185
v 6.639187 7.807838 1.353160
v 6.456002 5.283965 4.344700
v 6.660310 8.192995 -0.000002
v 6.506321 4.714638 5.608518
v 8.131597 5.908771 2.695218
v 6.646526 8.013498 1.084463
v 7.440853 7.630912 0.270268
v 7.425610 7.411541 1.191332
v 7.429800 7.506730 0.963577
v 7.375548 6.462554 2.327912
v 7.155885 5.012343 4.891449
v 7.269439 5.457094 3.881159
v 11.259507 5.331836 2.695660
v 9.783242 5.916925 0.505588
v 9.789689 5.977541 -0.000002
v 9.513944 4.736139 5.453197
v 9.771664 5.803584 1.083185
v 9.762070 5.760359 1.351828
v 9.522517 5.139904 4.344700
v 10.200520 4.928264 4.877221
v 10.555505 5.636808 0.962441
v 10.550117 5.602373 1.189961
v 10.569717 5.748822 0.269950
v 10.349327 5.204249 3.881159
v 10.485754 5.489028 2.327525
v -2.706890 5.897157 1.087659
v -2.946372 5.496011 1.738923
v -2.729020 6.017240 -0.000002
v -1.784050 5.204066 2.724313
v -2.881114 4.709438 5.658731
v -2.666665 5.784111 1.333792
v -3.809537 4.980513 4.233568
v -2.727400 6.007673 0.507584
v -1.947323 6.208864 0.966985
v -1.944381 6.114618 1.193812
v -1.945744 6.326530 0.271224
v -1.897770 5.827758 1.593411
v -2.792984 5.017411 3.779165
v -2.629148 5.260889 2.312460
v -2.471672 4.891299 4.888638
v 8.967749 6.024941 1.626712
v 7.408008 7.077355 1.627259
v -0.388342 6.361295 1.627478
v 4.288525 7.925281 1.628354
v 2.728785 7.502429 1.628902
v 12.182397 5.349007 1.717024
v 1.169051 6.940220 1.629949
v 10.527488 5.562790 1.626164
v 5.848266 7.840286 1.627807
v 5.056102 7.533283 1.971506
v 9.728620 5.676151 1.970392
v 8.171114 6.330967 1.970763
v -1.117233 5.805472 1.934896
v 0.386364 6.288396 1.977354
v 3.498596 7.324123 1.971878
v 1.941097 6.831638 1.972749
v 6.613608 7.170534 1.971135
v 11.269539 5.426204 1.970024
v -2.915175 5.028768 3.180641
v 4.232794 6.104734 3.079893
v 5.781389 6.102399 3.079886
v 10.427172 5.354155 3.079862
v 8.878579 5.563742 3.079870
v 1.147282 5.634580 3.060572
v -0.619081 5.275962 3.064254
v 7.329985 5.865853 3.079878
v 12.061217 5.189879 3.176849
v 2.684200 5.910108 3.079901
v 3.440015 5.710068 3.474882
v 8.073478 5.538016 3.474882
v 6.528990 5.717574 3.474882
v 1.895573 5.545887 3.473780
v -1.689587 5.084613 3.473780
v 11.146006 5.206459 3.474882
v 4.984502 5.779181 3.474882
v 0.329799 5.310023 3.455045
v 9.617965 5.351777 3.474882
v -5.878240 5.026205 0.477918
v -5.378468 5.140718 1.036792
v -5.924589 5.015321 -0.000002
v -4.930378 5.294396 0.664228
v -4.193527 5.443663 1.169892
v -5.123836 5.251978 0.260303
v -1.439785 5.470543 2.235889
v -0.350683 5.772186 2.247408
v 0.559657 5.711297 2.678009
v -0.793066 5.512526 2.382997
v 0.028050 5.634241 2.538357
v 15.227501 4.408879 6.771510
v 16.388311 5.151862 1.467766
v 15.724372 4.779960 5.519929
v 17.048738 5.369411 2.708308
v 16.056648 5.089989 4.212456
v 14.585683 4.060413 8.032357
v 16.732956 5.248150 1.998535
v 15.874782 4.689229 6.145720
v 16.287800 5.052678 4.887152
v 15.261483 4.322513 7.383215
v 16.563759 5.240404 3.471261
v 17.806616 5.604203 2.707279
v 17.168646 5.367049 1.467464
v 16.478670 4.995147 5.519929
v 15.962312 4.624065 6.771510
v 16.823977 5.305175 4.212456
v 15.114289 4.216541 8.032357
v 17.511539 5.501350 1.998350
v 16.620354 4.942428 6.145720
v 17.049257 5.305877 4.887152
v 15.965611 4.568438 7.383215
v 17.335833 5.493605 3.471253
v 16.412579 5.151073 1.080469
v 16.439617 5.151073 -0.000002
v 16.429947 5.151073 0.504320
v 16.797878 5.245980 1.202066
v 16.806915 5.245882 0.960169
v 16.827444 5.245882 0.269312
v 17.193867 5.366260 1.080149
v 17.221962 5.366260 -0.000002
v 17.211912 5.366260 0.504171
v 17.578959 5.499181 1.201727
v 17.588341 5.499082 0.959885
v 17.609663 5.499082 0.269233
v 15.599109 5.074114 0.504479
v 14.492812 4.343293 6.787716
v 14.060615 3.995109 8.070058
v 15.608377 5.074430 -0.000002
v 14.922933 4.695090 5.519929
v 15.582466 5.073238 1.080808
v 16.272930 5.154224 2.708371
v 15.554881 5.073664 1.468088
v 15.237074 5.005786 4.212456
v 16.016798 5.090394 1.202405
v 15.954374 5.092564 1.998720
v 15.791685 5.084818 3.471269
v 16.025490 5.090295 0.960453
v 15.129205 4.533642 6.145720
v 16.045229 5.090295 0.269392
v 15.526340 4.897092 4.887152
v 14.557357 4.171330 7.383215
v 19.568996 4.944180 0.852351
v 19.334442 4.276571 1.481250
v 19.147900 3.324085 1.724709
v 19.516672 5.122326 0.463289
v 19.317766 3.888793 1.639444
v 19.607145 5.158314 -0.000002
v 19.311405 4.177247 1.384570
v 19.137962 3.278799 1.610932
v 19.479797 4.965921 0.432317
v 19.057873 2.829020 1.715535
v 19.054874 3.817281 1.474543
v 19.224428 4.891964 0.776372
v 19.252056 5.077925 -0.000002
v 19.183496 4.681325 0.715707
v 19.206541 4.843437 -0.000002
v -5.420357 3.284307 10.913373
v -7.085346 1.039671 10.285365
v -5.507093 3.985337 8.621215
v -5.520818 1.477966 8.428942
v -5.498938 1.263853 9.044727
v -5.473916 1.095788 9.676495
v -5.440059 3.696722 10.359855
v -5.479160 4.009336 9.326861
v -5.429580 1.425806 10.731175
v -5.417017 2.026971 10.995738
v -5.413784 2.689201 11.062593
v -5.535661 1.706910 7.955826
v -5.527567 3.479920 8.102354
v -5.541226 2.499473 7.769424
v -6.175987 2.376305 11.085964
v -6.184199 1.716331 10.923369
v -6.201340 1.188346 10.531302
v -6.223190 3.929077 9.862326
v -6.302977 3.013801 7.867766
v -6.284420 3.858735 8.328454
v -6.190306 3.548992 10.737056
v -6.251005 1.173431 9.367784
v -6.275969 1.372125 8.718946
v -6.295815 1.591347 8.136518
v -6.224798 1.032466 9.982161
v -6.309535 2.211570 7.715190
v -6.260555 4.102134 8.919328
v -6.177949 3.038149 11.055980
v -5.449561 1.055239 10.244632
v -4.013518 3.216865 10.860322
v -4.119217 3.908863 8.600230
v -4.118940 1.468123 8.454506
v -4.098549 1.259162 9.044576
v -4.075183 1.099588 9.652461
v -4.029862 3.611623 10.323023
v -4.066262 3.913504 9.323628
v -4.031632 1.423470 10.679583
v -4.016978 2.001945 10.940560
v -4.010533 2.641724 11.006964
v -4.146811 1.710104 7.981925
v -4.164030 3.427702 8.104278
v -4.180122 2.467027 7.819322
v -4.719701 2.977435 10.991552
v -4.795406 3.999144 8.934443
v -4.841580 2.183407 7.776210
v -4.764034 1.043725 9.955481
v -4.829310 1.581761 8.179949
v -4.811203 1.364824 8.738441
v -4.788259 1.173543 9.362630
v -4.730829 3.466738 10.683203
v -4.817572 3.767756 8.366505
v -4.835125 2.955131 7.923153
v -4.760983 3.830049 9.841127
v -4.742219 1.198249 10.485299
v -4.726133 1.705968 10.863744
v -4.718227 2.340522 11.021330
v -7.054889 3.364994 10.981826
v -7.149826 4.095829 8.590571
v -7.163111 1.488220 8.393264
v -7.139080 1.268405 9.036845
v -7.111772 1.089750 9.694994
v -7.076635 3.799118 10.405514
v -7.119424 4.125203 9.327704
v -7.063825 1.424736 10.791932
v -7.050484 2.052595 11.066111
v -7.047355 2.743600 11.135712
v -7.179562 1.719083 7.897175
v -7.171831 3.567283 8.049097
v -7.186131 2.544176 7.701954
v -8.934531 1.027114 10.328678
v -7.985038 2.420711 11.166173
v -7.993631 1.729192 10.997368
v -8.012082 1.176057 10.588392
v -8.037762 4.051969 9.888633
v -8.124552 3.086609 7.799033
v -8.104752 3.971638 8.281234
v -8.001490 3.651068 10.803889
v -8.066247 1.173292 9.374179
v -8.093716 1.381185 8.694755
v -8.115718 1.603243 8.082623
v -8.037580 1.018494 10.015273
v -8.131239 2.246519 7.639465
v -8.078777 4.229944 8.900571
v -7.987607 3.113494 11.135935
v -14.562659 4.143062 1.412361
v -14.819978 1.288464 -0.000002
v -14.245476 2.719973 0.994531
v -13.561470 3.008010 1.369455
v -14.471784 3.625741 1.449098
v -15.140908 4.223888 1.599243
v -15.141496 4.059511 1.574291
v -17.977747 2.908175 1.117200
v -18.169706 3.980502 -0.000002
v -18.207111 3.976094 0.924089
v -14.477009 2.599269 0.819282
v -18.169706 3.980502 0.763485
v -18.169704 3.980502 0.356364
v -14.697279 1.407628 0.382409
v -16.476810 1.365899 0.197117
v -15.874783 4.078714 0.197117
v -15.874783 4.078714 0.702776
v -16.299143 2.430769 0.702776
v -16.661594 3.874446 1.392841
v -16.227753 2.795998 0.864836
v -15.862707 2.816019 1.079062
v -17.019117 4.161874 1.474314
v -15.518042 2.862684 1.242867
v -15.919977 3.343205 1.296416
v -16.668791 4.142455 1.409263
v -15.883759 4.077679 0.866942
v -16.105732 4.058686 1.132449
v -5.914433 1.594688 2.397268
v -20.906635 2.742044 -0.000002
v -20.908693 3.132082 0.912079
v -19.883484 3.002301 1.069830
v -4.732948 2.689839 3.641182
v -9.716713 1.914217 7.724617
v -9.512075 2.006404 7.914064
v -7.445288 2.109228 8.133347
v -7.422550 2.227353 8.387504
v -9.428035 2.214261 8.411697
v -9.887251 2.278342 8.581029
v -9.738605 2.410211 8.916433
v -3.914514 3.617181 5.075294
v -3.675286 1.907624 7.839316
v -3.622895 3.703816 5.573294
v -3.369769 2.188008 7.604468
v -3.066538 3.448462 5.982374
v -2.914496 2.538783 7.201979
v -10.513958 2.369550 1.524729
v -11.950129 2.742482 1.419889
v -6.534950 1.542371 1.945360
v -7.647542 1.861759 1.791316
v -20.906635 3.090662 0.775348
v -20.906635 2.773736 0.361902
v -6.306071 1.860384 7.814194
v -4.838563 1.845340 7.871330
v -8.127222 1.879053 7.743289
v -15.519558 2.960878 1.262774
v -13.363724 2.807263 1.341385
v -7.185716 2.037074 7.719341
v -4.180254 2.000720 7.835123
v -5.541112 2.013472 7.785985
v -20.911585 2.534163 0.480385
v -20.911585 3.066872 0.829949
v -6.716053 1.468192 1.843802
v -6.166214 1.204893 2.043386
v -11.210951 2.475879 1.445494
v -8.990824 1.946326 1.632788
v -3.354421 3.731478 5.656649
v -3.120922 2.378445 7.505766
v -3.776601 3.813444 5.389400
v -3.492794 2.148987 7.722362
v -2.882374 3.071187 6.583218
v -9.815915 2.407745 8.659880
v -9.861014 2.342963 8.443529
v -8.426477 2.334559 8.371241
v -7.053766 2.292927 8.238568
v -8.481010 2.194723 7.965755
v -17.976049 2.991913 1.166256
v -20.911585 2.351614 0.189731
v -20.792665 3.076955 0.982584
v -9.929600 2.122144 7.743681
v -9.044521 2.065566 7.649616
v -4.340733 3.402280 4.435090
v -5.378943 2.039675 2.930887
v -20.105270 1.973284 0.470972
v 18.323505 5.507084 0.708444
v -3.469498 5.737391 0.683717
v -3.629286 0.125853 0.677577
v -0.981389 0.000000 0.687122
v 1.461702 0.000000 0.687122
v 4.411955 0.000000 0.687122
v 7.020339 0.000000 0.687122
v 11.334051 0.000000 0.687122
v 14.807408 0.000000 0.687122
v 14.861081 5.124322 0.682383
v 12.385525 5.407578 0.683021
v 8.997915 6.259831 0.683895
v 5.870893 8.512976 0.684702
v 2.743869 8.201047 0.685509
v -0.383154 7.006757 0.686315
v 18.464195 1.558108 0.772115
v 18.878345 4.758504 0.875271
v 3.311932 0.000000 0.687122
v -11.157838 4.356075 0.552087
v -11.431499 1.783492 0.552087
v -13.342703 1.657753 0.530875
v -12.595126 4.245071 0.530875
v -6.557896 4.844656 0.633854
v -6.445521 0.730786 0.637191
v -8.533250 1.359025 0.606024
v -8.103122 4.638340 0.606024
v -20.022203 3.881696 0.667598
v 17.338223 0.338309 0.971042
v -20.872015 3.126251 0.698496
v -20.872013 3.715009 0.694085
v -20.742069 3.216927 0.702907
v -20.787468 3.428103 0.702907
v -20.742069 3.639279 0.702907
v 18.559296 1.980449 0.756054
v 18.840467 4.394259 0.836756
v 18.235228 2.145915 0.741652
v 18.217487 2.815710 0.741480
v 18.366329 4.089992 0.777669
v 1.180357 7.627912 0.685912
v 4.307380 8.638203 0.685105
v 7.434404 7.583951 0.684298
v 10.561428 5.683230 0.683492
v -1.946665 6.287144 0.686719
v -4.553716 5.376466 0.943431
v 16.815468 5.245882 0.681878
v 17.597225 5.499082 0.681677
v 16.033714 5.090295 0.682080
v 19.445263 4.763058 1.116953
v 19.414593 4.635847 1.043177
v -15.874783 4.078714 0.499087
v -16.373165 1.730997 0.499087
v -20.911585 2.884050 0.676441
v -20.809999 2.482625 0.571354
v -18.409435 2.168514 0.582669
v -13.912930 4.173095 0.625761
v 19.123440 4.280174 1.083377
v 19.464655 4.521624 1.313154
v 15.589837 5.073658 0.825512
v 17.201859 5.366260 0.825009
v 16.420273 5.151073 0.825253
v -5.646494 5.080482 0.787811
v -2.717719 5.958357 0.830844
v 9.776793 5.854081 0.827327
v 6.650447 8.104435 0.828303
v 5.087273 8.621951 0.828791
v 0.397755 7.281277 0.830255
v 18.193272 2.399703 0.866387
v 18.259836 3.380805 0.905124
v 18.615746 1.949439 0.857772
v 18.553038 4.115798 0.910135
v 18.402561 2.100959 0.825128
v -20.795464 3.786088 0.582251
v -20.906635 2.932199 0.592204
v -20.796423 3.680421 0.603102
v -20.760551 3.306676 0.604050
v -20.760551 3.549529 0.604050
v -5.106687 0.390250 0.796491
v -1.165418 6.598603 0.830743
v -18.169706 3.980502 0.583143
v 16.212622 0.039987 0.832773
v 18.593441 5.005400 0.908829
v -2.260672 0.015732 0.830032
v 0.272293 0.000000 0.831476
v 3.829807 0.000000 0.831476
v 5.434305 0.000000 0.831476
v 9.126882 0.000000 0.831476
v 13.206267 0.000000 0.831476
v 17.976366 5.595310 0.827905
v 13.668440 5.246361 0.826112
v 11.372532 5.525664 0.826829
v 8.213620 6.852078 0.827815
v 1.960928 7.870412 0.829767
v 18.076927 0.962547 0.861181
v 19.156345 4.462157 1.183040
v 2.512730 0.000000 0.831476
v -20.796421 3.170271 0.603576
v -9.665841 4.493941 0.699950
v -12.389605 1.921517 0.652266
v -14.574581 2.003448 0.625761
v -11.927058 4.287723 0.652266
v -4.044161 5.538969 0.821341
v -7.424115 1.055985 0.753674
v -9.957656 1.639976 0.699950
v -7.173172 4.733052 0.753296
v 3.524100 8.414621 0.829279
v -19.939684 2.964163 -0.983957
v -20.878473 3.827254 -1.074629
v 18.142067 5.464448 -1.994414
v 17.000322 2.722996 -2.501523
v -18.486820 4.004790 -1.184630
v -5.842439 0.805287 -1.858064
v -4.194559 5.001675 -2.751317
v -4.891583 5.115208 -2.002856
v -4.293691 0.430603 -1.661925
v -5.681297 1.230450 -2.303567
v -20.022203 3.881696 -0.187253
v 17.354319 0.283781 -0.284884
v 13.232224 1.651426 -10.457755
v -2.048418 3.157231 -10.925708
v -3.248580 1.188280 -10.421461
v -3.277425 1.043319 -9.873587
v -5.184284 4.904652 -3.513899
v 17.966089 5.538128 -3.460968
v -4.453738 1.747185 -2.857729
v -3.229323 3.933755 -8.869574
v -3.258749 4.400071 -6.840620
v -4.183878 4.892446 -4.952665
v 17.481226 3.672243 -3.236266
v 17.058083 3.816457 -4.582392
v 16.675079 3.387372 -5.818206
v 15.966673 3.002470 -7.159508
v 16.529104 4.615314 -7.405477
v 17.225414 5.005901 -6.133445
v 17.667921 5.368680 -4.874953
v 17.573454 5.545510 -4.211000
v 17.215233 5.236151 -5.518397
v 16.679756 4.865069 -6.769979
v 15.584588 4.357054 -8.093040
v -2.530774 2.447331 -3.712162
v -6.546461 4.029573 -2.855687
v -20.416386 4.027026 -1.184543
v -20.081034 2.949482 -0.814705
v 18.250357 5.393189 -1.211539
v -3.353064 5.672153 -1.184772
v -3.655879 0.137030 -1.181325
v -20.074936 3.882140 -0.998062
v 17.522234 1.914509 -1.935952
v -20.805267 3.023827 -0.886935
v -18.291084 2.891691 -0.914731
v 17.931410 5.589535 -1.467442
v -5.487975 5.102237 -1.392014
v -2.361877 0.088780 -1.372472
v -2.733933 0.774794 -2.191883
v 1.478342 0.793323 -2.231064
v 6.575707 1.375869 -2.304956
v 8.782928 1.585353 -2.337682
v 12.175097 1.940870 -2.393001
v 15.010029 2.339117 -2.449208
v 15.440020 5.073295 -2.708440
v 13.387103 5.162204 -2.706903
v 9.683834 5.543746 -2.695159
v 6.579360 6.362384 -2.695283
v -0.003658 5.489791 -2.742048
v -2.317007 1.045040 -10.096352
v 0.051856 1.075562 -10.740286
v 6.102025 1.066792 -12.168499
v 7.925481 1.100391 -12.060184
v 9.851010 1.224777 -11.470014
v 13.342618 3.166030 -10.663187
v 10.615687 2.668321 -12.279408
v 8.038633 2.496271 -12.916266
v 5.500423 2.451644 -13.042796
v 3.023245 2.618406 -12.063165
v 0.408329 2.892351 -11.297421
v -1.596979 4.993618 -4.338958
v 1.856226 5.143359 -4.344704
v 7.989260 5.227286 -4.344704
v 11.084066 5.057504 -4.339194
v 13.276083 5.017159 -4.228990
v -1.585310 4.669279 -5.651981
v 1.561720 4.622897 -5.615511
v 7.658512 4.714780 -5.584186
v 10.679005 4.723387 -5.447405
v 13.058733 4.692868 -5.518194
v 10.691597 4.821324 -6.875978
v 13.236671 4.794619 -6.891400
v -2.111840 4.053868 -8.036942
v 0.709918 4.022069 -7.841897
v 6.607452 4.078100 -7.812477
v 13.285360 5.633070 -7.724680
v 11.524720 5.564783 -7.838785
v 16.322393 3.672641 -3.879786
v 13.694872 3.360468 -3.823949
v 10.745962 3.217182 -3.821305
v 7.676696 3.070717 -3.821011
v 4.037067 2.789788 -3.821596
v 1.168196 2.514184 -3.818536
v 16.022717 3.137939 -5.115839
v 12.090674 2.420130 -5.791210
v 9.683512 2.371753 -5.911852
v 7.361879 2.318195 -6.057456
v 4.470069 2.173990 -6.373910
v 0.090239 2.133355 -6.210960
v 15.509885 2.717222 -6.438824
v 14.539567 2.247325 -8.183317
v -1.164782 6.307127 -1.354882
v 1.954865 7.533171 -1.355160
v 8.200628 6.664112 -1.352497
v 11.351358 5.469751 -1.356097
v 13.563968 5.227290 -1.454028
v 16.396030 0.558967 -1.442495
v 13.643714 0.425947 -1.426168
v 9.835690 0.328177 -1.414523
v 6.194417 0.242318 -1.403059
v 3.001198 0.145145 -1.390698
v 0.533375 0.067382 -1.381268
v -0.969124 0.006532 -1.198604
v 1.509751 0.013231 -1.199722
v 4.496520 0.026751 -1.201306
v 7.115388 0.035150 -1.202518
v 11.385032 0.047260 -1.204013
v 14.827207 0.058798 -1.205375
v 14.840854 5.117931 -1.202917
v 12.368066 5.367614 -1.194109
v 8.987863 6.141593 -1.190650
v 5.863354 8.299514 -1.192021
v 2.738843 7.982533 -1.193393
v -0.385683 6.782918 -1.194765
v 12.979896 2.041789 -7.626035
v -1.593202 1.952603 -7.043034
v 13.495444 2.313835 -6.417801
v -0.900360 2.583191 -4.882237
v 2.258728 2.616217 -4.945631
v 6.037375 2.839361 -4.752812
v 8.701248 2.945266 -4.659901
v 11.773045 2.999180 -4.551194
v 14.817370 3.194969 -4.476185
v -0.460267 1.615906 -2.894270
v 3.153319 1.939575 -2.945441
v 7.209068 2.394400 -3.006834
v 10.151934 2.655006 -3.053290
v 13.177655 2.942243 -3.109118
v 15.688258 3.267213 -3.164240
v 13.999822 4.227633 -7.479311
v 14.191439 5.160464 -9.262213
v 8.826050 4.654230 -7.439722
v 14.058800 4.534277 -6.162993
v 11.539320 4.577980 -6.128864
v 8.636989 4.543822 -6.256365
v 5.354958 4.353139 -6.657149
v 2.345352 4.317065 -6.668656
v -0.652913 4.321468 -6.786881
v 14.379857 4.870543 -4.887156
v 11.957541 4.881078 -4.896437
v 8.673790 4.964287 -4.907742
v 5.624045 5.005384 -4.923386
v 2.576467 4.916593 -4.923767
v -0.548807 4.844843 -4.928631
v 14.552023 5.073247 -3.471284
v 12.000705 5.114150 -3.779224
v 8.809383 5.327277 -3.881162
v 5.729494 5.519340 -3.881162
v 2.649603 5.417439 -3.881162
v -0.585250 5.103149 -3.880051
v -0.902400 3.360564 -10.656972
v -1.298959 1.005928 -9.887946
v -0.004148 1.567388 -7.851655
v 1.829892 1.233919 -11.660125
v -1.204702 1.192246 -10.584677
v 14.704335 5.113275 -1.999018
v 12.143349 5.299774 -2.241388
v 8.930651 5.818737 -2.327721
v 5.820443 6.972177 -2.328108
v 2.710236 6.654144 -2.328495
v -0.425009 5.470050 -2.571923
v -0.688612 0.211827 -1.707579
v 2.592082 0.373527 -1.734454
v 6.392860 0.690671 -1.772293
v 9.342665 0.886714 -1.801199
v 12.995459 1.165569 -1.836790
v 15.744930 1.433270 -1.869318
v -9.595532 1.202026 -10.609242
v -9.622145 1.046831 -10.029758
v -9.666942 4.301655 -8.898110
v -9.694090 4.036049 -8.269616
v -8.902758 3.453625 -11.054500
v -4.052036 1.066767 -10.205313
v -9.006631 4.215883 -8.558714
v -3.325681 1.350604 -8.712351
v -3.302285 1.165184 -9.293257
v 14.758359 2.281751 -9.044896
v -3.151244 3.399121 -10.660433
v -3.173783 3.752241 -9.818573
v 14.987522 3.798027 -9.155513
v 13.570122 3.916856 -8.695287
v 12.490703 3.359496 -10.331638
v 15.331053 6.072426 -9.214143
v 9.797026 3.066207 -11.323794
v 8.284117 4.235064 -8.802861
v 7.140229 2.991626 -11.495675
v 4.872089 3.751945 -8.691166
v 4.518837 2.937819 -11.482018
v 2.059056 3.785010 -8.662171
v 1.829253 3.138360 -10.791430
v -0.769727 3.892661 -8.717681
v -0.896572 3.637852 -9.948850
v -1.660018 1.574413 -7.888469
v -1.543749 1.423617 -8.244155
v -1.207173 1.192757 -9.021229
v 11.912440 1.592807 -9.509022
v -9.704430 1.639348 -8.070159
v -9.681130 1.420267 -8.692646
v -9.652203 1.209612 -9.381547
v -9.585589 3.714340 -10.828357
v -9.623840 4.124162 -9.900656
v -9.019383 1.503359 -8.356339
v -8.993005 1.277793 -9.029243
v -8.963209 1.087764 -9.715081
v -8.926739 3.911025 -10.454043
v -8.973542 4.251356 -9.329052
v -9.454561 1.385227 -9.379876
v -9.786986 2.140092 -11.052689
v -9.501105 1.764167 -8.219885
v 2.872970 1.475437 -8.849370
v 0.068293 1.084039 -9.965748
v -2.465845 1.440490 -8.358138
v -2.381451 1.249594 -8.860605
v -2.349821 1.075962 -9.472514
v 0.537681 3.663375 -9.427424
v 6.117752 3.467095 -9.825642
v 9.638888 3.888221 -10.014028
v 12.056358 3.953978 -9.798532
v -2.063504 3.858702 -9.274326
v -2.076981 3.557568 -10.323479
v -19.962999 3.116440 -1.079005
v -20.062103 3.420623 -1.088028
v 18.152122 5.126865 -2.685493
v 18.083485 4.249119 -2.671847
v 17.925333 3.430128 -2.603074
v -20.436161 3.888353 -1.181332
v -6.178466 2.811480 -2.583176
v 18.917231 2.758741 -1.499900
v 14.251644 3.138112 -10.268526
v 14.421975 2.688252 -10.147490
v 14.203081 2.163182 -10.025079
v -3.159932 2.918605 -10.977506
v -3.183213 2.286019 -11.006133
v -3.215028 1.667517 -10.825279
v 17.912476 5.201202 -4.175974
v 17.839169 4.589515 -4.105925
v 17.657309 4.156718 -4.001461
v 17.544029 4.907930 -5.481566
v 17.463037 4.328415 -5.407905
v 17.277710 3.928147 -5.293775
v 16.997768 4.536849 -6.733148
v 16.914291 3.957335 -6.659485
v 16.728109 3.554608 -6.547311
v 16.051552 4.038886 -8.167364
v 15.992810 3.491459 -8.089722
v 15.822200 3.058190 -7.983609
v -4.882565 2.973009 -3.716527
v -4.972938 3.726243 -3.908241
v -20.799017 3.776725 -0.900845
v -20.876900 3.429382 -0.940448
v 18.288441 4.817232 -1.480021
v 18.197590 3.359938 -1.627744
v 17.890596 1.740970 -1.594384
v 11.710739 2.549178 -12.151463
v 11.096167 2.035855 -12.884584
v 11.671381 1.505306 -11.834107
v 9.132490 2.240942 -13.304580
v 6.023012 1.260913 -14.266132
v 9.081659 1.218065 -12.979614
v 6.599000 2.144862 -13.650382
v 8.521390 1.331502 -13.927581
v 6.619178 1.131586 -13.328047
v 4.496232 1.981677 -13.652476
v 4.009923 1.580816 -13.854932
v 4.544466 1.235307 -13.422045
v 1.847147 2.394699 -12.070362
v 1.793325 2.070035 -12.082415
v 1.759021 1.544784 -11.898757
v -0.933524 2.728636 -11.244967
v -1.008143 2.229757 -11.269917
v -1.128585 1.514869 -10.963809
v -9.570733 3.164992 -11.169177
v -9.567712 2.463281 -11.197075
v -9.576419 1.763542 -11.021110
v -9.721100 2.286584 -7.619226
v -9.714468 3.138424 -7.780855
v -9.395550 3.600055 -10.660683
v -9.850583 1.199569 -9.704580
v -9.822880 1.138216 -10.285478
v -9.800548 1.517675 -10.783440
v -9.784260 2.816833 -11.146730
v -9.480330 1.571488 -8.770675
v -9.792762 3.438366 -10.979824
v -9.816129 3.877987 -10.405260
v 15.210175 2.892329 -9.039943
v 15.269480 3.322904 -9.150335
v -9.510171 3.088951 -7.963744
v -9.516010 2.335654 -7.820843
v -9.387169 1.875202 -10.822536
v -9.379471 2.487026 -11.001634
v -9.382219 3.105456 -10.984332
v -9.492096 3.882930 -8.395936
v -9.404143 1.376803 -10.464632
v -9.467888 4.121919 -8.951911
v -9.429570 3.966758 -9.839396
v -9.427809 1.240265 -9.952783
v 0.321866 1.835506 -11.522924
v 5.196538 1.313686 -13.785089
v 5.196470 1.864864 -13.947079
v 7.671169 1.332596 -13.643848
v 7.671098 1.925325 -13.818076
v 10.204460 1.512920 -12.922486
v 10.204363 2.120271 -13.100513
v 12.823957 1.959815 -11.356190
v 12.825816 2.543620 -11.527401
v 18.321705 2.436490 -1.450784
v 18.453787 3.917554 -1.310598
v -20.792629 3.244493 -0.997658
v -20.855904 3.631241 -0.996095
v -5.652368 3.880179 -3.324520
v -5.490651 2.577055 -3.051205
v 16.464058 3.583237 -7.259465
v 16.578867 3.991199 -7.346433
v 17.154634 3.967785 -5.986121
v 17.268410 4.374713 -6.072061
v 17.604170 4.322521 -4.728532
v 17.715389 4.734142 -4.813944
v 17.937077 4.272632 -3.343566
v 18.029062 4.812200 -3.411054
v -2.298942 1.355297 -10.641067
v -2.179352 1.904737 -11.000452
v -2.150860 2.560340 -11.096690
v -20.872015 3.037512 -0.195920
v -20.804731 3.254568 -0.900998
v -20.872015 3.715009 -0.194683
v -8.911340 1.427349 -10.856157
v -8.897163 2.083333 -11.140346
v -8.894163 2.804304 -11.213895
v -18.045677 3.171236 -1.176732
v -18.475750 3.644795 -1.218005
v 18.038874 3.226338 -2.084931
v 18.178675 4.331759 -2.010073
v -9.861405 4.202546 -9.337450
v -9.893446 4.163599 -8.605982
v -9.922797 1.810125 -7.920711
v -9.930456 2.624270 -7.726305
v -9.916223 3.637472 -8.069680
v -9.905051 1.593673 -8.415609
v -9.879436 1.381457 -9.054479
v -7.397830 1.558080 -9.334003
v -7.436270 1.892440 -8.381215
v -7.396872 3.481081 -10.306889
v -7.419131 1.712268 -8.830359
v -7.443331 3.004296 -8.180324
v -7.448483 2.382152 -8.056877
v -7.341913 1.999566 -10.541644
v -7.335447 2.503660 -10.695695
v -7.337849 3.018395 -10.673377
v -7.428451 3.661625 -8.532918
v -7.356038 1.587853 -10.242148
v -7.408238 3.864841 -8.997396
v -7.418435 3.716801 -9.786378
v -7.375673 1.458745 -9.813849
v -8.357228 2.778825 -10.884000
v -8.359555 2.210032 -10.780497
v -8.450187 3.932758 -8.699553
v -8.422744 3.968427 -9.325493
v -8.364703 3.315470 -10.720161
v -8.413728 1.406209 -9.632951
v -8.438300 1.559721 -9.079492
v -8.417901 3.696181 -10.228212
v -8.469595 3.483880 -8.243452
v -8.390132 1.356871 -10.128023
v -8.460112 1.741544 -8.536338
v -8.475220 1.928587 -8.116158
v -8.371111 1.680853 -10.550226
v -8.481726 2.621882 -7.951285
v -7.384698 1.616365 -9.305437
v -7.415503 1.979337 -8.565225
v -7.389675 3.363995 -10.143480
v -7.401862 1.741503 -8.899595
v -7.462102 3.103589 -8.449849
v -7.466305 2.814224 -8.358038
v -7.425037 2.445547 -8.324513
v -7.338742 2.131624 -10.351895
v -7.333085 2.537828 -10.476908
v -7.334651 2.960855 -10.438197
v -7.407584 3.488598 -8.714115
v -7.411859 3.647463 -9.615303
v -7.350538 1.803266 -10.087948
v -7.391197 3.677960 -9.092630
v -7.442473 3.554528 -9.907225
v -7.366676 1.627327 -9.719666
v -7.004661 3.705248 -9.372704
v -7.043799 3.322851 -8.466018
v -6.966516 1.881437 -10.292593
v -6.981841 1.609871 -9.947576
v -7.054102 2.623517 -8.228567
v -7.028372 3.677390 -8.824173
v -7.049310 2.065203 -8.352643
v -6.957066 2.296357 -10.490771
v -7.000708 1.578597 -9.533776
v -7.020245 1.669991 -9.085756
v -6.954931 2.751547 -10.559331
v -7.037477 1.845587 -8.664442
v -6.964459 3.223753 -10.334384
v -9.388526 1.519507 -9.356616
v -9.420728 1.930403 -8.590552
v -9.343719 3.373860 -10.358617
v -9.406498 1.650843 -8.931626
v -9.424392 3.197231 -8.471220
v -9.430516 2.776423 -8.338666
v -9.430656 2.440885 -8.344228
v -9.340106 2.111592 -10.476587
v -9.334034 2.536961 -10.607786
v -9.335303 2.980211 -10.566359
v -9.411905 3.539960 -8.755067
v -9.375975 3.789316 -9.591195
v -9.352594 1.768863 -10.192743
v -9.394902 3.747874 -9.148350
v -9.358002 3.657980 -10.016184
v -9.369596 1.560950 -9.799461
v -8.457679 2.978783 -8.385563
v -8.416198 3.356109 -8.586314
v -8.345115 1.946306 -10.289545
v -8.359691 1.674753 -9.955158
v -8.428049 2.587898 -8.327970
v -8.401619 3.631450 -8.921206
v -8.383607 3.749859 -9.340248
v -8.422502 2.101200 -8.470799
v -8.397845 3.703395 -9.769940
v -8.382352 3.503826 -10.138579
v -8.335950 2.326591 -10.493958
v -8.377458 1.555573 -9.542759
v -8.395712 1.601850 -9.113954
v -8.333591 2.756064 -10.539232
v -8.411674 1.805523 -8.733723
v -8.338621 3.171808 -10.410768
v -9.772262 2.334645 -10.525257
v -9.851215 3.345173 -8.653772
v -9.857125 2.113267 -8.540808
v -9.830880 1.617852 -9.169390
v -9.815130 3.270204 -10.246325
v -9.894113 3.078229 -8.614390
v -9.785635 3.490320 -10.181178
v -9.812040 2.190525 -10.347232
v -9.807934 2.933496 -10.424014
v -9.822722 1.897372 -10.104444
v -9.862883 2.590746 -8.400051
v -9.801277 3.691779 -9.809051
v -9.837265 1.719534 -9.768051
v -9.781261 1.962188 -10.323999
v -9.819171 3.735368 -9.388231
v -9.769934 2.755845 -10.568789
v -9.842721 3.625564 -9.589911
v -9.806847 2.554363 -10.459451
v -9.846519 1.819310 -8.797261
v -9.853456 1.684085 -9.389265
v -9.862187 2.975912 -8.450328
v -9.812986 1.574262 -9.590211
v -9.858911 3.590116 -9.211124
v -9.873776 3.410008 -8.874063
v -9.836595 3.614453 -8.982785
v -9.881001 2.035545 -8.734013
v -9.898140 2.803209 -8.527201
v -9.827347 3.513226 -9.953424
v -9.868829 1.796423 -9.025750
v -9.774631 3.161664 -10.447961
v -9.889750 2.474447 -8.524050
v -9.795562 1.695177 -9.995654
v -9.792112 1.835867 -9.233171
v -9.752969 2.107527 -10.144086
v -9.782875 3.506455 -9.405824
v -9.747736 3.053839 -10.241885
v -9.777995 1.801477 -9.565173
v -9.717569 2.044562 -9.419381
v -9.734638 2.260095 -9.013416
v -9.720957 3.227738 -9.308801
v -9.710906 3.249742 -9.543933
v -9.693781 3.029151 -9.951405
v -9.730627 3.107100 -9.098105
v -9.691863 2.358936 -10.014044
v -9.689311 2.820139 -10.061707
v -9.698492 2.176960 -9.863332
v -9.740419 2.545353 -8.883266
v -9.701364 3.180008 -9.769587
v -9.707520 2.066567 -9.654515
v -9.727114 2.114296 -9.193729
v -9.742988 2.821891 -8.931443
v -9.688639 2.584790 -10.083704
v -9.821792 2.649330 -8.641665
v -9.768758 3.472065 -9.737824
v -9.744031 2.733673 -10.337208
v -9.812809 2.225891 -8.737506
v -9.756417 3.313128 -10.031410
v -9.804452 1.994805 -8.939586
v -9.764250 1.896872 -9.885043
v -9.813877 3.152711 -8.814017
v -9.745868 2.401372 -10.302866
v -9.796621 3.411061 -9.085952
v 4.698865 1.154201 -2.277313
v 3.474887 6.413185 -2.695406
v 4.197617 1.166541 -11.032008
v 3.913224 2.534577 -12.586045
v 4.922742 5.279181 -4.344704
v 4.582485 4.697642 -5.598446
v 3.626563 4.023305 -7.749255
v 5.709045 2.927103 -3.821282
v 5.851032 2.266855 -6.152949
v 5.077747 8.283190 -1.353829
v 4.448687 0.195518 -1.396356
v 3.368636 3.439929 -9.747521
v 4.310514 1.097142 -13.075473
v 3.914993 2.366061 -12.612982
v 3.063457 2.112393 -12.407655
v 4.975713 0.579066 -1.758184
v 5.139103 1.048605 -11.652531
v 5.696855 2.233298 -2.983922
v 4.665867 2.766790 -4.802683
v 3.382882 0.021995 -1.200716
v 4.307937 1.189853 -12.713403
v 4.320180 1.582132 -13.207724
v 4.307695 2.065797 -12.968016
v 3.874780 1.824563 -12.601301
v 3.874795 1.588614 -12.531646
v 4.001006 1.333265 -12.394434
v 4.000844 2.067094 -12.608595
v 4.040329 1.048090 -12.171080
v 3.059822 1.398815 -12.194976
v 2.956965 1.757643 -12.344893
v 4.245401 2.069715 -13.369751
v -20.600204 4.076908 -1.233162
v -18.979219 4.157270 -1.330729
v -5.949911 4.717288 -3.681422
v -4.761831 4.790906 -5.102741
v -5.398847 4.698987 -4.390586
v -4.228606 4.487254 -5.939452
v -6.735295 4.406529 -3.049455
v -4.736793 4.569665 -5.026761
v -5.923428 4.410322 -3.585325
v -18.979431 4.037035 -1.321749
v -6.489951 4.689574 -2.978561
v -4.066470 4.691813 -5.799732
v -5.203134 4.435081 -4.195002
v -5.207284 4.910420 -4.334969
v 12.848321 2.060282 -11.795668
v 10.540761 1.561342 -13.503494
v 7.677585 1.251228 -14.675988
v 3.942192 1.245501 -14.809057
v 4.794879 1.153869 -14.773688
v 4.794878 1.341602 -14.829350
v 6.570098 1.147928 -14.680915
v 6.570099 1.390936 -14.752967
v 9.391855 1.323363 -13.973343
v 9.391854 1.583070 -14.050345
v 11.936316 1.745010 -12.439106
v 11.936316 1.994690 -12.513133
v 13.335776 2.408034 -11.300488
v 3.986432 1.321733 -14.325783
v 8.521379 1.724734 -14.043957
v 6.023003 1.617135 -14.371567
v 13.334750 2.140121 -11.221329
v 3.986427 1.532273 -14.388077
v 11.096178 1.633856 -12.765647
v -3.962415 3.808985 -5.072211
v -3.698247 2.208960 -7.777096
v -3.496539 2.862292 -6.599707
v -3.625283 3.845985 -5.557734
v -3.612576 4.078436 -5.671566
v -3.312634 4.029279 -6.090455
v -3.325357 3.403890 -5.959551
v -3.366048 2.408976 -7.585258
v -3.366644 3.010144 -7.644783
v -3.160074 3.452906 -7.341577
v -3.484014 3.863151 -6.751417
v -3.350256 3.879241 -5.695430
v -3.001713 2.940200 -6.598984
v -3.056732 3.586593 -5.967820
v -3.058491 3.844471 -6.060464
v -2.900987 2.723253 -7.185936
v -2.910733 3.198660 -7.244682
v -2.992195 3.720604 -6.710343
v -2.880262 3.300889 -6.596695
v -3.167391 2.439343 -7.237224
v -3.120647 2.713732 -7.495326
v -20.772802 3.513551 -0.897224
v -20.772806 3.342654 -0.897223
v -20.742069 3.216927 -0.197157
v -20.787468 3.428103 -0.197157
v -20.742069 3.639279 -0.197157
v -20.804731 3.602894 -0.900621
v -10.882002 4.371224 -1.800595
v -11.383914 2.326748 -1.352666
v -9.682355 1.658428 -1.131433
v -12.075372 4.270608 -1.078238
v -9.429650 2.425643 -1.691853
v -10.796598 3.544922 -1.836085
v -11.495049 4.326393 -2.058639
v -11.496284 4.091980 -2.006139
v -12.808782 4.210709 -1.863462
v -11.364664 3.097649 -1.602192
v -10.448241 2.106786 -1.483378
v -12.482322 3.889159 -1.749002
v -12.494562 4.284999 -1.795327
v -11.179504 4.353575 -0.963888
v -11.325189 1.961284 -0.958805
v -10.867434 1.976176 -1.245023
v -11.691086 4.298212 -1.370134
v -12.779157 4.224577 -1.551067
v -12.101717 2.288762 -1.043444
v -11.482797 2.798887 -1.484640
v -12.661821 3.597594 -1.587358
v -13.369840 4.260509 -1.763372
v -13.370657 4.071111 -1.728578
v -13.538364 2.739398 -1.264105
v -14.019290 4.160822 -1.019486
v -12.518217 2.565753 -1.178603
v -13.122137 2.545385 -0.921198
v -13.701592 3.885295 -1.606460
v -14.043314 4.191164 -1.707719
v -12.669962 3.246153 -1.479815
v -11.944824 2.623283 -1.387122
v -13.714643 4.227950 -1.640818
v -12.611713 4.243156 -0.925090
v -13.007389 4.202350 -1.275009
v -6.668452 1.152722 -1.691490
v -7.461893 4.699752 -1.302969
v -7.054604 4.716954 -2.335037
v -5.236742 0.454354 -1.309608
v -6.476317 1.888804 -2.143135
v -7.281664 3.489647 -2.372207
v -7.738977 4.468797 -2.689397
v -7.739799 4.145263 -2.601206
v -7.358243 4.727586 -1.751743
v -6.420459 4.877852 -1.118442
v -8.546173 4.515764 -2.415240
v -6.333864 1.096165 -1.869572
v -7.479943 2.744925 -2.093182
v -8.802407 4.289123 -2.488328
v -8.554014 3.914443 -2.320898
v -6.398802 0.733933 -1.109691
v -6.321051 0.815007 -1.511506
v -8.777807 4.538320 -2.081726
v -7.184365 1.062994 -1.230566
v -7.245171 2.097911 -1.925310
v -8.744192 3.503839 -2.116313
v -9.416056 4.400620 -2.391300
v -9.417761 4.115491 -2.318851
v -9.030628 1.716671 -1.511989
v -9.889625 4.468117 -1.183933
v -7.801184 1.377262 -1.413914
v -8.337024 1.359526 -1.054433
v -9.986455 3.904909 -2.111457
v -8.944010 4.541973 -1.612018
v -8.137702 4.634350 -1.062546
v -9.992158 4.430064 -2.188214
v -7.404253 1.538099 -1.728139
v -8.751898 2.868684 -1.913371
v -10.269627 4.260406 -2.259489
v 13.913370 6.437014 -8.446218
v 15.245357 6.470024 -8.462966
v 14.562538 6.748999 -9.116725
v 15.607913 6.800587 -9.128624
v 15.928332 6.733922 -8.874181
v 15.154565 6.814446 -8.895983
v 13.325148 6.372810 -8.662763
v 15.742762 6.620283 -9.257457
v 14.985617 6.686492 -9.327548
v 13.149480 6.208254 -9.217778
v 13.572028 6.146101 -9.427407
v 14.836063 6.195665 -9.388323
v 10.982125 5.381535 -8.573060
v 14.902674 5.589892 -7.776646
v 12.618624 5.119580 -9.461877
v 10.990048 5.105281 -9.338226
v -20.023701 3.881432 -0.820321
v 17.327848 0.514154 -1.243610
v -20.092932 2.614742 -0.663190
v 18.309835 5.427372 -0.981854
v -3.375843 5.718182 -0.964507
v -3.629286 0.125853 -0.954115
v -0.981389 0.000000 -0.967556
v 1.461702 0.000000 -0.967556
v 4.411955 0.000000 -0.967556
v 7.017717 0.000000 -0.967556
v 11.321548 0.000000 -0.967556
v 14.794806 0.000000 -0.967556
v 14.853350 5.120734 -0.960882
v 12.378834 5.385120 -0.961782
v 8.992652 6.197379 -0.963012
v 5.866944 8.419696 -0.964148
v 2.741237 8.106023 -0.965284
v -0.384470 6.907099 -0.966420
v 18.481470 1.695782 -0.965098
v 18.596203 1.814366 -0.615247
v 18.831953 4.332571 -1.154495
v -20.873320 3.163672 -0.855661
v -20.873322 3.707548 -0.850544
v 3.311932 0.000000 -0.967556
v -20.745924 3.223868 -0.857022
v -20.786001 3.428103 -0.857022
v -20.745924 3.632337 -0.857022
v -11.157838 4.356075 -0.777410
v -11.382148 1.900121 -0.777410
v -13.231667 2.240897 -0.747541
v -12.595123 4.245071 -0.747541
v -6.463596 4.866928 -0.894671
v -6.420847 0.730786 -0.897247
v -8.434550 1.359025 -0.853360
v -8.103122 4.638340 -0.853360
v -7.161495 4.735712 -0.986511
v -9.889780 1.652653 -0.916419
v -7.359067 1.055985 -0.986757
v -3.785218 5.576835 -1.074257
v -11.927060 4.287723 -0.853988
v -18.374084 2.770673 -0.762868
v -12.320312 2.225765 -0.853988
v -9.665840 4.493940 -0.916419
v -20.796421 3.176610 -0.790240
v -20.760551 3.549529 -0.790860
v -20.760551 3.306676 -0.790860
v 2.512729 0.000000 -1.088619
v -20.796421 3.680421 -0.789620
v -20.808588 2.932660 -0.748053
v 18.720207 3.187932 -1.416494
v 18.524559 2.068820 -1.242269
v 18.078562 1.135684 -1.111534
v 1.958816 7.767313 -1.086383
v 5.083955 8.520104 -1.085105
v 8.209095 6.782671 -1.083827
v 11.366786 5.494035 -1.082536
v 13.661810 5.235817 -1.081597
v 17.965691 5.586859 -1.082031
v 13.193814 0.000000 -1.088619
v 9.119740 0.000000 -1.088619
v 5.434004 0.000000 -1.088619
v 3.829807 0.000000 -1.088619
v 0.272293 0.000000 -1.088619
v -2.260672 0.015732 -1.086729
v 18.524004 4.771410 -1.143527
v 16.202168 0.048199 -1.089997
v -13.912930 4.173095 -0.819286
v -1.166322 6.502631 -1.087661
v -5.103858 0.390250 -1.042816
v -20.795464 3.786088 -0.762321
v -20.022203 3.881696 -0.474107
v 17.344191 0.306454 -0.705814
v -20.872015 3.067937 -0.496050
v -20.872019 3.715009 -0.492918
v -20.742069 3.216927 -0.499183
v -20.787468 3.428103 -0.499183
v -20.742069 3.639278 -0.499183
v -20.122543 1.638610 -0.186016
v 18.337532 5.557765 -0.283561
v -3.517709 5.746852 -0.269532
v -3.629286 0.125853 -0.267617
v -0.981389 0.000000 -0.271386
v 1.461702 0.000000 -0.271386
v 4.411955 0.000000 -0.271386
v 7.024007 0.000000 -0.271386
v 11.351558 0.000000 -0.271386
v 14.825054 0.000000 -0.271386
v 14.871906 5.127894 -0.269515
v 12.394888 5.434035 -0.269767
v 9.005284 6.331748 -0.270112
v 5.876420 8.560270 -0.270431
v 2.747553 8.248749 -0.270749
v -0.381311 7.056767 -0.271068
v 18.450968 1.449826 -0.336188
v 18.907888 5.024547 -0.364553
v 3.311932 0.000000 -0.271386
v -11.157838 4.356075 -0.218053
v -11.500594 1.722643 -0.218053
v -13.498168 1.353505 -0.209675
v -12.595123 4.245071 -0.209676
v -6.606260 4.833168 -0.249838
v -6.480069 0.730786 -0.251666
v -8.671443 1.359025 -0.239356
v -8.103122 4.638340 -0.239356
v -5.110242 0.390250 -0.486747
v -1.164280 6.675961 -0.507679
v -13.912930 4.173095 -0.382412
v 16.225512 0.036742 -0.510758
v 18.612137 5.223001 -0.582494
v -2.260672 0.015732 -0.507244
v 0.272293 0.000000 -0.508126
v 3.829807 0.000000 -0.508126
v 5.434683 0.000000 -0.508126
v 9.135860 0.000000 -0.508126
v 13.221928 0.000000 -0.508126
v 17.987047 5.604369 -0.507073
v 13.676777 5.258074 -0.504849
v 11.379756 5.565319 -0.505287
v 8.219310 6.919096 -0.505889
v 1.963583 7.952923 -0.507083
v 18.072184 0.885384 -0.570587
v 19.039232 3.691222 -1.341371
v 18.917299 2.773020 -1.609634
v 5.091445 8.703536 -0.506486
v 2.512730 0.000000 -0.508126
v -20.796421 3.163933 -0.368854
v -9.665840 4.493940 -0.427750
v -12.476737 1.617268 -0.398610
v -18.453892 1.566355 -0.356078
v -11.927060 4.287723 -0.398610
v -4.275892 5.502400 -0.498412
v -7.505912 1.055985 -0.460581
v -10.043011 1.627299 -0.427750
v -7.183248 4.730659 -0.460197
v -20.760553 3.549529 -0.369144
v -20.760551 3.306676 -0.369144
v -20.796421 3.680421 -0.368565
v -20.811779 2.032591 -0.349163
v -20.795464 3.786088 -0.355823
v 18.431290 2.258453 -0.986957
v 18.579361 2.117187 -0.906615
v 18.385195 1.981910 -0.598226
v 18.804905 3.930505 -1.076953
v 18.744253 3.128771 -1.265822
v 18.622566 2.373112 -1.137979
v 18.543070 1.869827 -0.338472
v 18.572346 4.507181 -0.616366
v 18.865639 4.677330 -0.355357
v 18.532888 3.564992 -1.111196
v 18.478342 2.692532 -1.198934
v 18.756458 2.489322 -1.369343
v 18.641827 2.135691 -1.039791
v 18.257671 2.251144 -0.918849
v 18.226171 2.760162 -1.038110
v 18.357473 3.707533 -1.014512
v 18.333076 3.172485 -1.137182
v 18.281994 2.434148 -1.069869
v 18.223761 2.058042 -0.323813
v 18.223255 2.843977 -0.293493
v 18.380781 4.317839 -0.326146
v 18.187140 2.347965 -0.561072
v 18.270746 3.578486 -0.568305
v 13.983692 4.536040 -7.770885
v 14.439493 5.246228 -9.029409
v 13.604383 4.314107 -8.519417
v 15.159450 6.272741 -8.900423
v 15.628427 6.401031 -8.788338
v 15.484751 6.316966 -9.071873
v 14.962479 5.552226 -7.997343
v 15.859305 6.569047 -9.024801
v 13.731326 4.385300 -8.908581
v 13.741183 4.207362 -8.084162
v 15.703704 6.291873 -8.473993
v 14.440063 4.797342 -7.478426
v 13.685745 4.906890 -8.016141
v 13.894222 5.282780 -8.906128
v 13.392386 4.735247 -8.595058
v 13.919176 5.389644 -8.545697
v 14.659418 6.009525 -8.612749
v 14.501306 5.917013 -8.924770
v 14.282811 5.510142 -8.139280
v 15.065179 6.068857 -8.476220
v 13.543117 4.506147 -8.192315
v 13.594045 4.656878 -8.795800
v 14.117382 4.963082 -7.763037
v 14.773309 5.898085 -9.052200
v -3.746990 3.092273 -4.512804
v -3.307262 2.592553 -6.662814
v -2.540622 2.709533 -5.772657
v -2.514049 1.810241 -7.628813
v -3.738930 3.854365 -7.949346
v -9.037592 1.735681 -7.835909
v -3.352685 1.578300 -8.162041
v -3.966994 4.170234 -5.215273
v -3.517939 3.474516 -7.529380
v -3.687888 2.946661 -7.877465
v -9.030292 3.662876 -7.993440
v -9.045271 2.594874 -7.631354
v -3.773006 3.990576 -5.438562
v -3.692950 4.031075 -6.656675
v -3.692258 3.412717 -5.772589
v -4.474969 4.346309 -4.776909
v -4.372204 3.723880 -4.526944
v -3.786506 4.318057 -6.965471
v -3.820606 4.086206 -6.784937
v -4.098270 4.387233 -5.664907
v -3.501700 2.201182 -7.417387
v -3.713998 4.183823 -5.924600
v -3.492565 2.554659 -7.708660
v -1.009812 5.394101 -2.487785
v 0.410576 4.620226 -5.622953
v 1.928132 6.070285 -2.694866
v 0.393409 6.943356 -1.355827
v 0.307454 5.040037 -4.344694
v 0.399652 7.367805 -0.507381
v 0.396247 7.173600 -1.087022
v 1.183121 7.678655 -0.270909
v 1.109703 5.268600 -3.880060
v 1.176588 7.399236 -1.194078
v 1.057173 4.872395 -4.892171
v 1.166148 6.189907 -2.336575
v 1.178384 7.526889 -0.965852
v 5.027122 6.570435 -2.695344
v 3.516306 8.074996 -1.354494
v 3.521385 8.313918 -1.085744
v 3.527514 8.494997 -0.506784
v 3.435695 4.664901 -5.598826
v 3.389484 5.230499 -4.344704
v 4.311986 8.686940 -0.270590
v 4.103820 4.985271 -4.890358
v 4.304090 8.541859 -0.964716
v 4.189548 5.498723 -3.881162
v 4.301098 8.416582 -1.192707
v 4.265339 7.007416 -2.328302
v 6.655378 8.177559 -0.506188
v 6.639188 7.807838 -1.353163
v 6.456001 5.283965 -4.344704
v 6.506320 4.714638 -5.608521
v 8.131597 5.908771 -2.695221
v 6.646525 8.013499 -1.084466
v 7.440854 7.630912 -0.270271
v 7.425609 7.411541 -1.191335
v 7.429799 7.506731 -0.963580
v 7.375548 6.462553 -2.327915
v 7.155886 5.012343 -4.891453
v 7.269440 5.457094 -3.881162
v 11.259508 5.331836 -2.695663
v 9.783240 5.916925 -0.505591
v 9.513943 4.736140 -5.453200
v 9.771664 5.803584 -1.083188
v 9.762070 5.760359 -1.351832
v 9.522517 5.139904 -4.344704
v 10.200520 4.928264 -4.877225
v 10.555505 5.636807 -0.962444
v 10.550117 5.602373 -1.189964
v 10.569717 5.748823 -0.269953
v 10.349328 5.204249 -3.881162
v 10.485754 5.489028 -2.327527
v -2.706891 5.897157 -1.087663
v -2.946372 5.496011 -1.738926
v -1.784050 5.204066 -2.724316
v -2.881114 4.709438 -5.658734
v -2.666665 5.784111 -1.333795
v -3.809537 4.980513 -4.233571
v -2.727400 6.007672 -0.507587
v -1.947323 6.208864 -0.966988
v -1.944381 6.114617 -1.193815
v -1.945744 6.326530 -0.271227
v -1.897770 5.827758 -1.593414
v -2.792984 5.017411 -3.779167
v -2.629148 5.260889 -2.312464
v -2.471672 4.891299 -4.888642
v 8.967749 6.024941 -1.626715
v 7.408008 7.077356 -1.627262
v -0.388342 6.361295 -1.627481
v 4.288525 7.925281 -1.628358
v 2.728785 7.502429 -1.628905
v 12.182396 5.349007 -1.717028
v 1.169051 6.940220 -1.629952
v 10.527488 5.562791 -1.626167
v 5.848266 7.840286 -1.627810
v 5.056102 7.533283 -1.971510
v 9.728620 5.676150 -1.970395
v 8.171114 6.330967 -1.970767
v -1.117233 5.805472 -1.934899
v 0.386364 6.288396 -1.977357
v 3.498597 7.324124 -1.971881
v 1.941097 6.831638 -1.972752
v 6.613608 7.170534 -1.971138
v 11.269540 5.426204 -1.970028
v -2.915175 5.028768 -3.180644
v 4.232794 6.104735 -3.079896
v 5.781389 6.102399 -3.079889
v 10.427172 5.354154 -3.079866
v 8.878579 5.563742 -3.079874
v 1.147281 5.634580 -3.060575
v -0.619081 5.275961 -3.064257
v 7.329985 5.865853 -3.079881
v 12.061217 5.189879 -3.176852
v 2.684200 5.910108 -3.079904
v 3.440015 5.710068 -3.474885
v 8.073478 5.538016 -3.474885
v 6.528991 5.717574 -3.474885
v 1.895573 5.545887 -3.473783
v -1.689588 5.084613 -3.473783
v 11.146006 5.206459 -3.474885
v 4.984502 5.779181 -3.474885
v 0.329799 5.310023 -3.455049
v 9.617965 5.351778 -3.474885
v -5.878240 5.026205 -0.477921
v -5.378468 5.140717 -1.036795
v -4.930378 5.294396 -0.664231
v -4.193527 5.443664 -1.169896
v -5.123836 5.251979 -0.260307
v -1.439785 5.470543 -2.235892
v -0.350683 5.772186 -2.247411
v 0.559657 5.711298 -2.678012
v -0.793066 5.512525 -2.383000
v 0.028050 5.634240 -2.538361
v 15.227501 4.408879 -6.771513
v 16.388311 5.151862 -1.467770
v 15.724373 4.779960 -5.519932
v 17.048737 5.369411 -2.708311
v 16.056650 5.089988 -4.212459
v 14.585681 4.060413 -8.032361
v 16.732956 5.248150 -1.998538
v 15.874782 4.689228 -6.145723
v 16.287800 5.052678 -4.887155
v 15.261483 4.322513 -7.383219
v 16.563759 5.240404 -3.471264
v 17.806616 5.604203 -2.707282
v 17.168644 5.367049 -1.467468
v 16.478670 4.995147 -5.519932
v 15.962312 4.624066 -6.771513
v 16.823977 5.305175 -4.212459
v 15.114289 4.216541 -8.032361
v 17.511539 5.501351 -1.998353
v 16.620354 4.942428 -6.145722
v 17.049257 5.305877 -4.887155
v 15.965610 4.568439 -7.383219
v 17.335833 5.493605 -3.471256
v 16.412580 5.151072 -1.080472
v 16.429945 5.151072 -0.504324
v 16.797876 5.245980 -1.202069
v 16.806917 5.245882 -0.960173
v 16.827444 5.245882 -0.269316
v 17.193869 5.366260 -1.080153
v 17.211910 5.366260 -0.504174
v 17.578955 5.499181 -1.201730
v 17.588343 5.499082 -0.959889
v 17.609661 5.499082 -0.269236
v 15.599109 5.074114 -0.504482
v 14.492812 4.343293 -6.787721
v 14.060615 3.995109 -8.070061
v 14.922933 4.695091 -5.519932
v 15.582465 5.073238 -1.080811
v 16.272932 5.154224 -2.708373
v 15.554881 5.073664 -1.468091
v 15.237076 5.005786 -4.212459
v 16.016796 5.090394 -1.202408
v 15.954374 5.092564 -1.998722
v 15.791687 5.084818 -3.471271
v 16.025490 5.090295 -0.960456
v 15.129206 4.533642 -6.145723
v 16.045229 5.090295 -0.269395
v 15.526340 4.897092 -4.887155
v 14.557357 4.171330 -7.383219
v 19.568996 4.944180 -0.852354
v 19.334442 4.276572 -1.481253
v 19.147900 3.324085 -1.724713
v 19.516674 5.122326 -0.463292
v 19.317766 3.888794 -1.639447
v 19.311403 4.177246 -1.384573
v 19.137962 3.278799 -1.610935
v 19.479797 4.965921 -0.432320
v 19.057875 2.829020 -1.715539
v 19.054873 3.817281 -1.474546
v 19.224428 4.891964 -0.776375
v 19.183496 4.681325 -0.715710
v -5.420357 3.284307 -10.913376
v -7.085347 1.039671 -10.285368
v -5.507093 3.985337 -8.621219
v -5.520818 1.477966 -8.428946
v -5.498938 1.263853 -9.044732
v -5.473917 1.095788 -9.676498
v -5.440058 3.696722 -10.359859
v -5.479160 4.009336 -9.326865
v -5.429581 1.425806 -10.731180
v -5.417018 2.026971 -10.995743
v -5.413784 2.689201 -11.062593
v -5.535660 1.706909 -7.955830
v -5.527567 3.479920 -8.102357
v -5.541226 2.499473 -7.769428
v -6.175987 2.376305 -11.085967
v -6.184198 1.716332 -10.923374
v -6.201340 1.188346 -10.531305
v -6.223190 3.929077 -9.862329
v -6.302977 3.013801 -7.867770
v -6.284419 3.858735 -8.328457
v -6.190306 3.548992 -10.737060
v -6.251005 1.173431 -9.367786
v -6.275969 1.372125 -8.718949
v -6.295815 1.591347 -8.136522
v -6.224799 1.032466 -9.982164
v -6.309534 2.211570 -7.715193
v -6.260555 4.102134 -8.919333
v -6.177950 3.038150 -11.055983
v -5.449561 1.055240 -10.244634
v -4.013518 3.216865 -10.860324
v -4.119217 3.908863 -8.600236
v -4.118941 1.468123 -8.454508
v -4.098549 1.259162 -9.044580
v -4.075183 1.099588 -9.652464
v -4.029863 3.611623 -10.323026
v -4.066262 3.913505 -9.323631
v -4.031632 1.423470 -10.679585
v -4.016978 2.001945 -10.940561
v -4.010533 2.641724 -11.006967
v -4.146811 1.710104 -7.981927
v -4.164030 3.427702 -8.104280
v -4.180122 2.467027 -7.819325
v -4.719701 2.977435 -10.991556
v -4.795406 3.999144 -8.934446
v -4.841580 2.183407 -7.776214
v -4.764034 1.043725 -9.955483
v -4.829310 1.581761 -8.179953
v -4.811203 1.364824 -8.738444
v -4.788259 1.173543 -9.362633
v -4.730829 3.466738 -10.683205
v -4.817572 3.767756 -8.366508
v -4.835125 2.955131 -7.923157
v -4.760983 3.830049 -9.841131
v -4.742219 1.198249 -10.485304
v -4.726133 1.705968 -10.863746
v -4.718227 2.340522 -11.021334
v -7.054888 3.364995 -10.981829
v -7.149825 4.095829 -8.590575
v -7.163111 1.488221 -8.393267
v -7.139080 1.268405 -9.036848
v -7.111773 1.089750 -9.694997
v -7.076635 3.799118 -10.405518
v -7.119423 4.125204 -9.327709
v -7.063825 1.424736 -10.791935
v -7.050484 2.052595 -11.066113
v -7.047354 2.743600 -11.135715
v -7.179562 1.719083 -7.897178
v -7.171831 3.567283 -8.049101
v -7.186131 2.544176 -7.701957
v -8.934532 1.027114 -10.328680
v -7.985039 2.420711 -11.166175
v -7.993631 1.729192 -10.997373
v -8.012082 1.176057 -10.588393
v -8.037762 4.051969 -9.888637
v -8.124552 3.086609 -7.799036
v -8.104752 3.971639 -8.281237
v -8.001490 3.651068 -10.803893
v -8.066247 1.173292 -9.374184
v -8.093716 1.381185 -8.694758
v -8.115718 1.603243 -8.082628
v -8.037581 1.018494 -10.015275
v -8.131238 2.246519 -7.639469
v -8.078776 4.229944 -8.900575
v -7.987607 3.113495 -11.135939
v -14.562658 4.143062 -1.412365
v -14.245478 2.719973 -0.994534
v -13.561470 3.008010 -1.369459
v -14.471785 3.625741 -1.449101
v -15.140908 4.223887 -1.599246
v -15.141495 4.059511 -1.574294
v -17.977747 2.908175 -1.117203
v -18.207111 3.976094 -0.924093
v -14.477008 2.599269 -0.819286
v -18.169704 3.980502 -0.763488
v -18.169704 3.980502 -0.356368
v -14.697279 1.407628 -0.382412
v -16.476810 1.365899 -0.197120
v -15.874783 4.078714 -0.197120
v -15.874783 4.078714 -0.702779
v -16.299141 2.430769 -0.702779
v -16.661594 3.874446 -1.392844
v -16.227755 2.795998 -0.864839
v -15.862707 2.816019 -1.079066
v -17.019117 4.161874 -1.474317
v -15.518041 2.862683 -1.242870
v -15.919979 3.343205 -1.296419
v -16.668791 4.142455 -1.409266
v -15.883759 4.077679 -0.866945
v -16.105736 4.058686 -1.132452
v -5.914432 1.594687 -2.397271
v -20.908697 3.132082 -0.912082
v -19.883486 3.002301 -1.069833
v -4.732948 2.689838 -3.641185
v -9.716712 1.914217 -7.724621
v -9.512075 2.006404 -7.914067
v -7.445288 2.109228 -8.133350
v -7.422550 2.227352 -8.387507
v -9.428034 2.214261 -8.411700
v -9.887251 2.278342 -8.581032
v -9.738605 2.410211 -8.916436
v -3.914514 3.617181 -5.075297
v -3.675286 1.907624 -7.839320
v -3.622896 3.703816 -5.573298
v -3.369770 2.188008 -7.604471
v -3.066538 3.448462 -5.982378
v -2.914496 2.538783 -7.201982
v -10.513957 2.369550 -1.524732
v -11.950130 2.742482 -1.419892
v -6.534950 1.542370 -1.945364
v -7.647542 1.861759 -1.791319
v -20.906635 3.090663 -0.775351
v -20.906635 2.773736 -0.361905
v -6.306071 1.860384 -7.814197
v -4.838563 1.845339 -7.871333
v -8.127223 1.879053 -7.743293
v -15.519558 2.960878 -1.262777
v -13.363722 2.807263 -1.341388
v -7.185715 2.037074 -7.719345
v -4.180254 2.000721 -7.835125
v -5.541112 2.013472 -7.785990
v -20.911585 2.534163 -0.480388
v -20.911585 3.066872 -0.829952
v -6.716053 1.468193 -1.843806
v -6.166214 1.204893 -2.043390
v -11.210951 2.475879 -1.445497
v -8.990824 1.946326 -1.632791
v -3.354421 3.731479 -5.656653
v -3.120922 2.378445 -7.505770
v -3.776601 3.813444 -5.389405
v -3.492793 2.148988 -7.722366
v -2.882374 3.071187 -6.583221
v -9.815914 2.407745 -8.659883
v -9.861015 2.342963 -8.443532
v -8.426478 2.334559 -8.371243
v -7.053766 2.292927 -8.238572
v -8.481009 2.194723 -7.965761
v -17.976049 2.991914 -1.166259
v -20.911585 2.351614 -0.189734
v -20.792665 3.076955 -0.982587
v -9.929600 2.122144 -7.743685
v -9.044520 2.065566 -7.649619
v -4.340733 3.402281 -4.435093
v -5.378943 2.039675 -2.930890
v -20.105270 1.973284 -0.470975
v 18.323505 5.507084 -0.708447
v -3.469499 5.737391 -0.683721
v -3.629286 0.125853 -0.677580
v -0.981389 0.000000 -0.687125
v 1.461702 0.000000 -0.687125
v 4.411955 0.000000 -0.687125
v 7.020339 0.000000 -0.687125
v 11.334051 0.000000 -0.687125
v 14.807408 0.000000 -0.687125
v 14.861082 5.124321 -0.682386
v 12.385524 5.407578 -0.683024
v 8.997916 6.259831 -0.683898
v 5.870893 8.512976 -0.684705
v 2.743869 8.201047 -0.685512
v -0.383154 7.006757 -0.686318
v 18.464197 1.558108 -0.772118
v 18.878345 4.758504 -0.875275
v 3.311932 0.000000 -0.687125
v -11.157838 4.356075 -0.552090
v -11.431499 1.783492 -0.552090
v -13.342704 1.657753 -0.530878
v -12.595123 4.245071 -0.530878
v -6.557895 4.844656 -0.633857
v -6.445521 0.730786 -0.637194
v -8.533249 1.359025 -0.606027
v -8.103122 4.638340 -0.606027
v -20.022203 3.881696 -0.667601
v 17.338223 0.338309 -0.971045
v -20.872019 3.126251 -0.698499
v -20.872015 3.715009 -0.694088
v -20.742069 3.216926 -0.702910
v -20.787468 3.428103 -0.702910
v -20.742069 3.639279 -0.702910
v 18.559296 1.980449 -0.756057
v 18.840466 4.394259 -0.836759
v 18.235228 2.145915 -0.741655
v 18.217489 2.815710 -0.741483
v 18.366329 4.089992 -0.777672
v 1.180357 7.627912 -0.685915
v 4.307380 8.638204 -0.685108
v 7.434404 7.583951 -0.684302
v 10.561428 5.683231 -0.683495
v -1.946665 6.287144 -0.686722
v -4.553716 5.376466 -0.943434
v 16.815468 5.245882 -0.681882
v 17.597223 5.499082 -0.681680
v 16.033714 5.090295 -0.682083
v 19.445265 4.763058 -1.116956
v 19.414593 4.635847 -1.043180
v -15.874784 4.078715 -0.499090
v -16.373163 1.730997 -0.499090
v -20.911585 2.884050 -0.676445
v -20.810001 2.482625 -0.571357
v -18.409435 2.168514 -0.582672
v -13.912930 4.173095 -0.625764
v 19.123440 4.280174 -1.083380
v 19.464655 4.521623 -1.313157
v 15.589837 5.073658 -0.825515
v 17.201859 5.366260 -0.825012
v 16.420273 5.151072 -0.825256
v -5.646495 5.080482 -0.787814
v -2.717719 5.958356 -0.830847
v 9.776792 5.854081 -0.827330
v 6.650446 8.104434 -0.828306
v 5.087273 8.621951 -0.828794
v 0.397755 7.281277 -0.830258
v 18.193272 2.399703 -0.866390
v 18.259836 3.380805 -0.905127
v 18.615747 1.949439 -0.857775
v 18.553036 4.115798 -0.910138
v 18.402563 2.100959 -0.825131
v -20.795467 3.786088 -0.582255
v -20.906635 2.932200 -0.592207
v -20.796421 3.680421 -0.603105
v -20.760551 3.306676 -0.604053
v -20.760551 3.549529 -0.604053
v -5.106687 0.390250 -0.796494
v -1.165418 6.598603 -0.830747
v -18.169704 3.980502 -0.583146
v 16.212622 0.039987 -0.832776
v 18.593441 5.005400 -0.908832
v -2.260672 0.015732 -0.830035
v 0.272293 0.000000 -0.831479
v 3.829807 0.000000 -0.831479
v 5.434305 0.000000 -0.831479
v 9.126882 0.000000 -0.831479
v 13.206268 0.000000 -0.831479
v 17.976366 5.595311 -0.827909
v 13.668439 5.246361 -0.826115
v 11.372530 5.525664 -0.826832
v 8.213619 6.852078 -0.827818
v 1.960928 7.870412 -0.829771
v 18.076925 0.962547 -0.861184
v 19.156347 4.462157 -1.183043
v 2.512730 0.000000 -0.831479
v -20.796421 3.170271 -0.603579
v -9.665840 4.493940 -0.699954
v -12.389605 1.921517 -0.652269
v -14.574582 2.003448 -0.625764
v -11.927060 4.287723 -0.652269
v -4.044161 5.538969 -0.821344
v -7.424115 1.055985 -0.753677
v -9.957657 1.639976 -0.699954
v -7.173172 4.733052 -0.753299
v 3.524100 8.414622 -0.829282
v 18.216534 4.967689 1.990668
v -2.123035 4.407411 6.671331
v 16.781504 1.583726 1.888568
v -18.298182 3.973071 1.052592
v -3.689344 5.209549 2.171314
v -5.515145 0.596109 1.581962
v -8.897066 3.149558 11.171531
v -20.795469 3.786088 0.190039
v -2.084882 2.871724 11.057851
v -2.045579 3.379314 10.683651
v 18.050758 5.214352 3.439303
v 17.745205 5.083745 4.849021
v 17.299604 4.722389 6.107354
v 16.609550 4.335448 7.381765
v -1.765158 5.128476 3.091838
v -1.500024 4.863999 4.918607
v 0.869894 4.349019 6.558724
v 16.731030 3.445308 3.195285
v 16.149529 3.484614 4.496325
v 15.751555 2.880588 5.788871
v 15.040005 2.516027 7.218445
v -5.224759 1.896430 2.890194
v -4.258776 3.284419 4.424028
v -4.405542 4.046453 4.629707
v -20.809265 3.776894 0.985615
v -5.119656 0.398263 1.146959
v -1.166390 6.438963 1.194903
v -18.174381 3.979951 0.835394
v 16.222521 0.119584 1.210606
v 18.405266 4.749648 1.239332
v -2.273323 0.024863 1.196223
v 0.304928 0.008423 1.199105
v 3.907167 0.024440 1.200990
v 5.528969 0.030290 1.201828
v 9.207183 0.041022 1.203261
v 13.246470 0.053243 1.204717
v 17.955790 5.586179 1.202826
v 13.647674 5.231759 1.201578
v 11.363207 5.482566 1.190222
v 8.206737 6.742293 1.190989
v 3.522663 8.365799 0.964997
v 1.957716 7.695094 1.193732
v -3.575115 2.783759 6.605210
v -2.513427 2.802418 4.705144
v 0.703725 2.549521 4.942976
v 5.333241 2.789005 4.813242
v 7.221029 2.880891 4.746364
v 10.223396 2.960631 4.640178
v 13.258768 3.037714 4.539158
v -2.650496 1.634153 2.868242
v 1.486343 1.743587 2.920711
v 6.408783 2.313831 2.994706
v 8.534374 2.513409 3.027144
v 11.725924 2.796516 3.081187
v 14.496672 3.100317 3.136402
v 16.279108 4.662723 7.404211
v 14.494665 5.214026 9.123721
v 11.155105 5.499213 8.147119
v 3.858527 4.384171 6.495780
v 5.082225 8.447906 1.192361
v 7.115640 4.424607 6.561075
v 16.975576 5.050611 6.144185
v 12.928531 4.563615 6.157551
v 10.042575 4.592723 6.024835
v -3.828034 4.162698 7.005836
v 17.412140 5.413977 4.885627
v 13.214989 4.873254 4.889001
v 10.967544 4.900360 4.893119
v 7.894327 4.986660 4.911271
v 1.795353 4.889699 4.915205
v 17.704144 5.599419 3.469964
v 13.127822 5.111071 3.473633
v 11.211678 5.267296 3.090950
v 8.104282 5.709411 3.079874
v 4.841316 4.996629 4.913025
v 1.911362 5.778106 3.077488
v 11.111480 3.153555 11.007895
v 8.488168 3.023896 11.463982
v 5.766727 2.950284 11.518417
v -2.344556 1.026131 9.780740
v -0.837360 1.691800 7.448695
v 14.197516 3.837208 8.963816
v 0.255435 3.364086 10.432779
v 8.093843 1.600669 8.736694
v 13.042739 2.803392 11.264263
v 10.404830 2.362908 12.841653
v 7.865746 2.174273 13.550053
v 5.383578 2.115911 13.679525
v 17.882322 5.596986 1.997788
v 13.268417 5.223035 1.989521
v 11.318728 5.451330 1.636390
v 8.187879 6.520990 1.626985
v 5.007092 6.134318 3.079890
v 1.948916 7.225978 1.629238
v -2.565198 0.283810 1.696805
v 1.043119 0.259198 1.719754
v 5.642886 0.636339 1.764823
v 7.658841 0.773673 1.784836
v 11.207781 1.022030 1.818976
v 14.499363 1.304014 1.853660
v -9.801484 3.674552 10.765254
v -8.992231 4.289163 8.892887
v -9.041993 1.890790 7.713075
v -8.948446 1.016542 10.030102
v -9.029902 1.612434 8.059873
v -9.006889 1.389633 8.684978
v -8.978252 1.177778 9.377614
v -8.911670 3.699114 10.833228
v -8.357186 2.493297 10.854925
v -9.784205 2.477722 11.124377
v 5.518965 1.180791 14.945309
v -3.739895 4.473499 6.595881
v -0.359808 1.006186 10.259643
v -2.465661 1.560020 8.082676
v -2.424619 1.346113 8.594283
v -2.357887 1.155974 9.160635
v 0.628469 3.838699 8.673851
v 5.068396 7.964761 1.628081
v 3.475300 3.758215 8.674547
v 6.347266 3.809822 8.709838
v 12.318818 5.621603 7.734300
v 15.737265 6.472631 9.164289
v 13.786044 1.874051 9.376299
v -2.056039 3.726353 9.821806
v 15.261230 3.108555 9.088058
v -2.090454 3.921806 8.787452
v 15.255747 3.596303 9.174939
v -9.838176 4.067810 9.879994
v -8.411232 3.852490 9.790350
v 5.458365 1.137211 13.329712
v 15.122976 2.621184 8.970377
v -9.879502 4.235987 8.923262
v -9.905560 3.980344 8.323672
v -9.836313 1.129998 10.002802
v -8.477098 3.047051 8.063308
v -9.915294 1.695075 8.133743
v -9.810806 1.277323 10.555093
v -9.892909 1.487107 8.727766
v -9.865144 1.286207 9.384835
v -9.019182 4.024083 8.261214
v -20.805040 3.429487 1.001302
v -9.787157 3.145920 11.101611
v -9.792510 1.813854 10.944602
v -9.927109 1.956463 7.803932
v 0.392047 2.358968 11.634196
v 3.221074 2.328401 12.382453
v 3.322762 1.186956 11.992587
v 2.989122 1.581708 12.284947
v 7.852060 1.160215 13.191693
v 9.804695 1.851588 13.575182
v 10.312060 1.327704 12.487458
v 4.850913 1.267962 14.313348
v 13.024825 1.779732 10.996637
v 12.370182 2.260828 12.034366
v 18.087566 1.483260 1.315054
v 7.240450 1.274257 14.175947
v 16.340382 3.353502 7.200376
v 18.420897 3.179006 1.417703
v -20.792492 3.137567 0.990966
v -5.555482 3.230545 3.175603
v -18.764091 4.089817 1.278839
v -3.822893 4.167700 6.402969
v -9.039546 3.121715 7.769733
v -7.577225 3.933721 2.495074
v -8.949520 4.109315 9.900480
v -21.019913 3.955354 1.152174
v -18.206676 3.387484 1.189175
v 17.033741 3.739953 5.919089
v 16.527613 3.759945 7.307604
v 17.476326 4.101470 4.664504
v 17.217615 4.142876 6.033691
v 17.830812 3.971247 3.290475
v 17.665737 4.500208 4.775811
v -6.987663 3.519239 9.911210
v 17.987995 4.521147 3.381722
v 17.896553 2.534367 2.022631
v -2.296363 1.163135 10.394418
v -2.229893 1.602621 10.849057
v -2.151514 2.234161 11.084574
v -20.906635 2.746005 0.193288
v -20.796425 3.680421 0.196845
v -3.491867 2.971977 7.760201
v -8.922007 1.174471 10.613447
v -8.902959 1.738543 11.029435
v -8.894201 2.443494 11.201574
v -17.984695 3.051699 1.170304
v -9.925046 3.124074 7.857519
v 18.117483 3.787319 2.062833
v -8.438267 3.996510 8.970103
v -8.359724 3.060789 10.839516
v -8.426127 1.478978 9.360637
v -8.460518 3.775768 8.459306
v -8.401575 1.348522 9.887121
v -8.468831 1.829334 8.296989
v -7.057411 2.965743 8.335031
v -8.379849 1.475860 10.357378
v -8.449772 1.649919 8.801625
v -8.478891 2.053679 8.016986
v -8.380770 3.522798 10.526266
v -8.364263 1.933525 10.685004
v -8.429657 3.172380 8.465888
v -9.833915 2.904879 8.682807
v -6.973574 1.718285 10.134523
v -7.018603 3.737973 9.048361
v -7.052150 2.178959 8.278444
v -6.960945 2.078900 10.409006
v -7.010581 1.613137 9.310870
v -6.991004 1.569838 9.746442
v -6.955040 2.522450 10.544978
v -7.044321 1.952672 8.485868
v -6.957260 2.982174 10.508484
v 3.323674 2.932992 11.374271
v -7.036652 3.548115 8.632468
v -7.029324 1.749238 8.867715
v -9.852674 1.966195 8.649042
v -8.351851 1.793671 10.135713
v -8.435407 2.777080 8.341293
v -8.392940 3.712239 9.122469
v -8.425056 2.225737 8.407406
v -8.373438 3.620769 9.963378
v -8.339748 2.126395 10.410274
v -8.386700 1.558095 9.326315
v -8.368338 1.594735 9.754976
v -8.333873 2.539179 10.537555
v -8.417956 1.953158 8.581831
v -8.335149 2.969284 10.497458
v -8.351926 3.354545 10.284344
v -8.409458 3.511626 8.740453
v -8.404142 1.685510 8.913899
v -8.382180 3.743944 9.564483
v -9.810111 3.734246 9.600774
v -9.793015 3.609330 10.004989
v -9.779431 3.339097 10.330684
v -9.828113 3.694829 9.179574
v -9.822045 1.575384 9.377661
v -9.771426 2.964689 10.528273
v -9.761251 3.400815 9.889112
v -9.859625 2.236179 8.478932
v -9.857348 3.166511 8.533402
v -9.863036 2.775902 8.410298
v -9.804043 1.614802 9.798860
v -9.839141 1.700301 8.973445
v -9.844324 3.496795 8.805431
v -9.770220 2.543106 10.567676
v -9.787871 1.812552 10.172918
v -9.757227 1.994529 10.020545
v -9.775994 2.138529 10.442889
v -9.769883 1.839756 9.727780
v -9.744355 2.896273 10.298668
v -9.750621 3.189312 10.144024
v -9.680581 2.625755 9.480070
v -9.813393 2.325737 8.694579
v -3.124042 3.054499 7.535142
v -9.783974 1.808905 9.398121
v -9.743410 2.566312 10.329507
v -9.797353 1.906673 9.081753
v -9.774631 3.498582 9.572744
v -9.802142 3.306678 8.948653
v -9.747931 2.249662 10.231843
v -9.807942 2.114495 8.827937
v -9.788721 3.467731 9.243084
v 4.226652 1.583397 13.502515
v 4.331693 0.982997 12.532609
v 3.946109 0.488995 1.747931
v 0.313127 1.315472 8.934079
v 4.598181 2.110220 2.967280
v 3.706064 2.699044 4.888334
v 2.573788 0.018143 1.200283
v 4.304793 1.654583 12.756132
v 4.176354 2.301757 12.983976
v -19.099632 4.138316 1.341423
v -3.242234 2.902363 6.600918
v -4.792892 4.676991 5.101614
v -5.982382 4.569974 3.666554
v -5.793154 4.236617 3.466302
v -4.610926 4.494036 4.908084
v -4.606838 4.863847 5.027709
v -5.767669 4.823844 3.612119
v -3.607088 3.923923 6.752856
v 9.220852 1.376848 14.197778
v 11.800251 1.800083 12.641095
v 7.240442 1.650752 14.287385
v 13.652521 2.341432 11.023706
v 4.850904 1.583602 14.406755
v 3.688192 1.423388 14.363165
v 12.369932 1.876126 11.920523
v 9.804707 1.450606 13.456550
v -2.527075 2.270865 6.818593
v -2.891609 3.523397 6.653227
v -2.881967 3.157703 6.577420
v -3.343437 4.008513 5.775166
v -3.493678 2.302066 7.689928
v -3.765086 3.719498 5.424152
v -10.086244 2.978868 1.754176
v -3.230811 3.817708 6.738795
v -3.121613 2.504958 7.479482
v -3.352858 3.653593 5.685290
v -20.760553 3.306676 0.197154
v -20.760551 3.549529 0.197154
v -20.797884 3.187125 0.857816
v -11.568598 4.234982 2.056888
v -12.031230 3.184810 1.526833
v -9.103182 2.108127 1.654936
v -13.116395 3.886616 1.661227
v -11.272327 4.355853 1.987219
v -9.693813 4.490713 1.012072
v -12.273071 2.279277 0.935645
v -11.739798 2.296731 1.204121
v -10.349347 4.417271 1.488273
v -13.888224 2.724711 1.135534
v -14.420023 2.703730 0.896810
v -14.880986 3.880947 1.514033
v -13.453154 4.198674 1.767558
v -6.862599 2.691669 2.246575
v -11.247169 2.582398 1.460172
v -13.130037 4.249871 1.700183
v -11.945598 4.285583 0.939994
v -12.385811 4.239183 1.311556
v -6.234904 4.917054 1.854993
v -3.714377 5.580365 1.150631
v -7.545607 4.583324 2.601442
v -6.264823 1.431417 2.080791
v -7.977647 2.801807 2.010310
v -7.792119 4.318515 2.675737
v -9.210505 3.910049 2.224370
v -7.318532 1.056861 1.084221
v -6.910116 1.084723 1.466526
v -9.344317 1.670569 1.327510
v -9.844341 1.655277 1.005509
v -11.263197 3.896562 1.926030
v -8.088405 4.623507 1.687364
v -7.195133 4.731978 1.093139
v -9.212578 4.475491 2.310608
v -6.865053 1.685715 1.874366
v -3.763157 4.148682 5.535059
v -9.478597 4.275888 2.382860
v 15.633613 6.804502 8.892845
v 14.543819 6.758821 8.867728
v 14.387070 6.624615 9.320378
v 15.449914 6.681365 9.308164
v 11.709805 5.102978 9.475475
v 14.227661 5.624179 7.731238
v 10.875294 5.242872 8.998842
v 13.506190 5.136003 9.390609
v -7.167178 4.734461 0.876696
v -9.921737 1.647265 0.814502
v -7.389691 1.055985 0.877018
v -3.907513 5.560142 0.957603
v -11.927060 4.287722 0.759015
v -14.522947 2.346045 0.728171
v -12.352937 2.096460 0.759015
v -9.665841 4.493941 0.814503
v -20.796423 3.173916 0.702355
v -20.762125 3.544934 0.857635
v -20.762123 3.311271 0.857635
v 2.512729 0.000000 0.967553
v 5.094202 8.717757 0.270507
v -20.797884 3.670893 0.857195
v -20.906942 3.120004 0.845070
v 19.114700 4.204115 1.337056
v 18.588633 1.761543 0.342563
v 18.079462 1.014499 0.975199
v 1.959810 7.820291 0.965565
v 8.211226 6.817219 0.963293
v 11.369492 5.508706 0.962145
v 13.664930 5.240768 0.961311
v 17.971565 5.590366 0.962524
v 13.199677 0.000000 0.967553
v 9.123102 0.000000 0.967553
v 5.434145 0.000000 0.967553
v 3.829807 0.000000 0.967553
v 0.272293 0.000000 0.967553
v -2.260672 0.015732 0.965873
v 18.578135 4.880540 1.036736
v 16.207205 0.042289 0.967989
v -18.169706 3.980502 0.678579
v -1.165897 6.551696 0.966701
v -5.105190 0.390250 0.926843
v -20.795961 3.784460 0.831398
v -5.112592 0.390250 0.259965
v -1.163528 6.689126 0.271144
v -18.169706 3.980502 0.190330
v 16.234158 0.035473 0.273070
v 18.620640 5.279316 0.315259
v -2.260672 0.015732 0.270912
v 0.272293 0.000000 0.271383
v 3.829807 0.000000 0.271383
v 5.434932 0.000000 0.271383
v 9.141792 0.000000 0.271383
v 13.232275 0.000000 0.271383
v 17.993975 5.606666 0.270993
v 13.682286 5.263889 0.269633
v 11.384526 5.590547 0.269867
v 8.223069 6.945836 0.270189
v 1.965338 7.966976 0.270826
v 18.072104 0.855208 0.311540
v 18.904022 2.605266 1.574984
v 18.972988 3.193632 1.431220
v 2.512729 0.000000 0.271383
v -20.796425 3.162823 0.196999
v -9.665841 4.493941 0.228455
v -12.534306 1.564025 0.212891
v -14.778347 1.303360 0.204240
v -11.927060 4.287722 0.212891
v -4.316436 5.495946 0.265655
v -7.559958 1.055985 0.245990
v -10.099404 1.625081 0.228455
v -7.185010 4.730241 0.245761
v -20.760553 3.549529 0.499180
v -20.760551 3.306676 0.499180
v -20.796423 3.680421 0.498396
v -20.906635 2.841083 0.489390
v -20.795467 3.786088 0.481166
v 18.393551 2.039316 0.746487
v 18.543600 3.878236 1.015022
v 18.448832 2.412050 1.107761
v 18.506870 3.129896 1.187462
v 18.605606 1.879498 0.771450
v 18.672632 2.303618 1.185520
v 18.265112 3.268010 1.038750
v 18.207281 2.424350 0.982626
v 18.186378 2.326406 0.304510
v 18.276665 3.625789 0.305852
v 18.579742 4.602580 0.338424
v 18.378471 1.935350 0.333922
v 13.423560 4.447598 8.528870
v 15.201367 6.276852 8.747476
v 13.577927 4.125930 8.539072
v 15.904513 6.571122 8.832096
v 15.110051 5.574614 7.898413
v 14.011090 4.386762 7.634493
v 14.060056 5.458559 8.313258
v 13.833452 5.325973 8.760442
v 13.762961 4.646181 7.859091
v 15.066978 6.198220 9.012685
v 14.155203 5.261848 8.976723
v 14.622388 5.535198 8.054773
v 2.993496 1.933133 12.392495
v 0.253164 1.370192 11.242116
v -20.804447 3.428266 0.914985
v -1.159110 6.069893 1.622356
v 0.400905 7.382536 0.270985
v 0.320410 5.180520 3.878678
v 0.395459 7.100444 1.194418
v 0.304001 4.848786 4.916113
v 0.370093 5.908683 2.360382
v 0.398602 7.331139 0.686113
v 3.529769 8.508810 0.270666
v 3.359849 4.950337 4.913074
v 5.085517 8.572492 0.964429
v 3.419575 5.466135 3.881159
v 3.519970 8.241699 1.193047
v 3.487788 6.860169 2.328395
v 6.658636 8.190848 0.270348
v 6.644481 7.949715 1.191675
v 6.652647 8.146351 0.684500
v 6.597995 6.763841 2.328008
v 6.412186 5.011377 4.914314
v 6.499465 5.499293 3.881159
v 9.456454 4.945332 4.894533
v 9.779672 5.882494 0.683694
v 9.768991 5.784109 1.190304
v 9.787501 5.957094 0.270029
v 9.579355 5.263741 3.881159
v 9.708205 5.618408 2.327621
v -2.723336 5.986761 0.686495
v -2.705080 5.856701 1.191816
v -2.728902 6.016122 0.271072
v -2.487573 5.703494 1.525777
v -3.960893 4.974498 3.480543
v -1.705635 5.321147 2.425253
v -3.408019 4.897770 4.909208
v 5.042892 7.051725 2.328202
v 9.747617 5.723965 1.626438
v 8.153099 6.121028 2.327815
v -0.959404 5.622557 2.197422
v 0.389483 6.651911 1.630318
v 3.508655 7.752873 1.628628
v 1.934061 6.429841 2.329574
v 6.628138 7.536561 1.627533
v 11.275472 5.385427 2.317611
v 3.458497 6.024343 3.079897
v 8.039412 5.395620 3.881159
v 6.555686 6.005889 3.079882
v 1.879636 5.350208 3.881022
v -1.669315 5.052547 3.869283
v 11.132542 5.148991 3.869450
v 4.959520 5.517704 3.881159
v 0.334036 5.477611 2.999026
v 9.652875 5.448622 3.079866
v -5.779747 5.049278 0.648617
v -5.295567 5.154865 1.152523
v -5.918795 5.016689 0.254711
v -0.700398 5.451080 2.493880
v -0.135296 5.515392 2.620976
v 16.343666 5.153341 1.998627
v 15.501990 4.594419 6.145720
v 15.907069 4.957869 4.887152
v 14.902796 4.226491 7.397478
v 16.177721 5.145595 3.471264
v 17.122248 5.368529 1.998442
v 16.247566 4.809606 6.145720
v 16.668528 5.173055 4.887152
v 15.601306 4.434051 7.397478
v 16.949795 5.360783 3.471257
v 16.407337 5.151171 1.202235
v 16.424591 5.151072 0.681979
v 16.436337 5.151072 0.269352
v 17.188417 5.366358 1.201896
v 17.206348 5.366260 0.681778
v 17.218554 5.366260 0.269273
v 15.576898 5.073172 1.202595
v 15.506151 5.074489 1.998826
v 15.347200 5.062707 3.471272
v 15.593976 5.073884 0.682194
v 14.718520 4.513987 6.149435
v 15.605232 5.074331 0.269437
v 15.097482 4.873108 4.887152
v 14.219619 4.154790 7.411916
v 19.198019 3.317920 1.729809
v 19.402119 4.273201 1.490033
v 19.597748 5.096827 0.462882
v 19.244848 5.027894 0.422845
v 18.980078 3.254548 1.578169
v 19.156199 4.497676 0.932171
v 19.200706 4.801240 0.390481
v -5.414173 2.357605 11.052187
v -5.422225 1.710916 10.892209
v -5.438815 1.193521 10.507262
v -5.459052 3.877326 9.851249
v -5.535890 2.983140 7.896711
v -5.517858 3.811190 8.348338
v -5.427595 3.506007 10.708915
v -5.486586 1.173490 9.365090
v -5.510494 1.368310 8.729134
v -5.529431 1.586338 8.159216
v -5.461414 1.038350 9.968218
v -5.539163 1.852522 7.844052
v -5.494880 4.048312 8.927227
v -5.415881 3.006421 11.022310
v -4.010832 2.948685 10.967092
v -4.085141 3.955627 8.928905
v -4.173174 1.847794 7.886652
v -4.063422 1.047642 9.935842
v -4.128714 1.579210 8.191515
v -4.109318 1.360474 8.742049
v -4.087028 1.172538 9.352141
v -4.019049 3.429299 10.661378
v -4.160185 3.746212 8.329515
v -4.173648 2.935243 7.934834
v -4.047289 3.785424 9.830838
v -4.041308 1.200493 10.461108
v -4.023411 1.697509 10.837921
v -4.012624 2.321099 10.996651
v -7.047579 2.397700 11.124609
v -7.055975 1.722528 10.959023
v -7.073746 1.182425 10.558809
v -7.097441 3.988285 9.875001
v -7.180603 3.048879 7.834652
v -7.161447 3.913131 8.305703
v -7.062926 3.598172 10.769257
v -7.125579 1.173364 9.370864
v -7.151750 1.376490 8.707291
v -7.172635 1.597079 8.110553
v -7.098188 1.025735 9.998114
v -7.183493 1.869379 7.780032
v -7.136565 4.163713 8.910292
v -7.049834 3.074450 11.094504
v -18.483267 1.460977 0.190176
v -13.912930 4.173095 0.204240
v -13.912930 4.173095 0.728171
v -18.390728 2.514755 0.678027
v -18.765591 3.870202 1.271646
v -18.353550 2.876124 0.833639
v -18.148249 2.894422 1.022978
v -15.229654 4.178491 1.606732
v -13.388276 2.862203 1.351911
v -13.972373 3.296808 1.400464
v -14.891612 4.190960 1.540631
v -13.926224 4.171560 0.899929
v -14.246747 4.140192 1.213327
v -13.385715 2.768933 1.324707
v -7.187222 2.228408 7.678706
v -4.181345 2.176676 7.797823
v -5.542394 2.196852 7.747078
v -20.810793 2.223856 0.472160
v -20.807764 3.011561 0.816196
v -6.627244 1.289951 1.804387
v -6.062926 1.013393 1.995617
v -11.230335 2.391095 1.424104
v -8.938294 1.815732 1.602922
v -3.352875 3.786905 5.670740
v -3.127054 2.301600 7.497112
v -3.775253 3.879869 5.407835
v -3.491255 2.050514 7.718121
v -2.897508 2.997285 6.592635
v -9.815937 2.501166 8.646350
v -9.862151 2.452008 8.414849
v -8.427599 2.445878 8.342110
v -7.054867 2.419753 8.211701
v -8.482495 2.355894 7.931517
v -17.968735 2.943964 1.157582
v -20.812954 1.953835 0.186482
v -20.685890 3.023015 0.975889
v -9.931347 2.311589 7.703385
v -9.046274 2.265270 7.607160
v -4.353161 3.521611 4.469533
v -5.433888 2.212005 2.976006
v -20.809254 2.741395 0.664860
v -18.429283 1.822272 0.481511
v -13.912930 4.173095 0.517121
v 19.087660 4.039196 1.220873
v 19.521875 4.743762 1.119460
v 15.585938 5.073435 0.960613
v 17.197630 5.366260 0.960027
v 16.416203 5.151072 0.960311
v -5.508706 5.112432 0.919390
v -2.711958 5.928467 0.966888
v 9.774078 5.827209 0.962725
v 6.648372 8.060291 0.963861
v 5.089135 8.668877 0.684904
v 0.396957 7.228771 0.966133
v 18.189665 2.373263 0.737705
v 18.265049 3.491107 0.758414
v 18.626701 2.025777 0.936530
v 18.563078 4.333721 0.793492
v 18.413670 2.167201 0.895551
v -20.795467 3.786088 0.677541
v -20.906635 3.023316 0.689123
v -20.796423 3.680421 0.701804
v -20.760551 3.306676 0.702907
v -20.760551 3.549529 0.702907
v -5.108274 0.390250 0.658211
v -1.164910 6.643181 0.686517
v -18.169706 3.980502 0.481902
v 16.218342 0.038307 0.689458
v 18.602808 5.125694 0.769674
v -2.260672 0.015732 0.685929
v 0.272293 0.000000 0.687122
v 3.829807 0.000000 0.687122
v 5.434474 0.000000 0.687122
v 9.130889 0.000000 0.687122
v 13.213258 0.000000 0.687122
v 17.981169 5.600330 0.684947
v 13.672164 5.252098 0.682689
v 11.375757 5.543624 0.683282
v 8.216160 6.886637 0.684097
v 1.962113 7.917958 0.685710
v 18.073999 0.922592 0.742131
v 19.193241 4.693225 1.014366
v 2.512729 0.000000 0.687122
v -20.796423 3.166626 0.498788
v -9.665841 4.493941 0.578431
v -12.428503 1.746574 0.539025
v -14.629357 1.660852 0.517121
v -11.927060 4.287722 0.539025
v -4.177408 5.517956 0.676326
v -7.460631 1.055985 0.622827
v -9.995762 1.632687 0.578431
v -7.178965 4.731677 0.622410
v 3.525624 8.460904 0.685307
v 18.216532 4.967688 -1.990671
v -2.123035 4.407411 -6.671335
v 16.781502 1.583726 -1.888571
v -18.298182 3.973071 -1.052595
v -3.689344 5.209549 -2.171316
v -5.515145 0.596109 -1.581965
v -8.897065 3.149558 -11.171534
v -20.795467 3.786088 -0.190043
v -2.084882 2.871724 -11.057852
v -2.045579 3.379313 -10.683655
v 18.050758 5.214353 -3.439306
v 17.745205 5.083745 -4.849025
v 17.299604 4.722390 -6.107358
v 16.609549 4.335448 -7.381768
v -1.765158 5.128476 -3.091840
v -1.500024 4.863999 -4.918610
v 0.869894 4.349019 -6.558728
v 16.731030 3.445308 -3.195288
v 16.149527 3.484613 -4.496328
v 15.751555 2.880588 -5.788874
v 15.040005 2.516027 -7.218449
v -5.224759 1.896430 -2.890197
v -4.258776 3.284418 -4.424032
v -4.405542 4.046454 -4.629710
v -20.809265 3.776894 -0.985618
v -5.119656 0.398263 -1.146963
v -1.166390 6.438963 -1.194906
v -18.174381 3.979951 -0.835397
v 16.222523 0.119584 -1.210610
v 18.405266 4.749649 -1.239335
v -2.273323 0.024863 -1.196226
v 0.304928 0.008423 -1.199108
v 3.907167 0.024440 -1.200994
v 5.528969 0.030290 -1.201832
v 9.207182 0.041022 -1.203265
v 13.246470 0.053243 -1.204720
v 17.955786 5.586180 -1.202829
v 13.647673 5.231760 -1.201581
v 11.363206 5.482566 -1.190225
v 8.206737 6.742293 -1.190992
v 3.522663 8.365800 -0.965000
v 1.957716 7.695094 -1.193735
v -3.575114 2.783759 -6.605213
v -2.513427 2.802418 -4.705148
v 0.703725 2.549521 -4.942979
v 5.333240 2.789005 -4.813246
v 7.221031 2.880891 -4.746367
v 10.223397 2.960631 -4.640182
v 13.258765 3.037714 -4.539161
v -2.650495 1.634153 -2.868245
v 1.486343 1.743587 -2.920715
v 6.408783 2.313831 -2.994709
v 8.534374 2.513409 -3.027147
v 11.725923 2.796517 -3.081189
v 14.496672 3.100317 -3.136405
v 16.279108 4.662723 -7.404215
v 14.494665 5.214028 -9.123726
v 11.155105 5.499213 -8.147122
v 3.858527 4.384171 -6.495784
v 5.082225 8.447905 -1.192364
v 7.115641 4.424608 -6.561078
v 16.975578 5.050611 -6.144188
v 12.928528 4.563615 -6.157555
v 10.042572 4.592723 -6.024838
v -3.828035 4.162698 -7.005839
v 17.412142 5.413977 -4.885630
v 13.214991 4.873255 -4.889004
v 10.967544 4.900359 -4.893123
v 7.894327 4.986660 -4.911275
v 1.795353 4.889699 -4.915208
v 17.704144 5.599418 -3.469967
v 13.127822 5.111073 -3.473636
v 11.211678 5.267296 -3.090953
v 8.104280 5.709411 -3.079877
v 4.841316 4.996629 -4.913029
v 1.911362 5.778106 -3.077491
v 11.111480 3.153555 -11.007897
v 8.488168 3.023896 -11.463985
v 5.766727 2.950284 -11.518419
v -2.344556 1.026131 -9.780744
v -0.837361 1.691800 -7.448699
v 14.197517 3.837208 -8.963819
v 0.255435 3.364086 -10.432780
v 8.093843 1.600669 -8.736695
v 13.042739 2.803392 -11.264265
v 10.404832 2.362908 -12.841655
v 7.865745 2.174273 -13.550055
v 5.383578 2.115911 -13.679526
v 17.882322 5.596986 -1.997791
v 13.268415 5.223035 -1.989524
v 11.318727 5.451330 -1.636393
v 8.187879 6.520989 -1.626989
v 5.007091 6.134318 -3.079893
v 1.948916 7.225980 -1.629241
v -2.565198 0.283810 -1.696808
v 1.043119 0.259198 -1.719757
v 5.642886 0.636339 -1.764827
v 7.658841 0.773673 -1.784839
v 11.207783 1.022030 -1.818979
v 14.499364 1.304014 -1.853663
v -9.801484 3.674552 -10.765258
v -8.992231 4.289164 -8.892891
v -9.041994 1.890790 -7.713079
v -8.948446 1.016542 -10.030105
v -9.029902 1.612434 -8.059876
v -9.006890 1.389632 -8.684982
v -8.978253 1.177778 -9.377618
v -8.911670 3.699114 -10.833229
v -8.357185 2.493297 -10.854926
v -9.784206 2.477722 -11.124380
v 5.518965 1.180791 -14.945312
v -3.739895 4.473499 -6.595884
v -0.359807 1.006186 -10.259645
v -2.465661 1.560020 -8.082680
v -2.424619 1.346113 -8.594287
v -2.357887 1.155974 -9.160638
v 0.628469 3.838699 -8.673854
v 5.068396 7.964761 -1.628084
v 3.475300 3.758215 -8.674551
v 6.347267 3.809822 -8.709841
v 12.318818 5.621603 -7.734304
v 15.737265 6.472630 -9.164292
v 13.786043 1.874051 -9.376302
v -2.056039 3.726353 -9.821810
v 15.261230 3.108555 -9.088062
v -2.090454 3.921806 -8.787457
v 15.255749 3.596304 -9.174941
v -9.838176 4.067811 -9.879998
v -8.411232 3.852489 -9.790353
v 5.458365 1.137211 -13.329715
v 15.122975 2.621184 -8.970381
v -9.879502 4.235987 -8.923265
v -9.905559 3.980343 -8.323677
v -9.836313 1.129998 -10.002805
v -8.477098 3.047051 -8.063312
v -9.915293 1.695075 -8.133746
v -9.810806 1.277323 -10.555095
v -9.892910 1.487107 -8.727769
v -9.865144 1.286207 -9.384838
v -9.019183 4.024084 -8.261217
v -20.805040 3.429487 -1.001305
v -9.787157 3.145920 -11.101614
v -9.792510 1.813854 -10.944604
v -9.927110 1.956463 -7.803936
v 0.392047 2.358968 -11.634199
v 3.221074 2.328401 -12.382455
v 3.322762 1.186956 -11.992589
v 2.989123 1.581708 -12.284949
v 7.852059 1.160215 -13.191695
v 9.804694 1.851588 -13.575186
v 10.312061 1.327704 -12.487459
v 4.850913 1.267962 -14.313350
v 13.024825 1.779732 -10.996641
v 12.370183 2.260828 -12.034368
v 18.087566 1.483260 -1.315057
v 7.240450 1.274257 -14.175950
v 16.340380 3.353502 -7.200380
v 18.420897 3.179005 -1.417706
v -20.792492 3.137567 -0.990969
v -5.555483 3.230544 -3.175606
v -18.764093 4.089817 -1.278843
v -3.822893 4.167700 -6.402974
v -9.039546 3.121715 -7.769737
v -7.577225 3.933721 -2.495078
v -8.949521 4.109315 -9.900483
v -21.019917 3.955354 -1.152177
v -18.206676 3.387484 -1.189178
v 17.033741 3.739953 -5.919092
v 16.527613 3.759945 -7.307608
v 17.476328 4.101470 -4.664507
v 17.217619 4.142875 -6.033696
v 17.830812 3.971247 -3.290478
v 17.665737 4.500208 -4.775814
v -6.987662 3.519240 -9.911214
v 17.987995 4.521147 -3.381725
v 17.896555 2.534367 -2.022634
v -2.296364 1.163135 -10.394422
v -2.229893 1.602621 -10.849060
v -2.151514 2.234161 -11.084576
v -20.906639 2.746005 -0.193291
v -20.796423 3.680421 -0.196848
v -3.491867 2.971977 -7.760206
v -8.922008 1.174471 -10.613449
v -8.902958 1.738543 -11.029437
v -8.894201 2.443493 -11.201574
v -17.984694 3.051699 -1.170307
v -9.925044 3.124074 -7.857522
v 18.117483 3.787319 -2.062836
v -8.438267 3.996510 -8.970106
v -8.359724 3.060789 -10.839517
v -8.426127 1.478978 -9.360641
v -8.460519 3.775767 -8.459310
v -8.401574 1.348522 -9.887124
v -8.468831 1.829334 -8.296992
v -7.057411 2.965743 -8.335034
v -8.379849 1.475860 -10.357379
v -8.449771 1.649919 -8.801627
v -8.478891 2.053679 -8.016990
v -8.380770 3.522798 -10.526269
v -8.364262 1.933525 -10.685007
v -8.429655 3.172379 -8.465891
v -9.833915 2.904879 -8.682810
v -6.973574 1.718285 -10.134526
v -7.018603 3.737973 -9.048365
v -7.052150 2.178959 -8.278447
v -6.960945 2.078900 -10.409010
v -7.010581 1.613137 -9.310873
v -6.991004 1.569838 -9.746446
v -6.955040 2.522450 -10.544982
v -7.044321 1.952672 -8.485872
v -6.957259 2.982174 -10.508487
v 3.323674 2.932992 -11.374273
v -7.036652 3.548115 -8.632471
v -7.029324 1.749238 -8.867720
v -9.852674 1.966196 -8.649045
v -8.351851 1.793672 -10.135716
v -8.435407 2.777080 -8.341297
v -8.392940 3.712239 -9.122473
v -8.425056 2.225737 -8.407410
v -8.373437 3.620769 -9.963381
v -8.339748 2.126395 -10.410275
v -8.386701 1.558095 -9.326318
v -8.368338 1.594735 -9.754979
v -8.333874 2.539179 -10.537559
v -8.417956 1.953158 -8.581835
v -8.335149 2.969284 -10.497462
v -8.351926 3.354545 -10.284347
v -8.409458 3.511625 -8.740457
v -8.404142 1.685510 -8.913902
v -8.382180 3.743944 -9.564487
v -9.810110 3.734246 -9.600778
v -9.793015 3.609330 -10.004992
v -9.779431 3.339098 -10.330687
v -9.828113 3.694829 -9.179578
v -9.822046 1.575384 -9.377664
v -9.771426 2.964689 -10.528276
v -9.761251 3.400815 -9.889115
v -9.859625 2.236179 -8.478936
v -9.857347 3.166511 -8.533406
v -9.863036 2.775901 -8.410303
v -9.804043 1.614802 -9.798863
v -9.839141 1.700301 -8.973448
v -9.844324 3.496795 -8.805435
v -9.770220 2.543106 -10.567677
v -9.787871 1.812552 -10.172921
v -9.757227 1.994529 -10.020548
v -9.775994 2.138529 -10.442891
v -9.769883 1.839756 -9.727784
v -9.744354 2.896273 -10.298672
v -9.750620 3.189311 -10.144027
v -9.680581 2.625755 -9.480074
v -9.813391 2.325737 -8.694582
v -3.124041 3.054499 -7.535146
v -9.783974 1.808905 -9.398124
v -9.743411 2.566312 -10.329510
v -9.797353 1.906673 -9.081757
v -9.774631 3.498582 -9.572747
v -9.802141 3.306678 -8.948658
v -9.747931 2.249662 -10.231846
v -9.807943 2.114494 -8.827941
v -9.788721 3.467732 -9.243087
v 4.226652 1.583397 -13.502519
v 4.331694 0.982997 -12.532610
v 3.946109 0.488995 -1.747934
v 0.313127 1.315472 -8.934083
v 4.598182 2.110220 -2.967283
v 3.706064 2.699044 -4.888338
v 2.573787 0.018143 -1.200287
v 4.304792 1.654584 -12.756134
v 4.176354 2.301757 -12.983977
v -19.099632 4.138316 -1.341426
v -3.242234 2.902363 -6.600922
v -4.792892 4.676992 -5.101617
v -5.982381 4.569974 -3.666558
v -5.793154 4.236617 -3.466305
v -4.610926 4.494036 -4.908088
v -4.606838 4.863847 -5.027712
v -5.767669 4.823844 -3.612122
v -3.607088 3.923923 -6.752859
v 9.220852 1.376848 -14.197781
v 11.800249 1.800083 -12.641097
v 7.240442 1.650752 -14.287386
v 13.652521 2.341432 -11.023708
v 4.850904 1.583602 -14.406755
v 3.688192 1.423388 -14.363166
v 12.369932 1.876126 -11.920525
v 9.804708 1.450606 -13.456552
v -2.527075 2.270865 -6.818596
v -2.891609 3.523397 -6.653230
v -2.881967 3.157703 -6.577423
v -3.343437 4.008513 -5.775169
v -3.493678 2.302066 -7.689932
v -3.765086 3.719498 -5.424155
v -10.086244 2.978868 -1.754179
v -3.230811 3.817708 -6.738798
v -3.121613 2.504957 -7.479486
v -3.352858 3.653593 -5.685294
v -20.760553 3.306676 -0.197157
v -20.760553 3.549529 -0.197157
v -20.797884 3.187125 -0.857819
v -11.568598 4.234982 -2.056891
v -12.031228 3.184811 -1.526837
v -9.103182 2.108127 -1.654939
v -13.116395 3.886617 -1.661230
v -11.272327 4.355853 -1.987223
v -9.693814 4.490713 -1.012075
v -12.273072 2.279277 -0.935648
v -11.739798 2.296731 -1.204124
v -10.349347 4.417272 -1.488276
v -13.888223 2.724711 -1.135537
v -14.420023 2.703731 -0.896814
v -14.880986 3.880947 -1.514037
v -13.453154 4.198674 -1.767561
v -6.862599 2.691669 -2.246578
v -11.247169 2.582398 -1.460176
v -13.130037 4.249871 -1.700186
v -11.945599 4.285583 -0.939997
v -12.385811 4.239183 -1.311559
v -6.234904 4.917054 -1.854996
v -3.714377 5.580365 -1.150634
v -7.545608 4.583324 -2.601446
v -6.264823 1.431417 -2.080794
v -7.977647 2.801807 -2.010313
v -7.792119 4.318515 -2.675741
v -9.210505 3.910049 -2.224374
v -7.318532 1.056861 -1.084224
v -6.910116 1.084723 -1.466529
v -9.344318 1.670569 -1.327513
v -9.844342 1.655276 -1.005512
v -11.263196 3.896562 -1.926034
v -8.088406 4.623507 -1.687367
v -7.195133 4.731978 -1.093142
v -9.212577 4.475492 -2.310611
v -6.865052 1.685715 -1.874370
v -3.763157 4.148683 -5.535063
v -9.478596 4.275888 -2.382864
v 15.633613 6.804502 -8.892849
v 14.543819 6.758821 -8.867731
v 14.387071 6.624615 -9.320382
v 15.449914 6.681365 -9.308167
v 11.709805 5.102978 -9.475478
v 14.227662 5.624180 -7.731243
v 10.875293 5.242871 -8.998846
v 13.506191 5.136003 -9.390613
v -7.167178 4.734461 -0.876699
v -9.921736 1.647265 -0.814506
v -7.389691 1.055985 -0.877021
v -3.907513 5.560143 -0.957606
v -11.927061 4.287722 -0.759018
v -14.522948 2.346045 -0.728174
v -12.352936 2.096460 -0.759018
v -9.665842 4.493941 -0.814506
v -20.796423 3.173915 -0.702359
v -20.762123 3.544934 -0.857639
v -20.762123 3.311271 -0.857639
v 2.512729 0.000000 -0.967556
v 5.094202 8.717757 -0.270510
v -20.797884 3.670893 -0.857198
v -20.906942 3.120004 -0.845073
v 19.114700 4.204114 -1.337060
v 18.588634 1.761543 -0.342566
v 18.079460 1.014499 -0.975202
v 1.959810 7.820292 -0.965568
v 8.211225 6.817218 -0.963296
v 11.369493 5.508706 -0.962148
v 13.664931 5.240769 -0.961314
v 17.971565 5.590367 -0.962528
v 13.199677 0.000000 -0.967556
v 9.123102 0.000000 -0.967556
v 5.434144 0.000000 -0.967556
v 3.829807 0.000000 -0.967556
v 0.272293 0.000000 -0.967556
v -2.260672 0.015732 -0.965876
v 18.578133 4.880540 -1.036739
v 16.207203 0.042289 -0.967992
v -18.169706 3.980502 -0.678582
v -1.165896 6.551696 -0.966704
v -5.105190 0.390250 -0.926846
v -20.795963 3.784459 -0.831401
v -5.112593 0.390250 -0.259968
v -1.163528 6.689126 -0.271148
v -18.169706 3.980502 -0.190333
v 16.234158 0.035473 -0.273074
v 18.620636 5.279315 -0.315262
v -2.260672 0.015732 -0.270915
v 0.272293 0.000000 -0.271386
v 3.829807 0.000000 -0.271386
v 5.434931 0.000000 -0.271386
v 9.141792 0.000000 -0.271386
v 13.232274 0.000000 -0.271386
v 17.993977 5.606666 -0.270997
v 13.682285 5.263890 -0.269636
v 11.384525 5.590547 -0.269870
v 8.223070 6.945836 -0.270192
v 1.965338 7.966976 -0.270829
v 18.072104 0.855208 -0.311543
v 18.904024 2.605266 -1.574987
v 18.972988 3.193632 -1.431223
v 2.512730 0.000000 -0.271386
v -20.796423 3.162823 -0.197002
v -9.665842 4.493941 -0.228458
v -12.534306 1.564024 -0.212895
v -14.778347 1.303360 -0.204243
v -11.927061 4.287722 -0.212895
v -4.316436 5.495946 -0.265658
v -7.559957 1.055985 -0.245993
v -10.099406 1.625081 -0.228458
v -7.185011 4.730241 -0.245764
v -20.760553 3.549529 -0.499183
v -20.760551 3.306676 -0.499183
v -20.796423 3.680421 -0.498399
v -20.906639 2.841083 -0.489394
v -20.795467 3.786088 -0.481169
v 18.393549 2.039316 -0.746490
v 18.543598 3.878236 -1.015025
v 18.448832 2.412050 -1.107764
v 18.506872 3.129896 -1.187466
v 18.605604 1.879497 -0.771453
v 18.672634 2.303618 -1.185523
v 18.265114 3.268010 -1.038753
v 18.207281 2.424350 -0.982629
v 18.186378 2.326406 -0.304514
v 18.276663 3.625789 -0.305855
v 18.579742 4.602580 -0.338427
v 18.378473 1.935350 -0.333925
v 13.423560 4.447598 -8.528873
v 15.201365 6.276851 -8.747478
v 13.577928 4.125929 -8.539078
v 15.904516 6.571122 -8.832100
v 15.110050 5.574614 -7.898417
v 14.011089 4.386762 -7.634497
v 14.060056 5.458559 -8.313262
v 13.833454 5.325974 -8.760445
v 13.762961 4.646181 -7.859094
v 15.066977 6.198219 -9.012689
v 14.155203 5.261849 -8.976726
v 14.622388 5.535197 -8.054776
v 2.993496 1.933133 -12.392495
v 0.253164 1.370192 -11.242117
v -20.804449 3.428266 -0.914988
v -1.159110 6.069893 -1.622359
v 0.400905 7.382535 -0.270988
v 0.320410 5.180520 -3.878681
v 0.395459 7.100444 -1.194421
v 0.304001 4.848786 -4.916117
v 0.370093 5.908683 -2.360386
v 0.398602 7.331139 -0.686117
v 3.529769 8.508810 -0.270670
v 3.359849 4.950337 -4.913076
v 5.085517 8.572492 -0.964432
v 3.419575 5.466135 -3.881163
v 3.519970 8.241699 -1.193050
v 3.487788 6.860168 -2.328398
v 6.658637 8.190847 -0.270351
v 6.644481 7.949715 -1.191678
v 6.652648 8.146351 -0.684503
v 6.597995 6.763841 -2.328011
v 6.412186 5.011377 -4.914317
v 6.499466 5.499293 -3.881163
v 9.456453 4.945332 -4.894536
v 9.779672 5.882494 -0.683697
v 9.768991 5.784110 -1.190307
v 9.787501 5.957093 -0.270032
v 9.579354 5.263740 -3.881163
v 9.708204 5.618407 -2.327624
v -2.723336 5.986762 -0.686498
v -2.705079 5.856701 -1.191820
v -2.728902 6.016124 -0.271075
v -2.487573 5.703496 -1.525780
v -3.960892 4.974498 -3.480546
v -1.705635 5.321146 -2.425256
v -3.408019 4.897770 -4.909211
v 5.042891 7.051726 -2.328205
v 9.747618 5.723965 -1.626441
v 8.153099 6.121028 -2.327818
v -0.959404 5.622558 -2.197425
v 0.389483 6.651910 -1.630321
v 3.508655 7.752873 -1.628631
v 1.934062 6.429840 -2.329578
v 6.628137 7.536561 -1.627536
v 11.275472 5.385427 -2.317614
v 3.458497 6.024343 -3.079900
v 8.039412 5.395620 -3.881162
v 6.555686 6.005889 -3.079885
v 1.879636 5.350208 -3.881024
v -1.669315 5.052547 -3.869286
v 11.132542 5.148991 -3.869453
v 4.959520 5.517704 -3.881162
v 0.334036 5.477610 -2.999028
v 9.652875 5.448621 -3.079869
v -5.779747 5.049278 -0.648620
v -5.295566 5.154865 -1.152526
v -5.918795 5.016689 -0.254714
v -0.700398 5.451080 -2.493882
v -0.135296 5.515392 -2.620980
v 16.343666 5.153341 -1.998630
v 15.501992 4.594419 -6.145724
v 15.907067 4.957869 -4.887156
v 14.902796 4.226492 -7.397481
v 16.177721 5.145595 -3.471268
v 17.122248 5.368528 -1.998445
v 16.247566 4.809606 -6.145724
v 16.668528 5.173055 -4.887156
v 15.601306 4.434052 -7.397481
v 16.949795 5.360783 -3.471260
v 16.407337 5.151171 -1.202238
v 16.424591 5.151072 -0.681982
v 16.436337 5.151072 -0.269355
v 17.188417 5.366358 -1.201899
v 17.206348 5.366260 -0.681781
v 17.218554 5.366260 -0.269276
v 15.576898 5.073171 -1.202599
v 15.506151 5.074488 -1.998829
v 15.347200 5.062706 -3.471276
v 15.593979 5.073884 -0.682197
v 14.718520 4.513987 -6.149438
v 15.605231 5.074330 -0.269440
v 15.097482 4.873108 -4.887155
v 14.219618 4.154790 -7.411921
v 19.198019 3.317920 -1.729812
v 19.402119 4.273201 -1.490036
v 19.597748 5.096827 -0.462885
v 19.244852 5.027894 -0.422848
v 18.980078 3.254548 -1.578172
v 19.156199 4.497676 -0.932174
v 19.200706 4.801240 -0.390485
v -5.414172 2.357605 -11.052189
v -5.422225 1.710916 -10.892212
v -5.438815 1.193521 -10.507265
v -5.459052 3.877326 -9.851251
v -5.535890 2.983140 -7.896715
v -5.517858 3.811190 -8.348342
v -5.427595 3.506007 -10.708916
v -5.486586 1.173490 -9.365093
v -5.510494 1.368310 -8.729137
v -5.529430 1.586338 -8.159220
v -5.461414 1.038350 -9.968220
v -5.539163 1.852522 -7.844057
v -5.494879 4.048312 -8.927231
v -5.415881 3.006421 -11.022313
v -4.010833 2.948685 -10.967093
v -4.085141 3.955627 -8.928909
v -4.173174 1.847793 -7.886656
v -4.063422 1.047642 -9.935843
v -4.128714 1.579210 -8.191519
v -4.109318 1.360474 -8.742053
v -4.087028 1.172538 -9.352144
v -4.019050 3.429299 -10.661380
v -4.160185 3.746213 -8.329519
v -4.173648 2.935243 -7.934838
v -4.047288 3.785424 -9.830841
v -4.041308 1.200493 -10.461109
v -4.023411 1.697510 -10.837923
v -4.012624 2.321099 -10.996654
v -7.047578 2.397700 -11.124610
v -7.055975 1.722528 -10.959025
v -7.073747 1.182425 -10.558811
v -7.097441 3.988286 -9.875005
v -7.180604 3.048880 -7.834654
v -7.161447 3.913131 -8.305707
v -7.062926 3.598172 -10.769259
v -7.125579 1.173364 -9.370868
v -7.151751 1.376490 -8.707295
v -7.172635 1.597079 -8.110558
v -7.098189 1.025735 -9.998116
v -7.183493 1.869379 -7.780036
v -7.136566 4.163713 -8.910295
v -7.049835 3.074450 -11.094505
v -18.483265 1.460977 -0.190179
v -13.912929 4.173094 -0.204243
v -13.912929 4.173094 -0.728174
v -18.390730 2.514755 -0.678030
v -18.765589 3.870202 -1.271650
v -18.353550 2.876124 -0.833642
v -18.148249 2.894422 -1.022982
v -15.229654 4.178492 -1.606735
v -13.388276 2.862203 -1.351914
v -13.972375 3.296808 -1.400467
v -14.891611 4.190960 -1.540635
v -13.926223 4.171560 -0.899933
v -14.246747 4.140192 -1.213330
v -13.385718 2.768933 -1.324710
v -7.187222 2.228408 -7.678710
v -4.181345 2.176676 -7.797827
v -5.542393 2.196852 -7.747081
v -20.810793 2.223856 -0.472163
v -20.807766 3.011561 -0.816199
v -6.627244 1.289951 -1.804390
v -6.062927 1.013393 -1.995620
v -11.230335 2.391095 -1.424107
v -8.938295 1.815732 -1.602925
v -3.352875 3.786905 -5.670744
v -3.127053 2.301600 -7.497116
v -3.775253 3.879869 -5.407839
v -3.491256 2.050514 -7.718125
v -2.897508 2.997285 -6.592638
v -9.815937 2.501166 -8.646354
v -9.862150 2.452008 -8.414853
v -8.427597 2.445878 -8.342114
v -7.054866 2.419753 -8.211706
v -8.482495 2.355894 -7.931521
v -17.968735 2.943964 -1.157586
v -20.812954 1.953835 -0.186486
v -20.685890 3.023015 -0.975892
v -9.931347 2.311589 -7.703390
v -9.046274 2.265270 -7.607163
v -4.353161 3.521611 -4.469537
v -5.433889 2.212005 -2.976008
v -20.809254 2.741395 -0.664863
v -18.429283 1.822272 -0.481514
v -13.912929 4.173094 -0.517125
v 19.087660 4.039196 -1.220876
v 19.521873 4.743762 -1.119463
v 15.585935 5.073435 -0.960616
v 17.197630 5.366260 -0.960030
v 16.416203 5.151072 -0.960315
v -5.508706 5.112432 -0.919393
v -2.711958 5.928467 -0.966891
v 9.774078 5.827209 -0.962728
v 6.648372 8.060291 -0.963864
v 5.089136 8.668877 -0.684907
v 0.396957 7.228771 -0.966136
v 18.189665 2.373263 -0.737708
v 18.265047 3.491107 -0.758417
v 18.626703 2.025777 -0.936533
v 18.563076 4.333721 -0.793495
v 18.413671 2.167201 -0.895555
v -20.795467 3.786088 -0.677545
v -20.906639 3.023316 -0.689126
v -20.796423 3.680421 -0.701807
v -20.760551 3.306676 -0.702910
v -20.760553 3.549529 -0.702910
v -5.108275 0.390250 -0.658214
v -1.164910 6.643181 -0.686520
v -18.169706 3.980502 -0.481906
v 16.218342 0.038307 -0.689461
v 18.602808 5.125694 -0.769677
v -2.260672 0.015732 -0.685932
v 0.272293 0.000000 -0.687125
v 3.829807 0.000000 -0.687125
v 5.434473 0.000000 -0.687125
v 9.130890 0.000000 -0.687125
v 13.213260 0.000000 -0.687125
v 17.981169 5.600330 -0.684950
v 13.672163 5.252098 -0.682693
v 11.375755 5.543623 -0.683285
v 8.216160 6.886639 -0.684100
v 1.962113 7.917958 -0.685713
v 18.073999 0.922592 -0.742134
v 19.193241 4.693225 -1.014369
v 2.512730 0.000000 -0.687125
v -20.796423 3.166626 -0.498791
v -9.665842 4.493941 -0.578434
v -12.428503 1.746574 -0.539028
v -14.629357 1.660852 -0.517124
v -11.927061 4.287722 -0.539029
v -4.177409 5.517956 -0.676329
v -7.460631 1.055985 -0.622830
v -9.995762 1.632687 -0.578434
v -7.178966 4.731677 -0.622413
v 3.525624 8.460903 -0.685310
vn 0.9081 -0.0027 0.4188
vn 0.9573 0.0904 0.2746
vn 0.9924 0.0584 0.1082
vn 0.9854 -0.0667 0.1565
vn 0.9681 0.1707 0.1835
vn 0.9835 0.1617 0.0811
vn 0.9754 0.1995 0.0941
vn 0.9914 0.0739 0.1076
vn 0.9870 -0.0860 0.1357
vn -0.0886 0.9926 0.0835
vn 0.0203 0.9775 0.2100
vn 0.0286 0.9650 0.2606
vn -0.0109 0.9616 0.2741
vn 0.0298 0.9756 0.2177
vn 0.0283 0.9662 0.2561
vn 0.0238 0.9616 0.2735
vn 0.0300 0.9642 0.2635
vn 0.0252 0.9674 0.2521
vn 0.0230 0.9681 0.2495
vn 0.0107 0.9690 0.2468
vn 0.0206 -0.4612 0.8871
vn 0.0881 -0.4670 0.8799
vn 0.0990 -0.4574 0.8837
vn 0.0434 -0.4632 0.8852
vn 0.3250 -0.4603 0.8261
vn 0.3439 -0.4566 0.8205
vn 0.3961 -0.5508 0.7347
vn 0.1416 -0.5743 0.8063
vn 0.0789 -0.5765 0.8133
vn -0.0449 0.9983 0.0368
vn -0.0466 0.9988 0.0146
vn -0.0382 0.9917 -0.1230
vn -0.0378 0.9979 -0.0524
vn -0.0891 0.9960 0.0010
vn -0.0783 0.9726 -0.2191
vn -0.0455 0.7769 -0.6280
vn -0.0111 0.8867 -0.4623
vn -0.0135 0.9474 -0.3199
vn -0.2005 0.9318 0.3025
vn -0.1506 0.9647 0.2161
vn -0.1074 0.9385 0.3281
vn -0.1566 0.8798 0.4489
vn -0.1425 0.9832 0.1139
vn -0.0821 0.9847 0.1536
vn -0.0728 0.9734 0.2174
vn -0.1059 0.9174 0.3837
vn -0.1697 0.8329 0.5267
vn -0.3091 -0.9128 0.2671
vn -0.2099 -0.9427 0.2592
vn -0.2027 -0.8890 0.4106
vn -0.3399 -0.8585 0.3840
vn -0.1260 -0.9261 0.3557
vn -0.1136 -0.8405 0.5298
vn -0.0964 -0.7068 0.7008
vn -0.2311 -0.7921 0.5650
vn -0.3924 -0.7373 0.5499
vn 0.0437 0.0451 0.9980
vn 0.0503 0.2434 0.9686
vn 0.0247 0.2442 0.9694
vn 0.0193 0.0437 0.9989
vn 0.0586 0.5248 0.8492
vn 0.0312 0.5244 0.8509
vn -0.1577 0.5173 0.8411
vn -0.1543 0.2458 0.9570
vn -0.1529 0.0403 0.9874
vn -0.6804 0.7328 -0.0000
vn -0.1227 0.9924 -0.0000
vn -0.0880 0.9961 -0.0000
vn -0.1621 0.0679 0.9844
vn -0.1485 0.3125 0.9382
vn -0.0822 0.2925 0.9527
vn -0.1064 0.0567 0.9927
vn -0.0222 0.6884 0.7250
vn -0.0296 0.6103 0.7916
vn -0.0071 0.5593 0.8290
vn -0.0295 0.2664 0.9634
vn -0.0425 0.0492 0.9979
vn 0.0434 0.9264 0.3740
vn 0.0220 0.9234 0.3832
vn 0.0087 0.8288 0.5595
vn 0.0472 0.8727 0.4860
vn 0.0257 0.9186 0.3944
vn 0.0143 0.8060 0.5918
vn 0.9835 0.0881 0.1583
vn 0.9782 -0.1100 0.1761
vn 0.9609 0.2318 0.1518
vn 0.9446 0.2353 0.2290
vn 0.9718 0.0822 0.2208
vn 0.9677 -0.1420 0.2084
vn 0.9564 0.0642 0.2849
vn 0.9568 -0.1661 0.2387
vn 0.9247 0.2224 0.3090
vn 0.9033 0.2067 0.3760
vn 0.9377 0.0473 0.3441
vn 0.9420 -0.1794 0.2836
vn 0.9132 0.0345 0.4060
vn 0.9193 -0.1871 0.3463
vn 0.8795 0.1898 0.4363
vn 0.8429 0.1768 0.5083
vn 0.8771 0.0258 0.4795
vn 0.8867 -0.1932 0.4200
vn 0.8230 0.0543 0.5655
vn 0.8522 -0.1908 0.4871
vn 0.7681 0.2219 0.6007
vn 0.6199 0.3966 0.6770
vn 0.7501 0.1545 0.6431
vn 0.8261 -0.1638 0.5391
vn -0.1619 0.9352 0.3150
vn -0.1074 0.9587 0.2635
vn -0.0957 0.9807 0.1706
vn -0.1432 0.9588 0.2455
vn -0.0580 0.9944 0.0885
vn -0.0543 0.9963 0.0668
vn -0.0728 0.9899 0.1219
vn -0.1082 0.9708 0.2143
vn -0.0272 0.9709 0.2379
vn -0.0114 0.9847 0.1740
vn 0.0148 0.9706 0.2402
vn 0.0051 0.9616 0.2743
vn -0.0127 0.9937 0.1114
vn 0.0101 0.9782 0.2075
vn -0.0174 0.9452 0.3262
vn -0.0145 0.9498 0.3127
vn 0.0101 0.9644 0.2643
vn -0.0040 0.9617 0.2742
vn -0.0107 0.9494 0.3138
vn 0.0088 0.9575 0.2883
vn 0.0222 0.9716 0.2356
vn 0.0092 0.9663 0.2572
vn 0.1724 -0.7929 0.5845
vn 0.1087 -0.7965 0.5947
vn 0.3953 -0.7366 0.5488
vn 0.4046 -0.8928 0.1978
vn 0.1646 -0.9022 0.3986
vn 0.1068 -0.9042 0.4136
vn 0.1429 -0.9331 -0.3301
vn 0.2516 -0.9477 -0.1964
vn 0.2751 -0.9153 -0.2943
vn 0.1290 -0.9097 -0.3947
vn 0.4758 -0.8731 -0.1063
vn 0.5559 -0.8217 -0.1256
vn 0.3306 -0.9013 -0.2800
vn 0.1222 -0.9338 -0.3363
vn 0.3434 -0.9280 -0.1447
vn 0.0780 -0.9715 -0.2236
vn 0.5874 -0.8093 -0.0062
vn 0.5851 -0.8074 0.0755
vn 0.3567 -0.9310 -0.0778
vn 0.1825 -0.9716 -0.1505
vn 0.3440 -0.9378 -0.0474
vn 0.0991 -0.9774 -0.1867
vn 0.5783 -0.8098 0.0988
vn 0.5718 -0.8175 0.0687
vn 0.3078 -0.9447 -0.1132
vn 0.1343 -0.9750 -0.1772
vn -0.4148 -0.4464 0.7929
vn -0.2233 -0.5967 0.7708
vn -0.2008 -0.5847 0.7860
vn -0.4084 -0.4485 0.7950
vn -0.0792 -0.6481 0.7574
vn -0.1509 -0.7441 0.6508
vn -0.2869 -0.6137 0.7355
vn -0.5079 -0.4310 0.7459
vn -0.5113 -0.5922 0.6227
vn -0.6637 -0.3553 0.6582
vn -0.3784 -0.8262 0.4174
vn -0.8258 -0.4990 0.2629
vn -0.7895 -0.4121 0.4549
vn -0.8016 -0.2227 0.5548
vn -0.6761 -0.2474 0.6940
vn -0.7233 -0.2531 0.6425
vn -0.6877 -0.3804 0.6183
vn -0.6720 -0.2914 0.6808
vn -0.7921 -0.2266 0.5668
vn -0.7274 -0.4658 0.5040
vn -0.5781 -0.7993 0.1644
vn -0.5702 -0.6674 0.4790
vn -0.5967 -0.4943 0.6322
vn -0.1305 -0.2781 0.9516
vn -0.1956 -0.4543 0.8691
vn -0.3388 -0.3833 0.8593
vn -0.2403 -0.2577 0.9359
vn -0.0587 0.6544 -0.7539
vn -0.1236 0.9322 -0.3401
vn -0.1331 0.9911 -0.0025
vn -0.8921 0.4331 0.1288
vn -0.8167 0.5417 0.1991
vn -0.8509 0.4971 0.1698
vn -0.2895 -0.9555 0.0568
vn -0.2129 -0.9767 0.0289
vn -0.2097 -0.9691 0.1295
vn -0.2960 -0.9437 0.1475
vn -0.1251 -0.9916 0.0343
vn -0.1215 -0.9757 0.1823
vn -0.3534 0.8244 0.4422
vn -0.3664 0.8353 0.4099
vn -0.3299 0.7723 0.5429
vn -0.3169 0.7514 0.5788
vn -0.3392 0.8674 0.3642
vn -0.3058 0.8141 0.4937
vn -0.2732 0.7669 0.5807
vn -0.2939 0.7243 0.6238
vn -0.2829 0.6959 0.6601
vn -0.0455 0.9990 0.0041
vn -0.0479 0.9988 0.0026
vn -0.0475 0.9987 0.0176
vn -0.0459 0.9986 0.0256
vn -0.0880 0.9961 0.0038
vn -0.0882 0.9959 0.0215
vn 0.0153 -0.9714 0.2368
vn 0.1387 -0.9364 0.3224
vn 0.1170 -0.6923 0.7120
vn 0.0202 -0.8888 0.4578
vn 0.4295 -0.7638 0.4818
vn 0.3592 -0.5739 0.7360
vn 0.0113 -0.4946 0.8691
vn 0.2025 0.1818 0.9623
vn 0.3434 0.2366 0.9089
vn 0.2911 0.1606 0.9431
vn 0.1694 0.1630 0.9720
vn 0.7672 0.3109 0.5610
vn 0.7715 0.3262 0.5463
vn 0.8636 0.2330 0.4472
vn 0.8504 0.1671 0.4989
vn 0.7789 0.0492 0.6252
vn -0.0455 -0.9983 0.0373
vn -0.0461 -0.9806 0.1907
vn -0.0065 -0.9994 0.0348
vn -0.0082 -0.9837 0.1794
vn -0.0092 -0.9264 0.3763
vn -0.0543 -0.9168 0.3957
vn 0.0006 -0.9992 0.0397
vn 0.0046 -0.9818 0.1901
vn 0.0010 -0.9984 0.0561
vn 0.0089 -0.9671 0.2544
vn 0.0297 -0.8727 0.4873
vn 0.0171 -0.9152 0.4026
vn 0.0011 -0.9957 0.0922
vn 0.0011 -0.9946 0.1042
vn 0.0082 -0.9026 0.4304
vn 0.0091 -0.9200 0.3917
vn 0.0009 -0.9934 0.1145
vn 0.0065 -0.8867 0.4623
vn 0.0195 -0.6995 0.7144
vn 0.0249 -0.7345 0.6781
vn 0.0285 -0.7697 0.6378
vn 0.0008 -0.9919 0.1274
vn 0.0054 -0.8669 0.4984
vn 0.0007 -0.9894 0.1449
vn 0.0013 -0.9526 0.3043
vn 0.0077 -0.6706 0.7418
vn 0.0146 -0.6152 0.7883
vn 0.0162 -0.6603 0.7508
vn 0.0006 -0.9861 0.1663
vn 0.0013 -0.9386 0.3449
vn 0.0007 -0.9820 0.1890
vn 0.0014 -0.9233 0.3841
vn 0.0067 -0.6187 0.7856
vn 0.0064 -0.5682 0.8229
vn 0.0135 -0.5229 0.8523
vn 0.0137 -0.5672 0.8235
vn 0.0007 -0.9777 0.2102
vn 0.0015 -0.9076 0.4199
vn 0.0065 -0.5254 0.8508
vn 0.0137 -0.4860 0.8738
vn 0.4829 0.8625 0.1515
vn 0.4852 0.8614 0.1502
vn 0.5320 0.8425 0.0848
vn 0.5295 0.8433 0.0924
vn -0.2264 0.9740 -0.0031
vn -0.2743 0.9616 -0.0082
vn -0.2744 0.9614 -0.0202
vn -0.2268 0.9737 -0.0189
vn -0.2792 0.9598 -0.0286
vn -0.2352 0.9715 -0.0283
vn 0.5240 0.8515 0.0206
vn 0.5273 0.8493 0.0233
vn 0.0799 0.9966 0.0195
vn 0.1027 0.9937 0.0457
vn 0.0991 0.9940 0.0456
vn 0.0766 0.9969 0.0201
vn 0.1122 0.9905 0.0797
vn 0.1089 0.9914 0.0726
vn 0.1061 0.9919 0.0700
vn 0.0935 0.9945 0.0482
vn 0.0714 0.9972 0.0222
vn 0.1327 0.9844 0.1156
vn 0.1289 0.9868 0.0978
vn 0.1888 0.9704 0.1509
vn 0.1840 0.9746 0.1276
vn 0.1780 0.9782 0.1071
vn 0.1261 0.9884 0.0842
vn 0.5102 0.8315 0.2198
vn 0.6153 0.7439 0.2607
vn 0.5905 0.7339 0.3358
vn 0.4960 0.8330 0.2451
vn 0.5829 0.7454 0.3233
vn 0.5454 0.7125 0.4416
vn 0.4988 0.6881 0.5270
vn 0.5532 0.7346 0.3928
vn 0.4703 0.8424 0.2632
vn -0.3129 0.8994 0.3051
vn -0.3087 0.8853 0.3478
vn -0.2505 0.9013 0.3534
vn -0.2550 0.9159 0.3100
vn -0.2934 0.8407 0.4552
vn -0.2368 0.8544 0.4625
vn -0.1140 0.8729 0.4745
vn -0.1210 0.9230 0.3653
vn -0.1235 0.9389 0.3212
vn -0.3100 0.8338 0.4567
vn -0.2763 0.7425 0.6102
vn -0.2597 0.7450 0.6144
vn -0.3148 0.8295 0.4613
vn -0.2816 0.7422 0.6081
vn -0.2528 0.6730 0.6951
vn -0.2457 0.6672 0.7032
vn -0.2289 0.6633 0.7125
vn -0.4712 -0.8694 -0.1486
vn -0.4219 -0.7885 -0.4475
vn -0.6524 -0.6677 -0.3584
vn -0.7055 -0.6465 -0.2905
vn -0.3168 -0.7541 -0.5753
vn -0.5546 -0.6611 -0.5054
vn -0.5430 0.6440 0.5388
vn -0.5251 0.7236 0.4479
vn -0.3516 0.7724 0.5290
vn -0.3559 0.7251 0.5896
vn -0.5965 0.5617 0.5733
vn -0.3798 0.6835 0.6234
vn -0.0875 -0.8403 0.5351
vn -0.2092 -0.9671 0.1449
vn -0.0121 -0.9012 0.4333
vn -0.0747 -0.9963 -0.0427
vn -0.1315 -0.9406 -0.3131
vn -0.2736 -0.9304 -0.2438
vn 0.0503 -0.9975 0.0501
vn 0.0186 -0.9921 -0.1241
vn 0.0721 -0.9973 -0.0160
vn 0.0502 -0.9844 -0.1689
vn 0.0318 -0.9547 -0.2959
vn -0.0183 -0.9463 -0.3228
vn 0.0641 -0.9940 -0.0882
vn 0.0659 -0.9916 -0.1109
vn 0.0429 -0.9678 -0.2482
vn 0.0467 -0.9747 -0.2186
vn 0.0581 -0.9882 -0.1415
vn 0.0413 -0.9652 -0.2581
vn 0.0174 -0.9358 -0.3520
vn 0.0185 -0.9520 -0.3056
vn 0.0238 -0.9410 -0.3376
vn 0.0459 -0.9820 -0.1835
vn 0.0316 -0.9559 -0.2920
vn 0.0292 -0.9706 -0.2390
vn 0.0212 -0.9476 -0.3188
vn 0.0039 -0.9321 -0.3623
vn 0.0119 -0.9458 -0.3246
vn 0.0215 -0.9551 -0.2956
vn 0.0060 -0.9331 -0.3597
vn 0.0326 -0.9375 -0.3465
vn 0.0206 -0.9239 -0.3820
vn 0.0014 -0.9265 -0.3762
vn 0.0034 -0.9417 -0.3365
vn 0.0687 -0.9253 -0.3730
vn 0.0445 -0.9127 -0.4062
vn 0.0299 -0.9452 -0.3251
vn -0.0448 -0.6724 0.7388
vn -0.0406 -0.6660 0.7448
vn -0.0000 -0.6588 0.7523
vn 0.0044 -0.6722 0.7404
vn 0.0412 -0.6480 0.7606
vn 0.0487 -0.6701 0.7406
vn 0.0570 -0.6325 0.7724
vn 0.0654 -0.6699 0.7395
vn 0.0750 -0.7481 0.6593
vn 0.0526 -0.7464 0.6635
vn 0.0558 -0.6130 0.7881
vn 0.0489 -0.6051 0.7947
vn 0.0598 -0.6854 0.7257
vn 0.0633 -0.6803 0.7302
vn 0.0415 -0.5975 0.8008
vn 0.0526 -0.6908 0.7211
vn 0.0630 -0.7782 0.6248
vn 0.0694 -0.7709 0.6332
vn 0.0698 -0.7646 0.6407
vn 0.0399 -0.5912 0.8055
vn 0.0483 -0.6989 0.7136
vn 0.0430 -0.5867 0.8087
vn 0.0475 -0.7155 0.6970
vn 0.0515 -0.8041 0.5922
vn 0.0562 -0.7878 0.6134
vn 0.0487 -0.5836 0.8106
vn 0.0528 -0.7397 0.6709
vn 0.0567 -0.5812 0.8118
vn 0.0662 -0.7644 0.6414
vn 0.0585 -0.8620 0.5036
vn 0.0498 -0.8312 0.5538
vn 0.0653 -0.5785 0.8130
vn 0.0846 -0.7848 0.6139
vn 0.0786 -0.8880 0.4531
vn 0.1788 0.9112 0.3711
vn -0.0502 0.9606 0.2734
vn -0.0697 0.9495 0.3061
vn 0.1515 0.8941 0.4215
vn -0.3138 0.9420 0.1193
vn -0.3098 0.9449 0.1062
vn -0.3083 0.9462 0.0983
vn -0.1311 0.9426 0.3072
vn 0.0529 0.8836 0.4652
vn 0.3253 -0.2864 0.9012
vn 0.4087 -0.4143 0.8132
vn 0.4804 -0.5277 0.7005
vn 0.4692 -0.4689 0.7483
vn 0.7254 -0.5211 0.4497
vn 0.6879 -0.5481 0.4758
vn 0.6444 -0.5128 -0.5673
vn 0.8705 -0.3585 -0.3373
vn 0.7856 -0.4314 -0.4436
vn 0.6564 -0.5071 -0.5586
vn 0.5898 -0.6317 -0.5031
vn 0.6075 -0.5514 -0.5718
vn -0.1638 0.9624 -0.2168
vn -0.2401 0.9706 0.0194
vn -0.3435 0.9377 -0.0515
vn -0.2258 0.8983 -0.3768
vn -0.2909 0.9402 0.1772
vn -0.3809 0.9133 0.1445
vn -0.3557 0.9205 0.1618
vn -0.3068 0.9462 -0.1026
vn -0.2329 0.8848 -0.4036
vn -0.0131 0.9362 0.3511
vn -0.0229 0.9354 0.3528
vn -0.0126 0.9558 0.2937
vn -0.0186 0.9562 0.2920
vn -0.0273 0.9296 0.3675
vn -0.0211 0.9394 0.3423
vn -0.0012 0.9620 0.2731
vn -0.0211 0.9614 0.2745
vn 0.2720 0.8517 0.4479
vn 0.0668 0.8777 0.4746
vn 0.0574 0.7721 0.6329
vn 0.2401 0.7614 0.6022
vn -0.1004 0.7657 0.6353
vn -0.0892 0.6720 0.7352
vn 0.0461 0.6794 0.7323
vn 0.2060 0.6816 0.7021
vn 0.0085 0.9517 0.3070
vn 0.0047 0.9463 0.3234
vn -0.0762 0.9718 0.2230
vn -0.0578 0.9956 0.0734
vn 0.0108 0.9336 0.3582
vn -0.0009 0.9382 0.3462
vn -0.1271 0.9627 0.2389
vn 0.1783 0.9280 0.3272
vn -0.0493 0.9634 0.2634
vn -0.0496 0.9622 0.2678
vn 0.1795 0.9201 0.3481
vn -0.3053 0.9375 0.1669
vn -0.3095 0.9392 0.1486
vn 0.0064 0.9661 0.2582
vn 0.0061 0.9697 0.2443
vn 0.0350 0.9987 -0.0362
vn 0.1063 0.9906 0.0866
vn 0.0059 0.9693 0.2457
vn 0.0105 0.9984 -0.0550
vn 0.0090 0.8605 -0.5093
vn 0.0766 0.8501 -0.5211
vn 0.1981 0.9782 -0.0630
vn 0.0105 0.9645 0.2639
vn -0.0173 0.9997 0.0194
vn 0.0184 0.9536 0.3006
vn 0.0141 0.9557 0.2940
vn -0.0543 0.9063 -0.4191
vn -0.8136 0.2696 0.5152
vn -0.8253 0.2796 0.4906
vn -0.7542 0.5387 0.3754
vn -0.8018 0.4472 0.3964
vn -0.7886 -0.5760 0.2153
vn -0.7468 -0.6096 0.2657
vn -0.8763 -0.4675 0.1166
vn -0.9419 -0.3328 0.0449
vn -0.9623 -0.2715 0.0134
vn -0.6765 0.6530 0.3405
vn 0.2000 0.9673 0.1558
vn -0.0385 0.9916 0.1231
vn -0.0469 0.9745 0.2193
vn 0.1824 0.9467 0.2655
vn -0.3030 0.9506 0.0666
vn -0.3035 0.9421 0.1426
vn 0.0081 0.9890 0.1478
vn 0.0168 0.9858 0.1670
vn 0.0070 0.9688 0.2478
vn 0.0009 0.9715 0.2369
vn 0.0288 0.9796 0.1990
vn 0.0148 0.9634 0.2677
vn 0.0438 0.9706 0.2366
vn 0.0246 0.9555 0.2939
vn 0.0515 0.9614 0.2705
vn 0.0315 0.9466 0.3209
vn 0.0542 0.9401 0.3365
vn 0.0503 0.9272 0.3711
vn 0.0264 0.9214 0.3877
vn 0.0308 0.9298 0.3669
vn 0.0366 0.9147 0.4024
vn 0.0191 0.9142 0.4049
vn -0.0513 0.9027 0.4271
vn -0.0615 0.9148 0.3992
vn -0.0379 0.9261 0.3754
vn -0.0340 0.9179 0.3953
vn -0.0635 0.9321 0.3566
vn -0.0314 0.9367 0.3488
vn 0.3384 0.9409 0.0133
vn 0.3277 0.9447 0.0155
vn -0.0149 0.9994 0.0327
vn 0.2467 0.9673 0.0591
vn -0.2638 0.9641 -0.0304
vn -0.2942 0.9552 -0.0318
vn -0.3000 0.9539 -0.0054
vn 0.0409 0.9985 0.0371
vn 0.0575 0.9958 0.0713
vn 0.0362 0.9939 0.1038
vn 0.0218 0.9974 0.0686
vn 0.0779 0.9905 0.1135
vn 0.0603 0.9894 0.1323
vn 0.0583 0.9880 0.1431
vn 0.0409 0.9889 0.1426
vn 0.1058 0.9824 0.1542
vn 0.0916 0.9808 0.1723
vn 0.1300 0.9734 0.1886
vn 0.1118 0.9720 0.2069
vn 0.0928 0.9766 0.1940
vn 0.0778 0.9837 0.1624
vn 0.2177 0.9136 0.3433
vn 0.2481 0.8423 0.4785
vn 0.1772 0.8821 0.4365
vn 0.1601 0.9292 0.3331
vn 0.2264 0.7623 0.6063
vn 0.1622 0.8237 0.5434
vn 0.1080 0.8829 0.4569
vn 0.1231 0.9193 0.3737
vn 0.1171 0.9477 0.2969
vn -0.0009 0.8976 0.4408
vn -0.0168 0.8937 0.4484
vn -0.0224 0.9081 0.4181
vn -0.0077 0.9098 0.4150
vn -0.0287 0.8928 0.4496
vn -0.0284 0.9068 0.4207
vn -0.1546 0.7058 0.6914
vn -0.1797 0.7441 0.6435
vn -0.1540 0.8230 0.5467
vn -0.1266 0.7844 0.6072
vn -0.2086 0.7767 0.5944
vn -0.1833 0.8588 0.4783
vn -0.1437 0.9086 0.3922
vn -0.1213 0.8793 0.4606
vn -0.0952 0.8508 0.5168
vn 0.0561 0.8223 0.5662
vn 0.0264 0.8933 0.4487
vn 0.0717 0.8749 0.4789
vn 0.1859 0.7575 0.6258
vn 0.0465 0.9055 0.4217
vn 0.0881 0.8899 0.4476
vn 0.1320 0.8690 0.4769
vn 0.1407 0.8543 0.5004
vn 0.2798 0.8112 0.5135
vn -0.1687 0.8993 0.4034
vn -0.0492 0.9372 0.3452
vn -0.0187 0.9159 0.4010
vn -0.0718 0.7465 0.6615
vn -0.0021 0.9203 0.3911
vn 0.0162 0.9152 0.4028
vn -0.0190 0.9589 0.2831
vn -0.0270 0.9525 0.3034
vn -0.0398 0.9500 0.3096
vn -0.0832 0.9498 0.3017
vn -0.0530 0.9137 0.4030
vn -0.0313 0.9154 0.4012
vn -0.0324 -0.9785 -0.2039
vn -0.0197 -0.9784 -0.2056
vn -0.0175 -0.9985 -0.0526
vn -0.0178 -0.9985 -0.0512
vn 0.0370 -0.9796 -0.1975
vn 0.0054 -0.9992 -0.0390
vn -0.0618 -0.9589 0.2768
vn -0.0213 -0.9732 0.2288
vn -0.0002 -0.9689 0.2475
vn 0.0359 -0.9571 -0.2874
vn -0.0368 -0.9341 -0.3552
vn 0.0104 -0.9576 -0.2879
vn -0.0352 -0.9402 -0.3389
vn -0.0667 -0.9255 -0.3727
vn -0.0824 -0.9127 -0.4003
vn -0.1211 -0.8891 -0.4415
vn -0.1364 -0.9024 -0.4088
vn 0.0312 0.9383 0.3444
vn 0.1954 0.9190 0.3425
vn 0.1692 0.8398 0.5158
vn 0.2292 0.7994 0.5554
vn -0.0162 0.9024 0.4306
vn -0.3015 0.9486 0.0962
vn -0.2783 0.9545 0.1068
vn -0.2036 0.9688 0.1417
vn -0.0918 0.9761 0.1970
vn 0.0587 0.9711 0.2313
vn 0.1578 0.9557 0.2483
vn 0.0580 0.9740 0.2188
vn 0.0651 0.9512 0.3016
vn 0.0581 0.9212 0.3847
vn 0.0656 0.9625 0.2634
vn -0.0597 0.7494 0.6594
vn -0.0989 0.7969 0.5959
vn 0.0137 0.9313 0.3639
vn 0.0384 0.9573 0.2865
vn 0.1492 -0.9886 0.0183
vn 0.0746 -0.9959 -0.0502
vn 0.0231 -0.9786 -0.2043
vn 0.0814 -0.9832 -0.1632
vn 0.0662 -0.9978 0.0006
vn 0.0272 -0.9984 -0.0505
vn 0.0182 -0.9998 0.0045
vn 0.0247 -0.9990 -0.0363
vn 0.0189 -0.9930 0.1167
vn 0.0257 -0.9930 -0.1149
vn -0.0643 -0.9894 -0.1298
vn -0.0205 -0.9919 -0.1255
vn 0.0084 -0.9998 0.0194
vn 0.0383 -0.9776 -0.2068
vn 0.0219 -0.9553 -0.2947
vn 0.6704 0.1621 0.7240
vn 0.6993 0.1008 0.7077
vn 0.4209 0.5530 0.7190
vn 0.4562 0.4895 0.7432
vn 0.3406 0.6855 0.6435
vn 0.3069 0.6604 0.6854
vn 0.3309 0.6121 0.7183
vn 0.2148 0.7236 0.6559
vn 0.2224 0.6962 0.6826
vn 0.1248 0.7713 0.6242
vn 0.1227 0.7543 0.6449
vn 0.0550 0.8007 0.5966
vn 0.0515 0.7838 0.6189
vn 0.0143 0.8125 0.5828
vn 0.0105 0.7948 0.6068
vn -0.0442 0.8149 0.5780
vn -0.0554 0.8245 0.5632
vn -0.1027 0.8191 0.5644
vn -0.0954 0.8635 0.4953
vn 0.4434 0.8963 0.0033
vn 0.4524 0.8918 0.0034
vn -0.2865 0.9575 -0.0323
vn -0.2492 0.9679 -0.0314
vn 0.0829 0.9944 0.0658
vn 0.0600 0.9978 0.0284
vn 0.1022 0.9911 0.0852
vn 0.1061 0.9892 0.1014
vn 0.0932 0.9901 0.1049
vn 0.1242 0.9882 0.0892
vn 0.1693 0.9798 0.1061
vn 0.1584 0.9799 0.1213
vn 0.1231 0.9868 0.1049
vn 0.4998 0.7530 0.4279
vn 0.4263 0.8605 0.2788
vn 0.4461 0.6889 0.5714
vn 0.3763 0.6966 0.6109
vn 0.4233 0.7779 0.4645
vn 0.3628 0.8814 0.3025
vn 0.0890 0.6561 0.7494
vn 0.0075 0.6398 0.7685
vn 0.0013 0.7098 0.7044
vn 0.0619 0.7268 0.6841
vn -0.0644 0.6453 0.7612
vn -0.0518 0.7174 0.6947
vn -0.0390 0.8041 0.5932
vn -0.0050 0.7997 0.6004
vn 0.0352 0.8138 0.5801
vn -0.2302 0.6457 0.7281
vn -0.2127 0.6356 0.7421
vn -0.2395 0.6572 0.7146
vn -0.2284 0.6663 0.7098
vn -0.2145 0.6467 0.7320
vn -0.1955 0.6272 0.7539
vn -0.0561 -0.8055 0.5899
vn -0.0048 -0.8098 0.5867
vn 0.0346 -0.7964 0.6038
vn 0.0510 -0.7573 0.6511
vn 0.0423 -0.6583 0.7515
vn 0.0489 -0.6851 0.7268
vn 0.0342 -0.6317 0.7745
vn 0.0303 -0.6041 0.7963
vn 0.0301 -0.5739 0.8184
vn 0.0315 -0.5421 0.8397
vn 0.0337 -0.5116 0.8586
vn 0.0362 -0.4843 0.8741
vn -0.1475 0.7675 0.6238
vn -0.3076 0.7459 0.5908
vn -0.3243 0.5026 0.8014
vn -0.1323 0.8987 0.4181
vn -0.2812 0.8710 0.4029
vn -0.2893 -0.7511 -0.5934
vn -0.2670 -0.8786 -0.3960
vn -0.1975 -0.8936 -0.4031
vn -0.2159 -0.7698 -0.6006
vn -0.3024 -0.5213 -0.7980
vn -0.2278 -0.5385 -0.8112
vn 0.0668 0.9844 0.1629
vn 0.0679 0.9956 -0.0644
vn 0.0415 0.9969 -0.0670
vn 0.0425 0.9858 0.1622
vn 0.0663 0.9211 -0.3836
vn 0.0376 0.9219 -0.3856
vn -0.1587 0.9121 -0.3779
vn -0.1414 0.9878 -0.0650
vn -0.1280 0.9779 0.1651
vn 0.0318 -0.2745 -0.9610
vn 0.0257 -0.4850 -0.8742
vn -0.0048 -0.4871 -0.8733
vn 0.0012 -0.2753 -0.9614
vn 0.0143 -0.7594 -0.6505
vn -0.0139 -0.7627 -0.6466
vn -0.2066 -0.7482 -0.6304
vn -0.2127 -0.4792 -0.8516
vn -0.2092 -0.2719 -0.9393
vn -0.0013 -0.9723 -0.2338
vn 0.0033 -0.9962 -0.0868
vn -0.0221 -0.9956 -0.0910
vn -0.0247 -0.9711 -0.2376
vn 0.0122 -0.9663 0.2572
vn -0.0167 -0.9667 0.2555
vn -0.2136 -0.9419 0.2592
vn -0.1998 -0.9765 -0.0809
vn -0.1913 -0.9545 -0.2288
vn 0.0039 -0.9066 -0.4220
vn -0.0207 -0.9095 -0.4152
vn -0.0007 -0.9398 -0.3416
vn -0.0240 -0.9416 -0.3357
vn -0.1897 -0.9279 -0.3209
vn -0.1932 -0.8956 -0.4007
vn -0.0026 -0.9472 -0.3206
vn -0.0258 -0.9480 -0.3172
vn -0.0034 -0.9563 -0.2925
vn -0.0265 -0.9562 -0.2914
vn -0.1910 -0.9409 -0.2797
vn -0.1906 -0.9334 -0.3040
vn -0.0030 -0.9644 -0.2643
vn -0.0261 -0.9638 -0.2655
vn -0.1912 -0.9478 -0.2553
vn 0.0641 0.7828 0.6190
vn 0.0374 0.7817 0.6226
vn 0.0656 0.9099 0.4095
vn 0.0408 0.9100 0.4126
vn -0.2259 0.2736 -0.9349
vn -0.2178 0.1584 -0.9631
vn -0.1475 0.1721 -0.9740
vn -0.1468 0.2870 -0.9466
vn -0.2156 -0.0298 -0.9760
vn -0.1516 -0.0316 -0.9879
vn -0.2747 -0.0454 -0.9604
vn -0.2634 0.1636 -0.9507
vn -0.2591 0.2854 -0.9227
vn -0.1904 -0.2399 0.9519
vn -0.1685 -0.1122 0.9793
vn -0.3253 -0.1148 0.9386
vn -0.3589 -0.2298 0.9046
vn -0.3032 0.0350 0.9523
vn -0.2916 0.1445 -0.9456
vn -0.2848 -0.0345 -0.9580
vn -0.3072 0.2618 -0.9149
vn 0.1951 -0.8837 0.4255
vn 0.1028 -0.9113 0.3986
vn 0.0004 -0.9934 0.1151
vn 0.0417 -0.9960 0.0794
vn 0.2376 0.3528 0.9050
vn 0.0675 0.6590 0.7491
vn 0.0148 0.6279 0.7781
vn 0.1355 0.3832 0.9137
vn 0.0027 0.7820 0.6233
vn -0.0509 0.6816 0.7299
vn -0.0690 0.4213 0.9043
vn -0.0806 -0.9082 0.4107
vn -0.0606 -0.9947 0.0828
vn -0.0087 -0.9953 -0.0967
vn -0.1188 0.9436 0.3090
vn -0.1053 0.9466 0.3048
vn -0.1180 0.9462 0.3014
vn -0.2471 0.9008 0.3572
vn 0.0681 -0.9901 -0.1226
vn 0.0175 -0.9998 0.0064
vn -0.0458 -0.9676 0.2482
vn -0.1336 -0.8609 -0.4909
vn -0.0814 -0.8960 -0.4366
vn -0.0454 -0.8837 -0.4659
vn -0.0592 -0.9246 -0.3763
vn -0.0370 -0.9254 -0.3771
vn -0.0481 -0.9397 -0.3387
vn -0.0373 -0.9398 -0.3397
vn -0.0340 -0.9532 -0.3003
vn -0.0374 -0.9524 -0.3024
vn -0.0241 -0.9647 -0.2621
vn -0.0368 -0.9649 -0.2600
vn 0.0337 -0.9690 -0.2449
vn 0.0429 0.9734 0.2250
vn 0.0265 0.9650 0.2608
vn 0.0401 0.9826 0.1812
vn 0.0355 0.6409 0.7668
vn 0.1781 0.6488 0.7398
vn -0.0852 0.6342 0.7684
vn -0.0806 0.6095 0.7887
vn 0.0242 0.6133 0.7895
vn 0.1470 0.6249 0.7667
vn 0.0066 0.9610 0.2766
vn -0.0195 0.9602 0.2785
vn 0.0052 0.9575 0.2882
vn -0.1188 0.9536 0.2766
vn -0.2812 0.9180 0.2797
vn -0.0722 0.7648 -0.6402
vn 0.0007 0.6908 -0.7230
vn -0.1159 0.8244 -0.5541
vn -0.0119 0.7381 -0.6746
vn 0.8924 -0.2820 0.3522
vn 0.7105 -0.3834 0.5900
vn 0.6473 -0.4063 0.6449
vn 0.8978 -0.2775 0.3419
vn 0.5615 -0.8104 -0.1670
vn 0.4855 -0.7899 -0.3747
vn 0.5256 -0.8501 0.0324
vn 0.4392 -0.8974 -0.0418
vn 0.5679 -0.8148 0.1163
vn 0.2589 -0.9613 -0.0946
vn 0.3525 -0.9351 -0.0365
vn 0.3577 -0.9216 0.1510
vn 0.0304 0.9603 0.2774
vn 0.0307 0.9586 0.2831
vn 0.0312 0.9819 0.1866
vn 0.0305 0.9833 0.1796
vn 0.7860 -0.2258 0.5755
vn 0.8090 -0.2468 0.5335
vn 0.7875 -0.0688 0.6124
vn 0.7078 -0.4935 0.5054
vn 0.7970 -0.3906 0.4607
vn 0.8147 -0.4069 0.4131
vn 0.8265 -0.2993 0.4768
vn 0.0223 0.9887 0.1483
vn 0.0058 0.9938 0.1107
vn 0.7754 -0.0147 0.6313
vn 0.4906 0.5505 0.6755
vn 0.4766 0.5689 0.6702
vn -0.1255 0.9479 0.2927
vn -0.2703 0.9186 0.2884
vn -0.2756 0.9464 0.1687
vn -0.2568 -0.9277 -0.2711
vn -0.2589 -0.9557 -0.1404
vn -0.1902 -0.9701 -0.1507
vn -0.1894 -0.9414 -0.2792
vn -0.1238 -0.9796 -0.1586
vn -0.1236 -0.9504 -0.2855
vn -0.2190 -0.9609 -0.1697
vn -0.2246 -0.9239 -0.3099
vn -0.1783 -0.8954 -0.4080
vn -0.1300 -0.9010 -0.4138
vn 0.0222 -0.9705 0.2402
vn -0.0059 -0.9691 0.2465
vn 0.0123 -0.9894 0.1445
vn -0.0402 -0.9920 0.1194
vn -0.3708 -0.9115 -0.1780
vn -0.1003 -0.9275 0.3601
vn 0.6353 -0.6750 0.3752
vn 0.7563 -0.5584 0.3409
vn 0.6906 -0.5560 0.4626
vn 0.7556 -0.5910 0.2827
vn -0.3002 0.9526 -0.0487
vn -0.3298 0.8759 -0.3522
vn -0.2720 -0.9580 0.0905
vn -0.2824 -0.8765 0.3898
vn -0.2051 -0.8977 0.3901
vn -0.1987 -0.9768 0.0798
vn -0.1697 0.7227 -0.6700
vn -0.3440 0.6899 -0.6370
vn -0.1737 0.4890 -0.8548
vn -0.3431 0.4669 -0.8151
vn -0.2792 -0.6936 0.6640
vn -0.2667 -0.4711 0.8408
vn -0.1893 -0.4793 0.8570
vn -0.2008 -0.7086 0.6764
vn -0.3506 -0.9320 -0.0918
vn -0.3329 -0.9177 -0.2171
vn -0.3864 -0.8929 0.2311
vn -0.2477 0.9635 0.1012
vn -0.2901 0.9281 -0.2333
vn -0.2088 0.9497 -0.2332
vn -0.1734 0.9789 0.1083
vn -0.2252 0.9424 0.2473
vn -0.1556 0.9563 0.2476
vn -0.1833 -0.3111 0.9325
vn -0.1109 -0.3154 0.9425
vn -0.1146 -0.4853 0.8668
vn -0.1862 -0.1613 0.9692
vn -0.1115 -0.1647 0.9800
vn -0.2408 -0.1673 0.9561
vn -0.2416 -0.3067 0.9206
vn -0.2395 -0.4659 0.8518
vn -0.3401 -0.8649 -0.3692
vn -0.3739 -0.7242 -0.5794
vn -0.3307 -0.8943 -0.3015
vn -0.2324 0.8821 0.4098
vn -0.2223 0.9173 0.3304
vn -0.1531 0.9305 0.3329
vn -0.1605 0.8992 0.4071
vn -0.2619 0.7270 0.6347
vn -0.1828 0.7531 0.6320
vn -0.2159 -0.7770 0.5913
vn -0.3966 -0.7278 0.5595
vn -0.2110 -0.5748 0.7906
vn -0.3907 -0.5331 0.7505
vn -0.3129 0.7661 -0.5613
vn -0.3182 0.5651 -0.7612
vn -0.2334 0.5736 -0.7852
vn -0.2286 0.7827 -0.5789
vn -0.3310 -0.8993 -0.2860
vn -0.3313 -0.9060 -0.2636
vn -0.2215 0.9226 0.3158
vn -0.2217 0.9298 0.2939
vn -0.1521 0.9433 0.2949
vn -0.1520 0.9359 0.3176
vn -0.3316 -0.9122 -0.2407
vn -0.2225 0.9363 0.2716
vn -0.1530 0.9500 0.2720
vn 0.0598 0.7277 -0.6832
vn 0.0305 0.7289 -0.6840
vn 0.0512 0.4911 -0.8696
vn 0.0227 0.4921 -0.8702
vn -0.0778 -0.0624 0.9950
vn -0.0840 -0.1046 0.9910
vn -0.1337 -0.1031 0.9856
vn -0.1086 -0.0539 0.9926
vn -0.7248 -0.0639 0.6860
vn -0.8128 -0.0747 0.5778
vn -0.7320 -0.0648 0.6782
vn -0.6217 -0.0252 0.7828
vn -0.6158 -0.0155 0.7878
vn -0.3114 0.2385 0.9199
vn -0.2942 -0.2642 -0.9185
vn -0.2226 -0.2731 -0.9359
vn -0.2039 -0.3866 0.8994
vn -0.3804 -0.3583 0.8526
vn -0.3166 0.3852 -0.8669
vn -0.2320 0.3915 -0.8905
vn -0.3928 -0.4552 -0.7990
vn -0.3878 -0.2560 -0.8855
vn -0.2790 0.4617 0.8420
vn -0.1964 0.4769 0.8568
vn -0.2787 0.2615 0.9241
vn -0.1953 0.2679 0.9435
vn -0.3009 -0.2967 0.9063
vn -0.2957 -0.0787 0.9520
vn -0.2426 0.2000 0.9493
vn -0.2786 -0.3209 0.9052
vn -0.2326 0.0986 0.9676
vn -0.2307 0.4188 0.8783
vn -0.2078 -0.0835 0.9746
vn -0.1982 -0.3479 0.9164
vn -0.2124 0.1280 0.9688
vn -0.2478 0.3997 0.8825
vn -0.2192 0.1234 0.9678
vn -0.4217 -0.0255 0.9064
vn -0.6222 -0.1486 0.7686
vn -0.3478 -0.1135 0.9307
vn -0.3261 0.5393 0.7764
vn -0.1354 0.8169 0.5607
vn -0.0992 -0.9895 -0.1053
vn -0.0599 -0.9982 -0.0003
vn -0.6826 -0.4152 0.6014
vn -0.3132 -0.6095 0.7283
vn -0.2076 -0.7287 0.6527
vn -0.4700 -0.5757 0.6691
vn -0.2230 -0.6229 0.7499
vn -0.2008 -0.6387 0.7428
vn -0.2167 -0.6182 0.7555
vn -0.2473 -0.6593 0.7100
vn -0.0335 -0.9870 0.1571
vn -0.2466 -0.4133 0.8766
vn -0.2802 -0.4922 0.8241
vn -0.3039 -0.4345 0.8479
vn -0.2739 -0.2735 0.9220
vn -0.2626 -0.2851 0.9218
vn 0.1515 -0.9507 0.2707
vn 0.0754 -0.9647 0.2525
vn 0.1124 -0.9790 0.1701
vn 0.0519 -0.9872 0.1505
vn 0.1767 0.7827 0.5969
vn 0.2742 0.7161 0.6419
vn 0.0926 0.8243 0.5585
vn 0.0635 0.8367 0.5439
vn 0.1414 0.7985 0.5852
vn 0.2354 0.7447 0.6246
vn 0.3387 -0.8690 0.3606
vn 0.2362 -0.9289 0.2854
vn 0.3911 -0.7697 0.5047
vn 0.2821 -0.8447 0.4549
vn -0.0477 -0.9785 -0.2006
vn -0.2850 -0.9117 -0.2958
vn -0.0074 -0.9843 -0.1763
vn -0.2419 -0.9456 -0.2177
vn 0.5001 -0.7413 0.4476
vn 0.5320 -0.6234 0.5730
vn 0.3879 0.6145 0.6869
vn 0.5870 0.3347 0.7372
vn 0.3387 0.6611 0.6695
vn 0.5663 0.3070 0.7649
vn 0.7992 -0.4074 0.4419
vn 0.6448 -0.3846 0.6605
vn 0.5935 -0.4005 0.6981
vn 0.6659 -0.5102 0.5443
vn 0.3025 -0.2136 0.9289
vn 0.4707 -0.1840 0.8629
vn 0.7953 -0.1672 0.5827
vn 0.5818 -0.3532 0.7326
vn 0.0041 -0.9849 -0.1733
vn 0.0184 -0.9859 -0.1662
vn -0.0022 -0.9700 -0.2433
vn 0.7501 -0.6250 0.2161
vn 0.7427 -0.6174 0.2591
vn 0.8330 -0.4573 0.3115
vn 0.8146 -0.4479 0.3686
vn 0.0508 0.0961 0.9941
vn 0.0503 0.0871 0.9949
vn 0.6960 -0.0151 0.7178
vn 0.7122 0.0094 0.7019
vn -0.0913 -0.1845 0.9786
vn -0.0773 -0.0736 0.9943
vn -0.3550 -0.0723 0.9321
vn -0.3224 -0.1486 0.9349
vn -0.5789 -0.0770 0.8117
vn -0.5614 -0.1381 0.8159
vn -0.4246 -0.3492 0.8353
vn -0.4913 -0.2580 0.8319
vn -0.6228 -0.2496 0.7415
vn -0.5697 -0.3904 0.7232
vn -0.5327 -0.2677 0.8028
vn -0.6188 -0.2406 0.7478
vn 0.0180 0.7153 -0.6986
vn 0.0150 0.8329 -0.5533
vn -0.0234 0.6021 -0.7981
vn 0.0147 0.6161 -0.7875
vn 0.0253 0.6294 -0.7767
vn 0.0273 0.7421 -0.6697
vn -0.7155 -0.6495 -0.2573
vn -0.5644 -0.7864 -0.2509
vn -0.4453 -0.8843 -0.1402
vn -0.5562 -0.8026 -0.2158
vn -0.3316 -0.9391 -0.0897
vn -0.4167 -0.9083 0.0378
vn 0.0418 0.1640 -0.9856
vn 0.0130 0.1639 -0.9864
vn 0.0173 0.3184 -0.9478
vn 0.0455 0.3180 -0.9470
vn -0.1862 0.1607 -0.9693
vn -0.1776 0.3155 -0.9322
vn -0.1688 -0.3437 0.9238
vn -0.2512 -0.3411 0.9058
vn -0.2007 -0.4745 0.8571
vn -0.1401 -0.4561 0.8788
vn -0.3423 -0.5250 0.7793
vn -0.3244 -0.5599 0.7624
vn -0.1904 -0.4977 0.8462
vn -0.1355 -0.4700 0.8722
vn 0.0661 0.9558 0.2865
vn 0.0422 0.9567 0.2878
vn -0.0325 0.5556 -0.8308
vn -0.0920 -0.3771 0.9216
vn -0.1225 -0.4263 0.8962
vn -0.0607 -0.2984 0.9525
vn -0.0818 -0.3238 0.9426
vn -0.0332 0.6321 -0.7742
vn -0.0568 -0.2578 0.9645
vn -0.0563 -0.2341 0.9706
vn -0.0523 -0.1305 0.9901
vn -0.0530 -0.1708 0.9839
vn -0.0475 -0.0902 0.9948
vn -0.0484 -0.1359 0.9895
vn 0.7615 -0.6447 0.0661
vn 0.7661 -0.6266 0.1426
vn 0.8762 -0.4450 0.1853
vn 0.8592 -0.4506 0.2425
vn 0.8683 -0.3309 0.3696
vn 0.8405 -0.3283 0.4310
vn 0.7226 -0.6484 0.2396
vn 0.7339 -0.6743 0.0824
vn 0.8960 -0.3834 0.2241
vn 0.8840 -0.4327 0.1771
vn 0.9195 -0.3115 0.2397
vn 0.8983 -0.3224 0.2984
vn 0.5468 -0.5523 0.6293
vn 0.7545 -0.5219 0.3979
vn 0.9217 -0.2452 0.3005
vn 0.9470 -0.2103 0.2427
vn 0.9210 -0.2915 0.2585
vn 0.9443 -0.2522 0.2117
vn 0.9327 -0.2923 0.2112
vn -0.3310 -0.8564 -0.3963
vn -0.2763 -0.7969 -0.5372
vn -0.3052 -0.9325 -0.1929
vn 0.0080 0.9969 0.0786
vn 0.0666 0.9704 0.2323
vn 0.0343 0.8797 0.4743
vn -0.0344 0.9856 0.1653
vn 0.0901 0.9505 0.2973
vn 0.0918 0.8795 0.4670
vn 0.0930 0.7753 0.6246
vn 0.0514 0.7379 0.6729
vn -0.0094 0.6093 0.7929
vn -0.0881 0.6659 0.7408
vn -0.2998 -0.6096 -0.7338
vn -0.4145 -0.6463 -0.6407
vn 0.9756 -0.1393 0.1699
vn 0.9600 -0.1913 0.2043
vn 0.5422 -0.4477 0.7111
vn 0.9401 -0.1752 0.2926
vn 0.8826 -0.2298 0.4100
vn -0.1307 -0.8254 0.5493
vn -0.0386 -0.8569 0.5140
vn -0.1143 -0.7277 0.6763
vn -0.0598 -0.7040 0.7077
vn -0.0094 -0.6538 0.7566
vn 0.0029 -0.8337 0.5522
vn -0.1733 -0.6003 0.7808
vn -0.0898 -0.5379 0.8382
vn -0.1106 -0.3337 0.9362
vn -0.0406 -0.2872 0.9570
vn -0.0265 -0.4661 0.8844
vn -0.1169 -0.1264 0.9851
vn -0.0462 -0.1203 0.9917
vn -0.9765 -0.1496 0.1549
vn -0.9977 0.0654 -0.0164
vn -0.9980 0.0638 -0.0043
vn -0.9912 -0.1282 0.0340
vn -0.9392 0.3418 -0.0333
vn -0.9455 0.3254 -0.0082
vn -0.9465 0.3226 -0.0000
vn -0.9979 0.0644 -0.0000
vn -0.9931 -0.1174 -0.0000
vn -0.4161 -0.9093 -0.0000
vn -0.5129 -0.8585 -0.0000
vn -0.6035 -0.7973 -0.0000
vn -0.2612 0.1219 -0.9576
vn -0.4223 0.0440 -0.9054
vn -0.6341 -0.0828 -0.7688
vn -0.5672 0.0888 -0.8188
vn -0.5724 -0.1225 -0.8108
vn -0.6438 -0.3047 -0.7019
vn -0.4503 -0.4118 -0.7922
vn -0.5368 -0.1669 -0.8271
vn -0.5526 0.0803 -0.8296
vn 0.0209 -0.8010 0.5983
vn -0.0095 -0.8006 0.5991
vn 0.0269 -0.5957 0.8028
vn -0.0035 -0.5941 0.8044
vn 0.0314 -0.3999 0.9160
vn 0.0015 -0.3986 0.9171
vn 0.0352 -0.2380 0.9706
vn 0.0067 -0.2393 0.9709
vn 0.0390 -0.1002 0.9942
vn 0.0131 -0.1034 0.9946
vn -0.0466 -0.2161 0.9753
vn -0.0458 -0.1375 0.9894
vn -0.0447 -0.0871 0.9952
vn -0.0455 -0.1451 0.9884
vn -0.3441 0.3049 -0.8880
vn -0.3559 0.1613 -0.9205
vn -0.2604 -0.3039 0.9164
vn -0.2649 -0.1537 0.9519
vn 0.9557 -0.1039 0.2755
vn 0.9737 -0.1068 0.2014
vn -0.1262 -0.9888 0.0800
vn -0.1272 -0.9092 0.3964
vn -0.2396 -0.8847 0.3999
vn -0.2262 -0.9703 0.0863
vn -0.1583 -0.2993 -0.9410
vn -0.1615 -0.5690 -0.8063
vn -0.2887 -0.3320 -0.8980
vn -0.0756 0.9611 0.2658
vn -0.0734 0.9528 0.2946
vn -0.0816 0.9686 0.2348
vn -0.1333 0.9726 0.1907
vn -0.1004 0.9644 0.2448
vn -0.0891 0.9513 0.2953
vn -0.1224 -0.7185 0.6847
vn -0.2410 -0.6977 0.6746
vn -0.0994 0.9911 0.0886
vn -0.1281 0.9592 -0.2520
vn -0.2469 0.9297 -0.2733
vn -0.1889 0.9813 0.0361
vn -0.0891 0.9009 0.4248
vn -0.1059 0.7527 0.6498
vn -0.0792 0.9353 0.3449
vn -0.1304 0.9120 0.3889
vn -0.1770 0.8606 0.4775
vn -0.2243 0.7046 0.6733
vn -0.3635 -0.2946 0.8838
vn -0.3590 -0.4421 0.8220
vn -0.3632 -0.1720 0.9157
vn -0.1261 0.0878 -0.9881
vn -0.0861 0.2288 -0.9697
vn -0.1672 0.3135 -0.9347
vn -0.2315 0.1353 -0.9634
vn -0.0082 0.3013 -0.9535
vn -0.0802 0.3941 -0.9156
vn -0.1080 0.5582 -0.8226
vn -0.2069 0.5067 -0.8369
vn -0.1454 0.7920 -0.5930
vn -0.1495 0.5816 -0.7996
vn -0.2749 0.5753 -0.7704
vn -0.2747 0.7695 -0.5765
vn -0.0746 0.9434 0.3232
vn -0.0994 0.9332 0.3453
vn -0.1156 0.4801 0.8696
vn -0.1160 0.2717 0.9554
vn -0.2478 0.4524 0.8567
vn -0.2509 0.2617 0.9320
vn -0.1492 -0.7809 -0.6066
vn -0.1484 0.3998 -0.9045
vn -0.2650 0.4022 -0.8763
vn 0.0101 0.4522 -0.8919
vn 0.0082 0.6158 -0.7879
vn 0.0092 0.3002 -0.9538
vn -0.0762 0.2998 -0.9510
vn -0.0749 0.4755 -0.8765
vn -0.0730 0.6354 -0.7688
vn -0.9042 -0.1170 0.4109
vn -0.8888 -0.0998 0.4473
vn -0.9148 -0.1162 0.3869
vn -0.8933 -0.1600 0.4200
vn -0.8729 -0.0393 0.4864
vn -0.9110 -0.0521 0.4091
vn -0.9636 -0.0493 0.2628
vn -0.9775 -0.0566 0.2033
vn -0.9663 -0.0959 0.2390
vn -0.9158 -0.1865 0.3557
vn -0.8809 -0.2457 0.4046
vn -0.3988 0.7334 -0.5506
vn -0.3607 0.8914 -0.2743
vn -0.3943 0.5541 -0.7331
vn -0.2386 -0.7566 0.6089
vn -0.2232 -0.5972 0.7704
vn -0.0905 -0.6185 0.7806
vn -0.1021 -0.7745 0.6243
vn -0.2208 -0.8924 0.3936
vn -0.0933 -0.9027 0.4200
vn -0.3215 -0.9443 0.0705
vn -0.3494 -0.8534 0.3868
vn -0.1580 0.9792 -0.1273
vn -0.2302 0.8804 -0.4146
vn -0.1108 0.8934 -0.4355
vn -0.0621 0.9827 -0.1744
vn -0.3746 0.4213 0.8259
vn -0.3773 0.2462 0.8928
vn -0.3354 0.6636 0.6687
vn -0.3014 -0.4080 -0.8618
vn -0.2651 -0.5979 -0.7565
vn -0.1381 -0.5822 -0.8013
vn -0.1616 -0.4051 -0.8999
vn -0.3053 -0.2645 -0.9148
vn -0.1640 -0.2749 -0.9474
vn -0.3755 0.3928 -0.8395
vn -0.3650 0.2761 -0.8891
vn -0.1958 -0.4346 0.8791
vn -0.1787 -0.2877 0.9409
vn -0.0611 -0.2922 0.9544
vn -0.0722 -0.4526 0.8888
vn -0.1312 0.9643 0.2302
vn -0.1130 0.9488 0.2951
vn -0.1837 0.9697 0.1609
vn -0.0163 -0.9859 -0.1665
vn -0.0763 -0.9967 -0.0287
vn -0.0116 -0.9999 0.0092
vn 0.0193 -0.9889 -0.1474
vn 0.0011 -0.9558 -0.2940
vn 0.0261 -0.9550 -0.2953
vn -0.2707 0.9626 0.0095
vn -0.1586 -0.9746 0.1583
vn -0.0571 -0.9787 0.1974
vn -0.3720 0.1514 -0.9158
vn -0.3901 -0.0558 -0.9191
vn -0.1828 -0.1319 0.9743
vn -0.1926 0.0797 0.9780
vn -0.0684 0.0875 0.9938
vn -0.0629 -0.1224 0.9905
vn -0.2550 0.8258 0.5030
vn -0.1789 0.8914 0.4165
vn -0.1878 -0.7524 -0.6313
vn -0.0962 -0.8463 -0.5240
vn -0.0334 -0.8251 -0.5640
vn -0.0889 -0.7269 -0.6810
vn -0.4111 -0.3545 -0.8398
vn -0.1734 0.3716 0.9121
vn -0.0552 0.3546 0.9334
vn -0.0350 0.9390 0.3422
vn -0.1515 0.9027 0.4026
vn -0.0578 0.9382 0.3412
vn -0.3572 -0.6686 0.6522
vn -0.2450 0.7172 -0.6524
vn -0.1225 0.7467 -0.6538
vn -0.1293 0.9243 0.3591
vn -0.0268 -0.9095 -0.4148
vn 0.0081 -0.9000 -0.4359
vn -0.0775 -0.5242 -0.8481
vn -0.0732 -0.6549 -0.7522
vn -0.1547 -0.6487 -0.7451
vn -0.1586 -0.5193 -0.8397
vn -0.0678 -0.7737 -0.6299
vn -0.1503 -0.7669 -0.6239
vn -0.9677 -0.1834 -0.1729
vn -0.9663 -0.2174 -0.1382
vn -0.9677 -0.1839 -0.1725
vn -0.9691 -0.1458 -0.1988
vn -0.9691 -0.1466 -0.1984
vn 0.0470 -0.7772 0.6275
vn 0.0432 -0.8899 0.4541
vn 0.0531 -0.6346 0.7710
vn -0.0200 -0.6369 0.7707
vn -0.0252 -0.7752 0.6312
vn -0.0308 -0.8837 0.4671
vn 0.0053 0.1612 -0.9869
vn -0.0022 0.0060 -1.0000
vn -0.0822 -0.0246 -0.9963
vn -0.0794 0.1332 -0.9879
vn 0.0296 0.9663 -0.2558
vn 0.0499 0.9978 -0.0442
vn 0.0148 0.8870 -0.4616
vn -0.0620 0.8837 -0.4638
vn -0.0544 0.9585 -0.2800
vn -0.0457 0.9953 -0.0858
vn -0.0080 -0.3893 -0.9211
vn -0.0095 -0.2831 -0.9590
vn -0.0025 -0.5378 -0.8431
vn -0.0804 -0.3837 -0.9200
vn -0.0816 -0.2849 -0.9551
vn 0.0754 0.8782 0.4724
vn 0.0788 0.7715 0.6314
vn 0.0695 0.9534 0.2935
vn -0.0315 0.9546 0.2962
vn -0.0255 0.8787 0.4767
vn -0.0198 0.7691 0.6388
vn 0.0594 -0.4707 0.8803
vn 0.0636 -0.2947 0.9535
vn -0.0126 -0.2945 0.9556
vn -0.0157 -0.4745 0.8801
vn 0.0441 -0.9923 -0.1155
vn 0.0399 -0.9542 -0.2964
vn 0.0444 -0.9965 0.0710
vn -0.0423 -0.9948 0.0929
vn -0.0485 -0.9936 -0.1019
vn -0.0549 -0.9546 -0.2927
vn 0.0430 -0.9639 0.2628
vn -0.0365 -0.9578 0.2850
vn 0.0647 -0.1079 0.9921
vn 0.0643 0.0923 0.9936
vn -0.0110 0.0930 0.9956
vn -0.0111 -0.1032 0.9946
vn 0.0075 -0.6714 -0.7410
vn 0.0199 -0.7853 -0.6188
vn 0.0670 0.3075 0.9492
vn 0.0747 0.5095 0.8572
vn -0.0127 0.4709 0.8821
vn -0.0116 0.2875 0.9577
vn 0.0812 0.6549 0.7513
vn -0.0152 0.6321 0.7748
vn 0.0084 0.7682 -0.6402
vn -0.0682 0.7743 -0.6291
vn 0.0316 -0.8837 -0.4671
vn -0.0615 -0.8793 -0.4722
vn 0.0649 0.9896 0.1282
vn -0.0378 0.9935 0.1070
vn -0.1228 0.9867 0.1070
vn -0.1161 0.9477 0.2973
vn -0.1297 0.9877 -0.0873
vn -0.9574 0.2803 0.0699
vn -0.9596 0.2810 0.0149
vn -0.9596 0.2810 0.0145
vn -0.9574 0.2803 0.0696
vn -0.9552 0.2688 0.1236
vn -0.9552 0.2689 0.1233
vn -0.1098 0.8723 0.4764
vn -0.1042 0.7635 0.6374
vn -0.9532 0.2472 0.1740
vn -0.9532 0.2473 0.1738
vn -0.9514 0.2161 0.2192
vn -0.9515 0.2163 0.2190
vn -0.0995 0.6253 0.7740
vn -0.0959 0.4632 0.8811
vn -0.9499 0.1770 0.2574
vn -0.9500 0.1772 0.2573
vn -0.9488 0.1313 0.2873
vn -0.9488 0.1314 0.2873
vn -0.1365 0.9508 -0.2781
vn -0.1430 0.8772 -0.4583
vn -0.9618 0.2710 -0.0394
vn -0.9639 0.2502 -0.0906
vn -0.9640 0.2500 -0.0910
vn -0.9618 0.2709 -0.0396
vn -0.1319 -0.9865 -0.0970
vn -0.1386 -0.9477 -0.2875
vn -0.1250 -0.9874 0.0973
vn -0.9603 -0.2788 0.0121
vn -0.9581 -0.2785 0.0672
vn -0.9581 -0.2786 0.0669
vn -0.9603 -0.2787 0.0118
vn -0.9625 -0.2682 -0.0420
vn -0.9625 -0.2681 -0.0423
vn -0.0934 0.2832 0.9545
vn -0.0923 0.0924 0.9914
vn -0.9480 0.0806 0.3078
vn -0.9480 0.0807 0.3078
vn -0.9477 0.0270 0.3181
vn -0.8898 -0.3687 -0.2689
vn -0.8859 -0.4225 -0.1916
vn -0.9301 -0.3379 -0.1438
vn -0.9323 -0.2968 -0.2069
vn -0.8825 -0.4585 -0.1046
vn -0.9266 -0.3685 -0.0745
vn -0.9791 -0.2023 -0.0210
vn -0.9926 -0.1189 -0.0226
vn -0.9821 -0.1631 -0.0944
vn -0.1612 -0.3803 -0.9107
vn -0.1621 -0.2829 -0.9453
vn -0.9700 -0.1067 -0.2184
vn -0.9703 -0.0791 -0.2287
vn -0.1563 0.4745 -0.8663
vn -0.1552 0.6321 -0.7592
vn -0.1565 0.2979 -0.9417
vn -0.9465 0.2029 -0.2511
vn -0.9254 0.1251 -0.3578
vn -0.9254 0.1253 -0.3577
vn -0.9384 0.2115 -0.2733
vn -0.9645 0.1938 -0.1792
vn -0.9640 0.1922 -0.1835
vn -0.1606 0.1295 -0.9785
vn -0.1644 -0.0262 -0.9861
vn -0.9492 0.0070 -0.3145
vn -0.9677 -0.0172 -0.2515
vn -0.9670 -0.0138 -0.2546
vn -0.9407 0.0109 -0.3391
vn -0.1182 -0.9503 0.2880
vn -0.1118 -0.8767 0.4679
vn -0.9559 -0.2676 0.1210
vn -0.9538 -0.2464 0.1716
vn -0.9539 -0.2465 0.1714
vn -0.9559 -0.2677 0.1207
vn -0.1449 -0.8725 -0.4667
vn -0.9645 -0.2472 -0.0931
vn -0.9645 -0.2471 -0.0934
vn -0.1496 0.7692 -0.6213
vn -0.9660 0.2195 -0.1366
vn -0.9660 0.2187 -0.1375
vn -0.0925 -0.1019 0.9905
vn -0.0941 -0.2923 0.9517
vn -0.9477 -0.0276 0.3179
vn -0.9482 -0.0811 0.3071
vn -0.9482 -0.0812 0.3070
vn -0.1059 -0.7694 0.6299
vn -0.1009 -0.6326 0.7678
vn -0.9520 -0.2158 0.2171
vn -0.9504 -0.1771 0.2557
vn -0.9504 -0.1772 0.2556
vn -0.9520 -0.2160 0.2169
vn -0.8827 0.4299 -0.1895
vn -0.8861 0.3775 -0.2687
vn -0.9291 0.3058 -0.2079
vn -0.9256 0.3495 -0.1449
vn -0.8901 0.3093 -0.3348
vn -0.9316 0.2512 -0.2628
vn -0.9817 0.1415 -0.1272
vn -0.9924 0.1131 -0.0489
vn -0.9786 0.1967 -0.0613
vn -0.0969 -0.4715 0.8765
vn -0.9491 -0.1316 0.2861
vn -0.9491 -0.1317 0.2860
vn -0.8740 0.4858 -0.0084
vn -0.8780 0.4677 -0.1020
vn -0.9225 0.3789 -0.0731
vn -0.9187 0.3950 0.0024
vn -0.9901 0.1406 0.0006
vn -0.9748 0.2220 0.0211
vn -0.8965 -0.0440 -0.4409
vn -0.8955 -0.1365 -0.4235
vn -0.9373 -0.1092 -0.3311
vn -0.9371 -0.0356 -0.3472
vn -0.8947 -0.2233 -0.3868
vn -0.9359 -0.1802 -0.3026
vn -0.9840 -0.0989 -0.1480
vn -0.9951 -0.0387 -0.0908
vn -0.9847 -0.0188 -0.1734
vn -0.8921 -0.3024 -0.3357
vn -0.9348 -0.2421 -0.2598
vn -0.9942 -0.0857 -0.0643
vn -0.9711 0.2132 0.1070
vn -0.9876 0.1463 0.0571
vn -0.9990 0.0024 0.0448
vn -0.9854 0.1293 0.1112
vn -0.9941 0.0689 -0.0834
vn -0.9839 0.0657 -0.1663
vn -0.9951 0.0154 -0.0978
vn -0.9905 -0.1342 0.0282
vn -0.9756 -0.2109 0.0616
vn -0.9882 -0.1290 0.0824
vn -0.9718 -0.1846 0.1464
vn -0.9837 -0.0964 0.1516
vn -0.9840 -0.0056 0.1780
vn -0.9612 0.0612 0.2691
vn -0.9866 0.0486 0.1555
vn -0.9642 0.1169 0.2380
vn -0.9846 0.0942 0.1474
vn -0.9680 0.1726 0.1819
vn -0.8534 0.1321 0.5042
vn -0.8528 0.1896 0.4867
vn -0.9044 0.1573 0.3966
vn -0.9024 0.1053 0.4179
vn -0.8544 0.2543 0.4531
vn -0.9033 0.2039 0.3776
vn -0.5777 -0.1553 -0.8013
vn -0.6425 0.0729 -0.7628
vn -0.4971 -0.4064 -0.7666
vn -0.6383 -0.3684 -0.6759
vn -0.7293 -0.2037 -0.6531
vn -0.8158 0.0546 -0.5758
vn -0.8652 0.4676 0.1809
vn -0.8690 0.4871 0.0872
vn -0.9155 0.3944 0.0799
vn -0.9118 0.3798 0.1562
vn -0.8949 0.1429 -0.4228
vn -0.8956 0.0505 -0.4420
vn -0.9371 0.0413 -0.3467
vn -0.9356 0.1158 -0.3335
vn -0.8578 0.3791 0.3471
vn -0.8607 0.4318 0.2698
vn -0.9091 0.3492 0.2273
vn -0.9061 0.3073 0.2906
vn -0.8777 -0.4790 -0.0125
vn -0.9239 -0.3826 -0.0002
vn -0.8739 -0.4792 0.0819
vn -0.9199 -0.3847 0.0754
vn -0.8666 -0.4224 0.2655
vn -0.8701 -0.3451 0.3519
vn -0.9130 -0.2714 0.3045
vn -0.9136 -0.3391 0.2245
vn -0.8923 0.2309 -0.3879
vn -0.9342 0.1870 -0.3038
vn -0.8547 0.3216 0.4075
vn -0.9051 0.2616 0.3353
vn -0.8689 -0.4630 0.1752
vn -0.9170 -0.3696 0.1499
vn -0.1870 -0.8626 0.4701
vn -0.1225 -0.9263 0.3563
vn -0.5165 -0.7629 -0.3889
vn -0.6612 -0.7064 -0.2526
vn -0.6108 0.7838 -0.1122
vn -0.6706 0.7163 -0.1926
vn -0.5499 0.8343 -0.0390
vn -0.5137 0.6057 0.6076
vn -0.5653 0.5074 0.6504
vn -0.5805 0.4735 0.6624
vn -0.9746 -0.1373 -0.1772
vn -0.9888 0.0167 -0.1480
vn -0.9533 0.0143 -0.3017
vn -0.9390 -0.2613 -0.2236
vn -0.9954 0.0191 -0.0934
vn -0.9957 -0.0154 -0.0919
vn 0.0105 -0.9999 0.0045
vn -0.9975 -0.0696 -0.0107
vn -0.9991 -0.0429 -0.0000
vn -0.7604 -0.4292 0.4874
vn -0.7596 -0.2867 0.5838
vn 0.0305 -0.8163 0.5768
vn 0.0516 -0.7159 0.6963
vn 0.0573 -0.6204 0.7822
vn 0.0656 -0.9739 -0.2175
vn 0.0638 -0.6750 0.7351
vn 0.0723 -0.7559 0.6506
vn 0.0725 -0.9957 -0.0573
vn 0.0480 -0.9784 -0.2010
vn 0.0011 -0.9971 0.0757
vn 0.0094 -0.9430 0.3326
vn -0.9998 -0.0047 0.0179
vn -0.9437 -0.3302 0.0190
vn -0.7508 -0.1619 0.6404
vn -0.2995 -0.0631 0.9520
vn -0.3222 -0.2578 0.9109
vn -0.7497 -0.2058 0.6289
vn -0.4919 0.6413 0.5889
vn -0.7057 0.1046 0.7007
vn -0.8234 -0.5457 0.1555
vn -0.7387 -0.5976 0.3117
vn -0.0599 -0.3278 0.9428
vn -0.0604 -0.2771 0.9589
vn -0.0586 -0.2474 0.9671
vn -0.0560 -0.3088 0.9495
vn -0.0623 0.5648 0.8229
vn -0.0726 0.4086 0.9098
vn -0.0616 0.5961 0.8005
vn -0.0761 0.7204 0.6894
vn -0.0771 0.7290 0.6802
vn -0.1211 0.7853 0.6071
vn -0.1486 0.7430 0.6525
vn -0.1889 0.8264 0.5305
vn -0.2739 0.7853 0.5552
vn -0.2628 0.7582 0.5967
vn -0.2364 0.7374 0.6327
vn -0.7624 0.1328 0.6333
vn -0.7680 0.1274 0.6276
vn -0.7624 0.1924 0.6178
vn -0.7636 0.1960 0.6152
vn -0.5984 -0.5913 0.5407
vn -0.5038 -0.7063 0.4973
vn -0.5144 -0.7954 0.3205
vn -0.6535 -0.6354 0.4113
vn -0.5378 0.0602 0.8409
vn -0.4304 -0.2451 0.8687
vn -0.7013 0.0961 0.7063
vn -0.7337 0.1025 0.6717
vn -0.4572 -0.6306 0.6271
vn -0.5410 -0.5384 0.6461
vn -0.4568 -0.6100 0.6475
vn -0.4580 -0.7313 0.5055
vn -0.4189 -0.8593 0.2933
vn -0.0168 0.9848 0.1728
vn -0.1527 0.9552 0.2536
vn -0.0589 0.9970 0.0501
vn -0.2270 0.9614 0.1553
vn -0.3663 0.8968 0.2481
vn -0.2740 0.8999 0.3394
vn -0.1031 0.9947 0.0057
vn -0.2788 0.9532 0.1166
vn -0.2574 0.9378 0.2331
vn -0.3134 0.8377 0.4472
vn -0.4099 0.8767 0.2516
vn -0.5640 -0.7776 -0.2780
vn -0.6326 -0.7046 -0.3214
vn -0.5122 -0.8582 -0.0344
vn -0.3554 -0.9301 -0.0927
vn -0.3094 -0.8786 -0.3638
vn -0.3370 -0.8262 -0.4515
vn 0.4603 -0.7334 0.5003
vn 0.3767 -0.8023 0.4630
vn 0.2388 -0.8682 0.4350
vn 0.3271 -0.8315 0.4489
vn 0.4404 0.2674 0.8570
vn 0.5061 0.2082 0.8370
vn 0.3819 0.3018 0.8736
vn 0.2958 0.3334 0.8952
vn 0.6220 -0.5478 0.5595
vn 0.6510 -0.5554 0.5174
vn 0.5035 -0.6870 0.5239
vn 0.5832 -0.5730 0.5758
vn 0.6541 0.0876 0.7513
vn 0.5980 0.0843 0.7971
vn 0.5479 0.1600 0.8211
vn 0.0350 0.8489 0.5274
vn 0.0019 0.8634 0.5046
vn 0.7068 -0.5505 0.4443
vn 0.6745 -0.5585 0.4828
vn 0.7013 0.1268 0.7015
vn -0.0467 0.8797 0.4732
vn -0.2940 0.8922 0.3429
vn -0.2427 0.8360 0.4921
vn -0.4308 0.8524 0.2962
vn -0.4162 -0.8533 -0.3140
vn -0.3875 -0.9045 -0.1781
vn -0.3866 0.7806 0.4911
vn 0.2044 -0.9784 0.0311
vn 0.3392 -0.9371 0.0828
vn 0.2002 -0.9790 -0.0372
vn 0.0926 -0.9894 -0.1122
vn 0.3520 -0.9319 0.0874
vn 0.3435 -0.9360 0.0771
vn 0.1833 -0.9773 -0.1065
vn 0.0597 -0.9786 -0.1968
vn 0.0202 -0.9743 -0.2243
vn 0.1206 -0.9924 -0.0253
vn 0.0450 -0.9881 -0.1473
vn 0.0052 -0.9720 -0.2351
vn -0.2112 -0.8688 -0.4479
vn -0.6445 -0.7612 -0.0719
vn -0.8362 -0.4722 0.2791
vn -0.9717 -0.2363 -0.0028
vn -0.9102 -0.4061 -0.0817
vn -0.8803 -0.1512 0.4496
vn -0.9937 -0.0394 0.1051
vn -0.9994 -0.0045 -0.0340
vn -0.9870 -0.1285 -0.0961
vn -0.9205 -0.3403 -0.1920
vn -0.8170 0.1122 0.5656
vn -0.9741 0.1107 0.1973
vn -0.9911 0.0006 0.1331
vn -0.8746 -0.0697 0.4798
vn -0.9862 0.1453 0.0797
vn -0.9995 0.0008 -0.0303
vn -0.5876 -0.3067 0.7488
vn -0.5918 -0.2964 0.7496
vn -0.6087 -0.3889 0.6915
vn -0.5685 -0.4104 0.7130
vn -0.3672 -0.9239 0.1075
vn -0.3698 -0.9272 -0.0598
vn -0.4627 -0.8789 0.1159
vn -0.1988 -0.2007 -0.9593
vn -0.1997 -0.0823 -0.9764
vn -0.4862 -0.0688 -0.8711
vn -0.5051 -0.0933 -0.8580
vn -0.4970 -0.0553 -0.8660
vn -0.5064 -0.0495 -0.8609
vn -0.8691 -0.0319 0.4937
vn -0.8144 -0.0827 0.5744
vn -0.9008 -0.3996 0.1700
vn -0.4765 0.4650 0.7461
vn -0.5838 0.0225 0.8116
vn -0.1420 -0.2654 0.9536
vn -0.1390 -0.2850 0.9484
vn -0.1378 -0.2900 0.9471
vn -0.1361 -0.2579 0.9566
vn -0.1341 -0.3501 0.9270
vn -0.1340 -0.3583 0.9239
vn -0.1353 -0.3732 0.9178
vn -0.1452 -0.3109 0.9393
vn -0.1476 -0.2712 0.9511
vn -0.2736 -0.8854 -0.3759
vn -0.2569 -0.8407 -0.4766
vn -0.3676 -0.8543 -0.3674
vn -0.3793 -0.8113 -0.4449
vn -0.6075 -0.0533 -0.7925
vn -0.6248 -0.0054 -0.7808
vn -0.7978 -0.0034 -0.6029
vn -0.7878 -0.0457 -0.6143
vn -0.3605 0.5010 0.7868
vn -0.5315 0.0570 0.8451
vn -0.2134 0.7127 0.6683
vn -0.8120 0.2503 0.5273
vn -0.9794 -0.2017 -0.0000
vn -0.9779 -0.2091 -0.0000
vn -1.0000 -0.0000 -0.0000
vn -0.9779 0.2091 -0.0000
vn -0.9794 0.2017 -0.0000
vn -0.3846 0.9105 -0.1520
vn -0.3142 0.9311 -0.1852
vn -0.4582 0.8748 -0.1574
vn -0.4895 0.8646 -0.1136
vn -0.2909 0.5937 -0.7502
vn -0.3125 0.3115 -0.8974
vn -0.3036 0.5644 -0.7677
vn -0.3181 0.3290 -0.8892
vn -0.3220 0.5181 -0.7924
vn -0.5822 0.8029 -0.1280
vn -0.5961 0.7998 -0.0708
vn -0.1274 -0.4548 0.8814
vn -0.1491 -0.1771 0.9728
vn -0.1512 -0.1345 0.9793
vn -0.1283 -0.4449 0.8863
vn -0.1570 0.0403 0.9868
vn -0.1579 0.0938 0.9830
vn -0.1567 0.1701 0.9729
vn -0.1528 0.2128 0.9651
vn -0.1309 -0.3748 0.9178
vn -0.1263 -0.4328 0.8926
vn -0.1212 -0.2972 0.9471
vn -0.1307 -0.2720 0.9534
vn -0.1115 -0.3560 0.9278
vn -0.0796 -0.3180 0.9448
vn -0.0809 -0.2493 0.9650
vn -0.0827 -0.2263 0.9705
vn -0.1525 -0.2801 0.9478
vn -0.1447 -0.2569 0.9555
vn -0.1294 -0.2294 0.9647
vn -0.1275 -0.2428 0.9617
vn -0.1362 -0.2141 0.9673
vn -0.1332 -0.2052 0.9696
vn -0.1033 -0.4300 0.8969
vn -0.0774 -0.3970 0.9145
vn -0.1250 -0.4547 0.8818
vn -0.1037 -0.4054 0.9082
vn -0.0794 -0.3782 0.9223
vn -0.0831 0.9954 0.0467
vn -0.0745 0.9972 -0.0103
vn -0.0719 0.9935 0.0883
vn -0.0924 0.9694 0.2273
vn -0.0633 0.9948 -0.0802
vn -0.0451 0.9958 -0.0797
vn -0.0270 0.9928 -0.1171
vn -0.0605 0.9943 0.0879
vn -0.0949 0.9426 0.3201
vn -0.0980 0.9952 0.0016
vn -0.0921 0.9957 0.0034
vn -0.0924 0.9956 0.0163
vn -0.0986 0.9950 0.0129
vn -0.0905 0.9959 0.0030
vn -0.0909 0.9957 0.0153
vn -0.0903 0.9956 0.0241
vn -0.0922 0.9954 0.0273
vn -0.0967 0.9950 0.0268
vn -0.1081 -0.5263 0.8434
vn -0.1940 -0.6669 0.7195
vn -0.2592 -0.7840 0.5641
vn -0.1560 -0.7969 0.5836
vn -0.2189 -0.8736 0.4346
vn -0.2546 -0.8887 0.3814
vn -0.2515 -0.8499 0.4631
vn -0.2772 -0.7694 0.5755
vn -0.1912 -0.8680 0.4584
vn -0.2667 -0.6770 0.6860
vn -0.1886 -0.8089 0.5569
vn -0.2419 -0.7789 0.5786
vn -0.2143 -0.6471 0.7317
vn -0.2413 -0.5545 0.7964
vn -0.1766 -0.6810 0.7107
vn -0.0883 0.9959 0.0195
vn -0.0923 0.9952 0.0336
vn -0.0845 0.9964 0.0002
vn -0.0450 -0.9840 0.1726
vn -0.0846 -0.9623 0.2584
vn -0.0855 -0.9516 0.2952
vn -0.0447 -0.9830 0.1781
vn -0.0868 -0.8587 0.5051
vn -0.0501 -0.8966 0.4400
vn -0.0325 -0.4465 0.8942
vn -0.0501 -0.4683 0.8822
vn -0.0679 -0.5875 0.8063
vn -0.0386 -0.5649 0.8243
vn -0.0648 -0.9606 0.2702
vn -0.0426 -0.9724 0.2292
vn -0.0655 -0.2894 0.9550
vn -0.0662 -0.3727 0.9256
vn -0.0578 -0.3460 0.9364
vn -0.0687 -0.3552 0.9323
vn -0.1032 -0.3504 0.9309
vn -0.1414 0.2303 0.9628
vn -0.1132 0.2283 0.9670
vn -0.1004 0.2356 0.9666
vn -0.0898 0.2633 0.9605
vn -0.0806 -0.3277 0.9413
vn -0.3337 -0.2928 0.8961
vn -0.2249 -0.3083 0.9243
vn -0.3214 -0.3412 0.8833
vn -0.4506 -0.3237 0.8320
vn -0.1320 -0.2257 0.9652
vn -0.1321 -0.2054 0.9697
vn -0.0875 -0.2195 0.9717
vn -0.0980 -0.2425 0.9652
vn -0.0457 0.9914 -0.1224
vn -0.0216 0.9801 -0.1971
vn -0.0320 0.9875 -0.1544
vn -0.0074 0.9596 -0.2814
vn 0.0067 0.9350 -0.3545
vn -0.0065 0.9725 -0.2327
vn -0.0770 0.9970 0.0040
vn -0.0786 0.9967 0.0198
vn -0.0595 0.9982 0.0054
vn -0.0602 0.9978 0.0291
vn -0.0592 0.9971 0.0486
vn -0.0766 0.9965 0.0337
vn -0.0697 0.9976 -0.0009
vn -0.0533 0.9986 0.0046
vn -0.2122 0.9740 0.0796
vn -0.1739 0.9797 0.0997
vn -0.1876 0.9821 -0.0179
vn -0.1539 0.9875 0.0334
vn -0.1228 0.9853 0.1189
vn -0.1484 0.9781 0.1463
vn -0.2778 0.9296 0.2421
vn -0.2712 0.9450 0.1828
vn -0.2621 0.9341 0.2426
vn -0.2515 0.9142 0.3179
vn -0.2646 0.9564 0.1237
vn -0.2510 0.9547 0.1601
vn -0.1849 0.9115 0.3673
vn -0.1295 0.9181 0.3747
vn -0.1317 0.8252 0.5493
vn -0.1838 0.7973 0.5749
vn -0.5184 -0.3339 0.7872
vn -0.5181 -0.3535 0.7789
vn -0.4861 -0.4175 0.7677
vn -0.4201 -0.3570 0.8343
vn -0.4667 -0.3687 0.8039
vn -0.1629 -0.2949 0.9416
vn -0.1981 -0.3005 0.9330
vn -0.1417 -0.3468 0.9272
vn -0.2275 -0.2326 0.9456
vn -0.2810 0.0060 0.9597
vn -0.1741 -0.0070 0.9847
vn -0.1569 -0.2168 0.9635
vn -0.1276 -0.4547 0.8814
vn -0.1262 -0.4549 0.8815
vn -0.1269 -0.4617 0.8779
vn -0.2363 -0.9651 0.1132
vn -0.3030 -0.9474 0.1033
vn -0.3064 -0.9257 0.2217
vn -0.2348 -0.9481 0.2146
vn -0.3165 -0.8740 0.3687
vn -0.2373 -0.9018 0.3611
vn -0.3433 -0.7989 0.4939
vn -0.2417 -0.8361 0.4925
vn -0.3843 -0.6480 0.6576
vn -0.2415 -0.6832 0.6891
vn -0.1977 -0.9196 0.3396
vn -0.1945 -0.8629 0.4664
vn -0.1831 -0.7129 0.6769
vn -0.1938 -0.9656 0.1736
vn -0.1993 -0.9549 0.2202
vn -0.1265 -0.4549 0.8815
vn -0.1324 0.9912 -0.0059
vn -0.1146 0.9930 0.0271
vn -0.0968 0.9919 0.0821
vn -0.2197 0.9755 0.0086
vn -0.1490 0.9888 -0.0072
vn -0.1488 0.9887 -0.0196
vn -0.2149 0.9765 -0.0142
vn -0.1066 0.9429 0.3154
vn -0.1152 0.8775 0.4656
vn -0.2431 -0.3119 0.9185
vn -0.2809 -0.3242 0.9033
vn -0.6295 -0.7453 0.2196
vn -0.7813 -0.2317 0.5796
vn -0.7588 -0.3035 0.5763
vn -0.1478 -0.2010 0.9684
vn -0.1563 0.0091 0.9877
vn 0.1051 0.6902 -0.7160
vn 0.0543 0.6956 -0.7164
vn 0.0815 0.7539 -0.6519
vn 0.1156 0.7376 -0.6653
vn -0.0010 0.7920 -0.6105
vn 0.1417 0.9892 0.0369
vn -0.0394 0.9989 0.0272
vn -0.0238 0.9554 0.2944
vn 0.1194 0.9923 0.0337
vn 0.2419 0.9690 0.0508
vn -0.1547 0.9586 -0.2389
vn -0.1869 0.9532 0.2375
vn -0.2672 0.9095 0.3183
vn -0.0640 0.8669 0.4943
vn -0.3395 0.8184 0.4637
vn -0.2587 0.6503 0.7143
vn -0.2886 0.6075 0.7400
vn -0.1292 0.3580 0.9247
vn 0.0398 0.1292 0.9908
vn -0.0234 0.2405 0.9704
vn 0.0260 0.0794 0.9965
vn 0.2575 0.6818 0.6847
vn 0.1901 0.7317 0.6546
vn 0.0979 0.7891 0.6064
vn 0.1368 -0.0071 0.9906
vn 0.1137 -0.0567 0.9919
vn 0.1616 -0.0413 0.9860
vn -0.0817 0.3683 0.9261
vn -0.2785 0.7293 0.6249
vn 0.0327 0.3509 0.9358
vn 0.0566 0.1326 0.9895
vn 0.1573 0.5690 -0.8072
vn 0.0749 0.6222 -0.7793
vn 0.1080 0.5850 -0.8038
vn -0.3758 0.8754 0.3042
vn 0.1569 0.1479 0.9765
vn 0.1932 -0.1039 0.9756
vn 0.3333 -0.1783 0.9258
vn -0.2171 0.9762 0.0034
vn -0.1416 0.9899 -0.0068
vn -0.1434 0.9897 -0.0059
vn -0.2172 0.9761 0.0067
vn -0.0966 0.9953 -0.0016
vn -0.0970 0.9953 -0.0016
vn -0.1069 -0.8380 0.5351
vn -0.1655 -0.9651 0.2030
vn -0.1820 -0.9636 0.1960
vn -0.1637 -0.8368 0.5224
vn -0.2322 -0.9680 0.0952
vn -0.2356 -0.9672 0.0951
vn -0.2938 -0.9529 0.0757
vn -0.2989 -0.9512 0.0769
vn -0.2808 -0.9591 0.0356
vn -0.2850 -0.9578 0.0363
vn -0.2974 0.9400 0.1672
vn -0.2846 0.9499 0.1290
vn -0.2786 0.9496 0.1437
vn -0.2894 0.9386 0.1878
vn -0.2761 0.9571 0.0884
vn -0.2709 0.9575 0.0992
vn -0.0903 0.9959 -0.0000
vn -0.0761 0.9971 -0.0000
vn -0.0591 0.9983 -0.0000
vn -0.0229 -0.2792 0.9599
vn -0.0246 -0.2999 0.9537
vn -0.0341 -0.3166 0.9479
vn -0.0254 -0.2964 0.9547
vn -0.0228 -0.3689 0.9292
vn -0.0604 -0.3823 0.9221
vn -0.0446 -0.5573 0.8291
vn -0.1154 -0.5634 0.8181
vn -0.0920 0.9958 -0.0000
vn -0.6921 0.7125 -0.1150
vn -0.5417 0.8309 -0.1272
vn -0.5775 0.8134 -0.0700
vn -0.6669 0.7422 -0.0655
vn -0.6222 0.7827 -0.0132
vn -0.6509 0.7590 -0.0136
vn -1.0000 -0.0000 -0.0053
vn -0.9860 0.1499 -0.0725
vn -0.9807 0.1710 -0.0952
vn -1.0000 -0.0000 0.0007
vn -0.9594 0.1328 -0.2490
vn -0.9802 0.1749 -0.0931
vn -0.9803 0.1970 -0.0113
vn -0.9789 0.2045 -0.0046
vn -1.0000 -0.0000 0.0033
vn -0.9594 -0.1328 -0.2489
vn -0.9860 -0.1499 -0.0724
vn -0.9807 -0.1710 -0.0951
vn -0.9802 -0.1749 -0.0931
vn -0.9789 -0.2045 -0.0046
vn -0.9803 -0.1970 -0.0113
vn -0.0000 -1.0000 -0.0000
vn 0.3147 0.9492 -0.0000
vn 0.0799 0.9968 -0.0000
vn 0.0796 0.9963 0.0340
vn 0.3139 0.9489 0.0341
vn -0.1310 0.9914 -0.0000
vn -0.1308 0.9909 0.0321
vn -0.1296 0.9840 0.1221
vn 0.0783 0.9891 0.1247
vn 0.3103 0.9432 0.1188
vn -0.3392 -0.5776 -0.7425
vn -0.3357 -0.5548 -0.7613
vn -0.3210 -0.3015 -0.8978
vn -0.4135 -0.9025 -0.1201
vn -0.4157 -0.9078 -0.0556
vn -0.5093 -0.8583 -0.0622
vn -0.5123 -0.8502 -0.1215
vn -0.6001 -0.7975 -0.0619
vn -0.5946 -0.7948 -0.1215
vn -0.3290 -0.5149 -0.7916
vn -0.3196 -0.3239 -0.8905
vn -0.9968 0.0755 -0.0249
vn -0.9357 0.2883 -0.2035
vn -0.9350 0.3222 -0.1480
vn -0.9956 0.0821 -0.0442
vn -0.8581 0.4109 -0.3080
vn -0.8390 0.4725 -0.2697
vn -0.8330 0.5148 -0.2025
vn -0.9458 0.2931 -0.1398
vn -0.9964 0.0599 -0.0595
vn -0.2432 0.5670 0.7870
vn -0.3241 0.4590 0.8272
vn -0.4806 0.4327 0.7628
vn -0.3915 0.5593 0.7307
vn -0.4426 0.2927 0.8476
vn -0.5634 0.2779 0.7781
vn -0.6413 0.3113 0.7013
vn -0.5830 0.4535 0.6741
vn -0.5095 0.5624 0.6512
vn 0.8769 -0.4720 0.0913
vn 0.8793 -0.4743 0.0423
vn 0.9139 -0.4042 0.0371
vn 0.9111 -0.4031 0.0859
vn 0.8798 -0.4753 -0.0000
vn 0.9148 -0.4040 -0.0000
vn 0.9203 0.3860 -0.0640
vn 0.9230 0.3848 -0.0000
vn 0.9200 0.3861 -0.0671
vn 0.9115 0.3838 -0.1481
vn 0.9098 0.3829 -0.1601
vn 0.4544 -0.8811 0.1312
vn 0.7459 -0.6328 0.2076
vn 0.7295 -0.5979 0.3323
vn 0.4563 -0.8583 0.2349
vn 0.8672 -0.4463 0.2208
vn 0.8497 -0.4270 0.3093
vn -0.3287 0.8922 0.3096
vn -0.3250 0.8778 0.3520
vn -0.3344 0.8876 0.3167
vn -0.3302 0.8729 0.3591
vn 0.5210 0.8310 0.1950
vn 0.6313 0.7498 0.1983
vn 0.6265 0.7491 0.2155
vn 0.5171 0.8316 0.2026
vn 0.6078 0.7623 0.2224
vn 0.6008 0.7593 0.2502
vn 0.1211 0.9891 0.0837
vn 0.1436 0.9817 0.1252
vn 0.1377 0.9827 0.1237
vn 0.1163 0.9897 0.0835
vn 0.1994 0.9663 0.1625
vn 0.1938 0.9678 0.1607
vn 0.0851 0.9962 0.0193
vn 0.1096 0.9929 0.0462
vn 0.1060 0.9933 0.0465
vn 0.0825 0.9964 0.0195
vn 0.3406 0.9255 0.1657
vn 0.3365 0.9271 0.1653
vn 0.4166 0.8933 0.1685
vn 0.4188 0.8923 0.1685
vn -0.2435 0.9699 0.0093
vn -0.2828 0.9592 -0.0004
vn -0.2776 0.9607 -0.0014
vn -0.2330 0.9725 0.0075
vn 0.0142 -0.9999 0.0042
vn 0.0153 -0.9998 0.0090
vn -0.0061 -1.0000 -0.0000
vn -0.1283 -0.9917 0.0005
vn -0.0463 -0.9989 -0.0000
vn -0.1284 -0.9917 0.0005
vn 0.5515 0.4704 0.6889
vn 0.6790 0.5138 0.5244
vn 0.6562 0.4164 0.6293
vn 0.4146 0.3212 0.8514
vn 0.7743 0.5194 0.3615
vn 0.7952 0.4347 0.4227
vn 0.1353 -0.9900 0.0403
vn 0.1437 -0.9861 0.0834
vn -0.0454 0.9990 -0.0000
vn -0.0480 0.9988 -0.0000
vn -0.3809 0.8728 0.3050
vn -0.3965 0.8741 0.2805
vn -0.3865 0.8654 0.3189
vn -0.3727 0.8610 0.3460
vn -0.3687 0.8959 0.2477
vn -0.3579 0.8902 0.2819
vn -0.2127 -0.9771 0.0070
vn -0.2137 -0.9769 0.0071
vn -0.7171 0.6849 0.1291
vn -0.7294 0.6612 0.1755
vn -0.1259 0.9915 0.0331
vn -0.1231 0.9924 0.0060
vn -0.6838 0.7295 0.0170
vn -0.6847 0.7285 0.0219
vn -0.2642 -0.9645 -0.0000
vn -0.2084 -0.9780 -0.0000
vn -0.2090 -0.9779 0.0045
vn -0.2662 -0.9637 0.0222
vn -0.1280 -0.9918 -0.0000
vn -0.1280 -0.9918 0.0003
vn -0.1281 -0.9918 0.0005
vn -0.2102 -0.9776 0.0066
vn -0.2710 -0.9620 0.0325
vn -0.4050 0.9143 -0.0000
vn -0.4230 0.9061 -0.0000
vn -0.4225 0.9060 0.0267
vn -0.4045 0.9141 0.0291
vn -0.3948 0.9188 -0.0000
vn -0.3943 0.9187 0.0237
vn -0.3907 0.9159 0.0922
vn -0.4188 0.9020 0.1048
vn -0.4011 0.9089 0.1145
vn 0.0126 -0.9999 -0.0000
vn 0.1215 -0.9926 -0.0000
vn 0.1224 -0.9924 0.0117
vn 0.0127 -0.9999 0.0013
vn 0.4290 -0.9033 -0.0000
vn 0.4308 -0.9018 0.0348
vn 0.4361 -0.8975 0.0660
vn 0.1253 -0.9919 0.0214
vn 0.0131 -0.9999 0.0023
vn 0.6475 0.7620 -0.0000
vn 0.6707 0.7418 -0.0000
vn 0.6781 0.7269 0.1086
vn 0.6513 0.7425 0.1566
vn 0.6924 0.7215 -0.0000
vn 0.7015 0.7086 0.0769
vn 0.7221 0.6678 0.1809
vn 0.6872 0.6797 0.2563
vn 0.6265 0.6769 0.3863
vn 0.1339 0.9910 -0.0000
vn -0.0680 0.9977 -0.0000
vn -0.0609 0.9980 0.0140
vn 0.1477 0.9886 0.0302
vn -0.2958 0.9552 -0.0000
vn -0.2951 0.9555 -0.0046
vn -0.2926 0.9562 -0.0049
vn -0.0382 0.9985 0.0390
vn 0.1902 0.9787 0.0777
vn 0.0937 0.9956 -0.0000
vn 0.1234 0.9924 -0.0000
vn 0.1217 0.9923 0.0222
vn 0.0928 0.9956 0.0087
vn 0.1442 0.9895 -0.0000
vn 0.1409 0.9890 0.0460
vn 0.1337 0.9885 0.0706
vn 0.1177 0.9924 0.0356
vn 0.0905 0.9958 0.0143
vn 0.1750 0.9846 -0.0000
vn 0.1700 0.9824 0.0775
vn 0.2264 0.9740 -0.0000
vn 0.2219 0.9694 0.1048
vn 0.2133 0.9650 0.1527
vn 0.1599 0.9805 0.1145
vn 0.5279 0.8493 -0.0000
vn 0.6367 0.7711 -0.0000
vn 0.6378 0.7673 0.0671
vn 0.5271 0.8443 0.0964
vn 0.6197 0.7849 -0.0000
vn 0.6205 0.7829 0.0451
vn 0.6200 0.7772 0.1072
vn 0.6386 0.7596 0.1235
vn 0.5264 0.8364 0.1529
vn -0.3272 0.9450 -0.0000
vn -0.3423 0.9396 -0.0000
vn -0.3423 0.9391 0.0293
vn -0.3271 0.9446 0.0287
vn -0.3499 0.9368 -0.0000
vn -0.3498 0.9363 0.0303
vn -0.3480 0.9299 0.1192
vn -0.3407 0.9330 0.1161
vn -0.3252 0.9387 0.1141
vn 0.7395 -0.6731 -0.0000
vn 0.7404 -0.6705 0.0482
vn 0.7416 -0.6639 0.0962
vn -0.4513 -0.4138 0.7906
vn -0.4778 -0.3585 0.8019
vn -0.5924 -0.0521 0.8039
vn 0.8317 -0.0623 -0.5517
vn 0.6292 -0.0045 -0.7772
vn 0.7788 -0.2223 -0.5865
vn 0.8167 -0.2502 -0.5200
vn 0.8472 -0.2540 -0.4667
vn 0.8649 -0.2936 -0.4072
vn -0.5638 -0.1277 0.8160
vn -0.6751 0.0763 0.7338
vn 0.4907 -0.1488 -0.8586
vn 0.7017 -0.1969 -0.6847
vn 0.4410 -0.2528 -0.8611
vn 0.6564 -0.2742 -0.7028
vn 0.8108 -0.2901 -0.5084
vn 0.8383 -0.2343 -0.4923
vn -0.7843 0.6204 -0.0050
vn -0.7876 0.6162 -0.0000
vn -0.7693 0.6386 -0.0200
vn -0.6953 0.7187 -0.0049
vn -0.7039 0.7103 -0.0013
vn -0.7060 0.7082 -0.0000
vn -0.0958 0.9954 -0.0000
vn -0.0958 0.9954 -0.0002
vn -0.0960 0.9954 -0.0006
vn 0.1160 -0.9932 -0.0000
vn 0.1867 -0.9824 -0.0000
vn 0.1756 -0.9768 0.1224
vn 0.1145 -0.9690 0.2187
vn 0.0487 -0.9988 -0.0000
vn 0.0394 -0.9972 0.0633
vn 0.0056 -0.9701 0.2427
vn 0.1210 -0.8826 0.4542
vn 0.1312 -0.9261 0.3536
vn -0.0428 -0.9991 -0.0000
vn -0.0034 -1.0000 -0.0000
vn -0.0026 -0.9567 0.2911
vn -0.0415 -0.9477 0.3163
vn 0.0032 -0.8737 0.4865
vn -0.0378 -0.8466 0.5309
vn -0.3114 0.9503 -0.0000
vn -0.2945 0.9557 -0.0000
vn -0.2940 0.9557 0.0135
vn -0.3110 0.9503 0.0168
vn -0.2866 0.9581 -0.0000
vn -0.2860 0.9582 0.0098
vn -0.2841 0.9582 0.0344
vn -0.2925 0.9550 0.0495
vn -0.3089 0.9490 0.0632
vn -0.2192 -0.9757 -0.0000
vn -0.2733 -0.9619 -0.0000
vn -0.2759 -0.9600 0.0478
vn -0.2212 -0.9739 0.0515
vn -0.2821 -0.9569 0.0696
vn -0.2250 -0.9710 0.0803
vn -0.1220 -0.9925 -0.0000
vn -0.1255 -0.9911 0.0442
vn -0.1346 -0.9852 0.1058
vn -0.2165 0.9763 -0.0000
vn -0.1374 0.9905 -0.0000
vn -0.1375 0.9905 -0.0008
vn -0.2160 0.9764 0.0004
vn -0.1381 0.9904 -0.0028
vn -0.2150 0.9766 0.0010
vn -0.9994 0.0211 -0.0279
vn -0.9907 0.1120 -0.0772
vn -0.9960 0.0790 -0.0409
vn -0.9342 -0.1573 0.3202
vn -0.9647 0.2252 -0.1363
vn -0.9168 0.3911 -0.0800
vn 0.2728 0.7037 -0.6560
vn 0.3165 0.8097 -0.4942
vn 0.4170 0.7873 -0.4542
vn 0.3417 0.7138 -0.6113
vn 0.3518 0.8963 -0.2700
vn 0.4716 0.8466 -0.2468
vn 0.5864 0.7792 -0.2212
vn 0.5069 0.7519 -0.4216
vn 0.3913 0.7193 -0.5741
vn 0.3702 -0.4666 -0.8033
vn 0.4112 -0.3711 -0.8326
vn 0.3327 -0.3690 -0.8678
vn 0.3975 -0.4452 -0.8024
vn 0.2675 -0.2467 -0.9314
vn 0.4555 -0.2196 -0.8627
vn 0.6802 -0.2961 -0.6706
vn 0.4671 -0.4219 -0.7770
vn 0.3030 0.4546 -0.8376
vn 0.2804 0.4326 -0.8569
vn 0.3187 0.1165 -0.9407
vn 0.2443 0.6275 -0.7393
vn 0.2372 0.6294 -0.7399
vn 0.3958 0.5674 -0.7221
vn 0.5246 0.3250 -0.7868
vn 0.2870 0.0939 -0.9533
vn 0.2853 -0.1101 -0.9521
vn 0.2421 -0.1115 -0.9638
vn 0.8719 -0.4636 0.1579
vn 0.9042 -0.3949 0.1629
vn 0.8983 -0.3825 0.2165
vn 0.8899 0.3627 -0.2766
vn 0.8823 0.3538 -0.3105
vn 0.8595 0.3249 -0.3947
vn 0.8564 0.3181 -0.4066
vn 0.7010 -0.4871 0.5209
vn 0.6242 -0.5203 0.5828
vn 0.8570 -0.3867 0.3407
vn 0.8438 0.1750 -0.5073
vn 0.8420 0.2853 -0.4578
vn 0.8391 0.2799 -0.4664
vn 0.8450 0.1596 -0.5105
vn 0.9966 -0.0635 -0.0520
vn 0.9823 -0.1318 -0.1331
vn 0.8980 -0.1353 -0.4187
vn 0.9940 -0.0592 -0.0922
vn 0.9711 -0.1758 -0.1612
vn 0.7742 -0.1005 -0.6249
vn 0.7992 0.0009 -0.6011
vn 0.7987 0.0114 -0.6016
vn 0.9547 0.2481 -0.1645
vn 0.9858 0.1113 -0.1255
vn 0.8896 0.1941 -0.4135
vn 0.6339 0.5540 -0.5397
vn 0.9912 0.1323 -0.0000
vn 0.9995 0.0322 -0.0000
vn 0.9993 0.0368 -0.0064
vn 0.9900 0.1400 -0.0182
vn 0.9975 -0.0702 -0.0000
vn 0.9976 -0.0694 0.0073
vn 0.9977 -0.0680 0.0049
vn 0.9985 0.0499 -0.0222
vn 0.9860 0.1605 -0.0454
vn 0.9940 -0.1092 -0.0000
vn 0.9938 -0.1109 0.0008
vn 0.9261 -0.3772 -0.0000
vn 0.9216 -0.3836 -0.0589
vn 0.8983 -0.3883 -0.2056
vn 0.9931 -0.1156 -0.0198
vn 0.3141 -0.9494 -0.0000
vn 0.3121 -0.9294 -0.1968
vn 0.2593 -0.9452 -0.1981
vn 0.2625 -0.9649 -0.0000
vn 0.3194 -0.8200 -0.4749
vn 0.2562 -0.8245 -0.5046
vn 0.8164 -0.5700 -0.0923
vn 0.7855 -0.5600 -0.2634
vn 0.8221 -0.5693 -0.0000
vn 0.3684 0.9223 -0.1171
vn 0.4970 0.8611 -0.1069
vn 0.3739 0.9275 -0.0000
vn 0.5047 0.8633 -0.0000
vn 0.6281 0.7782 -0.0000
vn 0.6185 0.7801 -0.0944
vn 0.4012 0.5823 -0.7071
vn 0.5322 0.4792 -0.6980
vn 0.5806 0.4341 -0.6888
vn 0.5706 0.7504 0.3337
vn 0.5550 0.6588 0.5079
vn 0.5641 0.7001 0.4377
vn 0.9418 0.0315 0.3346
vn 0.8936 -0.0223 0.4482
vn 0.9038 -0.0123 0.4277
vn 0.7301 0.2599 -0.6320
vn 0.3188 -0.7862 0.5293
vn 0.3942 -0.8785 0.2698
vn 0.2918 -0.9114 0.2901
vn 0.2108 -0.7725 0.5990
vn 0.3619 -0.9247 -0.1182
vn 0.5458 -0.8378 0.0097
vn 0.4556 -0.8454 0.2789
vn 0.3278 -0.7669 0.5517
vn 0.8057 -0.4517 0.3831
vn 0.9216 0.1804 0.3437
vn 0.9296 0.0201 0.3681
vn 0.9211 -0.0717 0.3826
vn 0.9372 0.0828 0.3388
vn 0.9088 -0.1505 0.3892
vn 0.9418 -0.1009 0.3208
vn 0.9231 -0.2945 -0.2472
vn 0.7022 0.1652 -0.6926
vn 0.7937 0.1339 -0.5934
vn 0.6419 0.1821 -0.7449
vn 0.9554 -0.2156 0.2019
vn 0.4901 -0.8471 0.2053
vn 0.4399 -0.7970 0.4138
vn 0.8078 -0.2754 -0.5212
vn 0.5325 0.2076 -0.8206
vn 0.4468 -0.7313 0.5153
vn 0.3194 -0.6995 0.6393
vn 0.5805 -0.5883 0.5630
vn 0.4358 -0.6127 0.6593
vn 0.9099 -0.1576 0.3838
vn 0.8370 -0.2794 0.4705
vn 0.7910 -0.6112 0.0270
vn 0.7760 -0.3532 0.5225
vn 0.7594 -0.6230 0.1875
vn 0.7315 -0.4034 0.5497
vn 0.6216 -0.7133 0.3238
vn 0.7064 -0.6928 0.1452
vn 0.4743 -0.5447 0.6916
vn 0.3875 -0.6970 0.6033
vn 0.7807 -0.5117 -0.3587
vn 0.8013 -0.5974 -0.0318
vn 0.7548 -0.6360 -0.1605
vn 0.7091 -0.5684 -0.4172
vn 0.5518 -0.7184 -0.4236
vn 0.4569 -0.3916 -0.7987
vn 0.5355 0.5925 0.6018
vn 0.3367 -0.0882 0.9375
vn 0.3248 -0.3637 0.8731
vn 0.5998 -0.1625 0.7835
vn 0.4170 -0.8797 -0.2286
vn 0.2245 -0.3383 -0.9139
vn 0.2168 -0.2860 -0.9334
vn 0.2624 -0.2727 -0.9256
vn 0.2415 -0.3587 -0.9017
vn 0.1818 -0.0108 -0.9833
vn 0.2118 0.0079 -0.9773
vn 0.1921 0.1110 -0.9751
vn 0.2291 0.0769 -0.9704
vn 0.2660 0.0422 -0.9631
vn 0.2542 0.0073 -0.9671
vn 0.1868 -0.6350 0.7496
vn -0.2476 -0.1232 0.9610
vn -0.1885 -0.7375 0.6485
vn -0.2948 -0.0956 -0.9508
vn -0.4652 -0.0014 -0.8852
vn -0.3003 -0.0041 -0.9538
vn -0.3403 -0.0595 -0.9384
vn -0.7101 -0.0000 -0.7041
vn -0.3441 0.0582 -0.9371
vn -0.3033 0.0889 -0.9487
vn -0.2638 0.7264 0.6346
vn -0.2619 0.6876 0.6772
vn -0.2393 0.7782 0.5807
vn -0.2305 0.7379 0.6344
vn -0.2464 0.6987 0.6717
vn -0.3690 0.9289 0.0304
vn -0.3664 0.9228 0.1196
vn -0.3692 0.9293 -0.0000
vn -0.1024 0.9288 0.3562
vn -0.0948 0.9540 0.2843
vn -0.0506 0.9525 0.3004
vn -0.1417 0.9399 0.3107
vn -0.0662 0.9778 0.1990
vn -0.2926 0.7441 0.6006
vn -0.2629 0.6808 0.6837
vn -0.3267 0.8260 0.4593
vn -0.0121 0.9502 0.3113
vn -0.2197 0.7031 0.6763
vn -0.2433 0.7172 0.6530
vn -0.2443 0.7965 0.5531
vn -0.2403 0.6821 0.6907
vn -0.2370 0.7153 0.6573
vn -0.2301 0.7403 0.6317
vn -0.2501 0.7569 0.6038
vn -0.2785 0.8071 0.5206
vn -0.3409 0.9083 0.2423
vn -0.3578 0.9017 0.2428
vn -0.3497 0.8815 0.3174
vn -0.3911 0.8904 0.2330
vn -0.2686 0.9628 0.0297
vn -0.2665 0.9568 0.1164
vn -0.2689 0.9632 -0.0000
vn -0.0287 0.9108 0.4119
vn -0.0392 0.8956 0.4432
vn 0.0717 0.9274 0.3672
vn 0.0738 0.9433 0.3236
vn 0.2886 0.8931 0.3450
vn 0.2956 0.9058 0.3036
vn -0.0312 0.8690 0.4938
vn -0.0497 0.8766 0.4787
vn -0.0683 0.8236 0.5630
vn -0.0699 0.8896 0.4514
vn -0.2083 0.7530 0.6242
vn -0.1827 0.6647 0.7244
vn -0.0735 0.6063 0.7918
vn -0.1390 0.6203 0.7719
vn -0.1200 0.6694 0.7331
vn -0.1558 0.6138 0.7739
vn -0.1758 0.6455 0.7432
vn 0.5059 0.8619 0.0354
vn 0.5028 0.8575 0.1088
vn 0.5061 0.8625 -0.0000
vn 0.4133 0.7354 0.5370
vn 0.3659 0.6804 0.6349
vn 0.4558 0.7985 0.3931
vn 0.6143 0.7685 0.1790
vn 0.4943 0.8448 0.2049
vn 0.4858 0.8333 0.2639
vn 0.3028 0.9241 0.2333
vn 0.2988 0.7168 0.6301
vn 0.2166 0.6543 0.7246
vn 0.1675 0.6969 0.6974
vn 0.2707 0.6491 0.7109
vn 0.1162 0.6199 0.7761
vn 0.0080 0.9109 0.4124
vn 0.0177 0.9045 0.4260
vn 0.0660 0.9148 0.3984
vn 0.0405 0.8938 0.4466
vn 0.0760 0.8444 0.5303
vn 0.0132 0.8772 0.4800
vn 0.0317 0.9380 0.3451
vn 0.0530 0.9516 0.3027
vn 0.2057 0.9652 0.1618
vn 0.3364 0.9236 0.1836
vn 0.3323 0.9243 0.1879
vn 0.3402 0.9252 0.1684
vn 0.5245 0.8319 0.1814
vn 0.3149 0.9329 0.1746
vn 0.3008 0.9397 0.1627
vn 0.3227 0.9280 0.1860
vn 0.3444 0.9319 0.1135
vn 0.3471 0.9378 -0.0000
vn 0.0730 0.9757 0.2065
vn 0.0776 0.9666 0.2444
vn 0.1027 0.9660 0.2372
vn 0.0833 0.9535 0.2898
vn 0.1456 0.9777 0.1510
vn 0.2026 0.9569 0.2082
vn 0.1645 0.9560 0.2428
vn 0.2413 0.9537 0.1793
vn 0.2888 0.8995 0.3280
vn -0.3806 0.9053 0.1884
vn -0.3344 0.9291 0.1582
vn -0.3244 0.9228 0.2078
vn -0.3424 0.9364 0.0776
vn -0.3041 0.9440 0.1276
vn -0.2669 0.8754 0.4031
vn -0.2270 0.8422 0.4890
vn -0.2985 0.9051 0.3029
vn -0.3454 0.9382 0.0202
vn -0.3460 0.9382 -0.0000
vn -0.2089 0.8206 0.5319
vn -0.0334 0.9985 0.0426
vn -0.0495 0.9984 0.0268
vn -0.0229 0.9978 0.0624
vn -0.1191 0.9036 0.4115
vn -0.1620 0.8132 0.5589
vn -0.1517 0.8877 0.4348
vn -0.1684 0.8096 0.5623
vn 0.0028 0.9832 0.1823
vn 0.0147 0.6055 0.7957
vn 0.2757 0.9472 0.1638
vn 0.3338 0.8067 0.4876
vn -0.2131 0.7386 0.6396
vn -0.2071 0.7687 0.6052
vn -0.2491 0.6692 0.7001
vn -0.1698 0.6313 0.7567
vn -0.1975 0.6759 0.7101
vn 0.3227 0.6611 0.6774
vn 0.1170 0.9850 0.1265
vn -0.0949 0.7456 0.6596
vn 0.0820 0.9357 0.3432
vn 0.1202 0.7673 0.6299
vn -0.0897 0.9070 0.4116
vn -0.0412 0.9929 0.1116
vn 0.0617 0.9832 0.1716
vn -0.0114 0.8687 0.4952
vn -0.2076 0.9019 0.3789
vn -0.2300 0.8902 0.3932
vn 0.1309 0.9578 0.2558
vn -0.2806 0.9574 0.0679
vn -0.2654 0.9636 0.0311
vn -0.2625 0.9640 0.0421
vn -0.2677 0.9634 0.0156
vn -0.2155 0.9765 0.0019
vn -0.2430 0.9665 0.0822
vn -0.2545 0.9652 0.0600
vn -0.2699 0.9629 0.0047
vn -0.2708 0.9626 -0.0000
vn -0.1963 0.8409 0.5044
vn -0.2092 0.8422 0.4970
vn -0.2236 0.8323 0.5073
vn -0.2673 0.9633 -0.0258
vn -0.2663 0.9635 -0.0269
vn -0.1958 0.9804 -0.0200
vn -0.1967 0.9803 -0.0172
vn -0.2657 0.9638 -0.0237
vn -0.1954 0.9806 -0.0179
vn -0.0971 0.9952 -0.0100
vn -0.0982 0.9951 -0.0105
vn -0.1005 0.9949 -0.0055
vn -0.2788 0.9498 0.1422
vn -0.2740 0.9467 0.1691
vn -0.2009 0.9582 0.2035
vn -0.2043 0.9615 0.1840
vn -0.2702 0.9451 0.1838
vn -0.1981 0.9570 0.2121
vn -0.1048 0.9641 0.2442
vn -0.0999 0.9649 0.2429
vn -0.0912 0.9672 0.2369
vn -0.2692 0.9503 0.1561
vn -0.1977 0.9638 0.1789
vn -0.2699 0.9598 0.0766
vn -0.1986 0.9756 0.0934
vn -0.1053 0.9879 0.1138
vn -0.1056 0.9730 0.2053
vn -0.2823 0.9522 0.1165
vn -0.2062 0.9650 0.1622
vn -0.0887 0.9705 0.2240
vn -0.2688 0.9632 0.0019
vn -0.1979 0.9801 0.0136
vn -0.1033 0.9942 0.0287
vn -0.3092 0.9505 -0.0315
vn -0.3103 0.9501 -0.0314
vn -0.3086 0.9508 -0.0276
vn -0.3186 0.9366 0.1458
vn -0.3238 0.9392 0.1142
vn -0.3143 0.9350 0.1646
vn -0.3128 0.9393 0.1407
vn -0.3131 0.9475 0.0653
vn -0.3274 0.9411 0.0841
vn -0.3119 0.9501 -0.0058
vn -0.2656 0.9639 -0.0172
vn -0.1954 0.9806 -0.0129
vn -0.2654 0.9641 -0.0103
vn -0.1951 0.9807 -0.0076
vn -0.0966 0.9953 -0.0035
vn -0.0971 0.9952 -0.0070
vn -0.2652 0.9642 -0.0082
vn -0.2651 0.9642 -0.0082
vn -0.1948 0.9808 -0.0059
vn -0.1949 0.9808 -0.0059
vn -0.2651 0.9642 -0.0078
vn -0.1948 0.9808 -0.0056
vn -0.0954 0.9954 -0.0024
vn -0.0956 0.9954 -0.0025
vn -0.0959 0.9954 -0.0024
vn -0.2651 0.9642 -0.0053
vn -0.1949 0.9808 -0.0038
vn -0.2652 0.9642 -0.0000
vn -0.1950 0.9808 -0.0000
vn -0.0955 0.9954 -0.0000
vn -0.0954 0.9954 -0.0017
vn -0.3084 0.9510 -0.0200
vn -0.3083 0.9512 -0.0121
vn -0.2882 0.9576 -0.0022
vn -0.3080 0.9513 -0.0097
vn -0.3081 0.9513 -0.0097
vn -0.3080 0.9513 -0.0092
vn -0.3080 0.9514 -0.0063
vn -0.3080 0.9514 -0.0000
vn 0.0100 0.9999 0.0025
vn 0.0080 1.0000 0.0018
vn 0.0117 0.9999 0.0040
vn 0.0025 1.0000 0.0038
vn -0.0073 0.9999 0.0109
vn -0.0174 0.9988 0.0460
vn -0.0250 0.9909 0.1323
vn 0.0157 0.9999 0.0040
vn 0.0144 0.9999 0.0044
vn 0.0170 0.9999 0.0032
vn 0.0878 0.9960 0.0176
vn 0.0416 0.9716 0.2330
vn 0.1009 0.9730 0.2075
vn -0.0243 0.9642 0.2640
vn 0.0179 0.9998 0.0019
vn 0.0182 0.9998 -0.0000
vn -0.0287 0.9737 0.2261
vn 0.2618 0.8852 0.3845
vn 0.6098 0.5868 0.5328
vn 0.4051 0.8123 0.4196
vn -0.1156 0.2707 0.9557
vn -0.0354 0.0737 0.9967
vn -0.0446 0.0866 0.9952
vn -0.1164 0.2942 0.9486
vn 0.0348 -0.0248 0.9991
vn 0.8920 -0.2423 -0.3817
vn 0.8681 -0.2977 -0.3972
vn 0.0307 0.6047 0.7958
vn -0.0747 0.4753 0.8766
vn -0.0693 0.4865 0.8709
vn 0.0320 0.6054 0.7953
vn 0.8396 -0.3977 -0.3701
vn 0.7761 -0.4033 -0.4848
vn 0.8068 -0.4723 -0.3550
vn 0.7287 -0.4983 -0.4697
vn 0.2970 0.9549 -0.0000
vn 0.2879 0.9245 0.2497
vn 0.2876 0.9235 0.2541
vn 0.2434 0.8350 0.4935
vn 0.2412 0.8311 0.5011
vn 0.7527 -0.6456 -0.1292
vn 0.7576 -0.6053 -0.2441
vn 0.6619 -0.6820 -0.3111
vn 0.6519 -0.7419 -0.1569
vn 0.7544 -0.6564 -0.0000
vn 0.6539 -0.7566 -0.0000
vn -0.0434 0.9991 -0.0000
vn -0.0439 0.9763 0.2121
vn -0.2046 0.9524 0.2261
vn -0.2037 0.9790 -0.0000
vn -0.0774 0.8835 0.4620
vn -0.2415 0.8469 0.4737
vn -0.3768 0.8185 0.4337
vn -0.3516 0.9105 0.2175
vn -0.3510 0.9364 -0.0000
vn -0.5617 0.1332 0.8165
vn -0.6245 0.1677 0.7628
vn -0.5995 0.0856 0.7958
vn -0.6825 0.2029 0.7022
vn 0.3371 -0.6116 -0.7158
vn 0.4988 -0.6245 -0.6010
vn 0.5546 -0.5024 -0.6634
vn 0.4614 -0.7835 -0.4163
vn 0.6889 -0.5843 -0.4291
vn 0.4470 -0.8741 -0.1904
vn 0.4486 -0.8938 -0.0000
vn 0.0341 -0.2427 0.9695
vn 0.0370 -0.1009 0.9942
vn 0.0417 -0.1002 0.9941
vn 0.0381 -0.2407 0.9699
vn 0.0414 0.0481 0.9980
vn 0.0463 0.0475 0.9978
vn 0.0463 0.0468 0.9978
vn 0.0417 -0.1001 0.9941
vn 0.0381 -0.2398 0.9701
vn 0.0284 -0.6000 0.7995
vn 0.0316 -0.4065 0.9131
vn 0.0345 -0.4038 0.9142
vn 0.0301 -0.5980 0.8009
vn 0.0345 -0.4026 0.9147
vn 0.0301 -0.5973 0.8015
vn 0.0149 -0.9622 0.2719
vn 0.0235 -0.8003 0.5991
vn 0.0241 -0.7998 0.5998
vn 0.0155 -0.9631 0.2688
vn 0.0241 -0.8002 0.5993
vn 0.0154 -0.9641 0.2651
vn 0.0654 0.9124 0.4040
vn 0.0662 0.9557 0.2867
vn 0.0686 0.9556 0.2866
vn 0.0682 0.9116 0.4054
vn 0.0666 0.9832 0.1702
vn 0.0693 0.9833 0.1680
vn 0.0694 0.9836 0.1664
vn 0.0682 0.9111 0.4066
vn 0.0384 0.1624 -0.9860
vn 0.0449 0.1643 -0.9854
vn 0.0484 0.3182 -0.9468
vn 0.0325 0.3096 -0.9503
vn 0.0449 0.1642 -0.9854
vn 0.0484 0.3181 -0.9468
vn 0.0543 0.4912 -0.8693
vn 0.0543 0.4914 -0.8693
vn 0.0231 0.4837 -0.8749
vn 0.0480 0.9304 -0.3633
vn 0.0281 0.7330 -0.6797
vn 0.0630 0.7289 -0.6817
vn 0.0694 0.9234 -0.3775
vn 0.0630 0.7285 -0.6822
vn 0.0693 0.9226 -0.3794
vn 0.0576 0.5329 0.8442
vn 0.0637 0.7894 0.6105
vn 0.0670 0.7875 0.6127
vn 0.0617 0.5305 0.8454
vn 0.0670 0.7860 0.6146
vn 0.0617 0.5286 0.8466
vn -0.0030 -0.9561 -0.2932
vn -0.0027 -0.9670 -0.2548
vn -0.0005 -0.9665 -0.2569
vn -0.0010 -0.9561 -0.2929
vn -0.0006 -0.9771 -0.2129
vn 0.0014 -0.9760 -0.2179
vn 0.0013 -0.9748 -0.2230
vn -0.0006 -0.9658 -0.2592
vn -0.0010 -0.9562 -0.2928
vn 0.0005 -0.9316 -0.3634
vn -0.0020 -0.9436 -0.3312
vn -0.0001 -0.9444 -0.3287
vn 0.0022 -0.9337 -0.3580
vn -0.0001 -0.9453 -0.3261
vn 0.0021 -0.9357 -0.3528
vn 0.0147 -0.7415 -0.6708
vn 0.0059 -0.8929 -0.4502
vn 0.0072 -0.8966 -0.4427
vn 0.0178 -0.7478 -0.6636
vn 0.0070 -0.8998 -0.4362
vn 0.0176 -0.7515 -0.6595
vn 0.0050 -0.9981 -0.0607
vn 0.0064 -0.9977 -0.0670
vn 0.0063 -0.9973 -0.0733
vn 0.0314 -0.2713 -0.9620
vn 0.0247 -0.4717 -0.8814
vn 0.0290 -0.4793 -0.8772
vn 0.0350 -0.2736 -0.9612
vn 0.0290 -0.4811 -0.8762
vn 0.0350 -0.2739 -0.9611
vn 0.0630 0.9970 -0.0443
vn 0.0706 0.9960 -0.0555
vn 0.0706 0.9958 -0.0583
vn 0.0484 0.2492 0.9672
vn 0.0531 0.2475 0.9674
vn 0.0531 0.2461 0.9678
vn 0.0208 0.2536 0.9671
vn 0.0124 0.0483 0.9988
vn 0.0335 0.5393 0.8415
vn 0.0259 0.9993 0.0261
vn 0.0515 0.9832 0.1749
vn -0.0822 0.9719 -0.2207
vn -0.1899 -0.2286 -0.9548
vn -0.0467 -0.3696 -0.9280
vn -0.0032 -0.2546 -0.9671
vn -0.1872 -0.2407 -0.9524
vn -0.0410 -0.6882 -0.7243
vn -0.0036 -0.9985 -0.0538
vn -0.0135 -0.9781 -0.2075
vn 0.0111 -0.9631 0.2691
vn -0.0062 -0.8853 -0.4649
vn -0.0116 -0.9287 -0.3707
vn -0.0144 -0.9423 -0.3344
vn -0.0158 -0.9552 -0.2955
vn -0.0161 -0.9669 -0.2547
vn 0.0443 0.7942 0.6060
vn 0.0497 0.9145 0.4015
vn -0.3911 0.8696 -0.3013
vn -0.1588 0.8151 -0.5571
vn -0.6514 0.4194 -0.6323
vn -0.0080 0.4735 -0.8808
vn -0.0172 0.1498 -0.9886
vn -0.1197 0.2111 -0.9701
vn -0.4161 0.0169 -0.9092
vn 0.0520 0.9567 0.2863
vn 0.0189 -0.8084 0.5884
vn 0.0178 -0.6132 0.7897
vn 0.0137 -0.4207 0.9071
vn 0.0099 -0.2539 0.9672
vn 0.0089 -0.1064 0.9943
vn 0.0417 -0.0999 0.9941
vn 0.0381 -0.2388 0.9703
vn 0.0463 0.0460 0.9979
vn 0.0346 -0.4013 0.9153
vn 0.0301 -0.5965 0.8020
vn 0.0241 -0.8006 0.5987
vn 0.0153 -0.9652 0.2611
vn 0.0686 0.9556 0.2865
vn 0.0682 0.9104 0.4080
vn 0.0694 0.9839 0.1646
vn 0.0449 0.1641 -0.9854
vn 0.0484 0.3180 -0.9468
vn 0.0543 0.4911 -0.8694
vn 0.0630 0.7280 -0.6827
vn 0.0693 0.9218 -0.3815
vn 0.0670 0.7844 0.6167
vn 0.0616 0.5266 0.8479
vn -0.0006 -0.9651 -0.2618
vn -0.0010 -0.9562 -0.2927
vn 0.0012 -0.9736 -0.2284
vn -0.0001 -0.9463 -0.3234
vn 0.0019 -0.9377 -0.3473
vn 0.0067 -0.9032 -0.4292
vn 0.0174 -0.7554 -0.6550
vn 0.0061 -0.9968 -0.0801
vn 0.0289 -0.4830 -0.8752
vn 0.0350 -0.2742 -0.9610
vn 0.0706 0.9956 -0.0613
vn 0.0530 0.2447 0.9682
vn -0.2672 -0.9636 -0.0000
vn -0.0795 -0.9968 -0.0000
vn -0.0744 -0.9457 0.3165
vn -0.2491 -0.9244 0.2888
vn -0.0646 -0.8421 0.5354
vn -0.2333 -0.8364 0.4960
vn -0.0513 0.9987 -0.0000
vn -0.0515 0.9987 0.0052
vn -0.0560 -0.2965 0.9534
vn -0.0247 -0.2767 0.9606
vn -0.0244 -0.2938 0.9555
vn -0.0421 -0.3138 0.9486
vn -0.0295 -0.4430 0.8960
vn -0.0424 -0.4659 0.8838
vn -0.0558 -0.3421 0.9380
vn -0.0333 -0.5596 0.8281
vn -0.0460 -0.5861 0.8089
vn -0.0423 -0.9757 0.2148
vn -0.0406 -0.9883 0.1467
vn -0.0653 -0.9776 0.2003
vn -0.0655 -0.9866 0.1495
vn -0.0398 -0.9882 0.1476
vn -0.0643 -0.9638 0.2589
vn -0.0461 -0.8879 0.4578
vn -0.0504 -0.8771 0.4776
vn -0.0698 -0.3053 0.9497
vn -0.0848 0.2891 0.9535
vn -0.0760 0.3675 0.9269
vn -0.0572 -0.1891 0.9803
vn -0.0626 -0.2682 0.9613
vn -0.0583 -0.1822 0.9815
vn -0.0623 -0.2112 0.9755
vn -0.0228 0.9761 -0.2160
vn 0.0041 0.9165 -0.4000
vn 0.0198 0.8565 -0.5157
vn -0.0521 0.9982 0.0296
vn -0.0511 0.9975 0.0478
vn -0.0450 0.9989 -0.0121
vn -0.1431 -0.4145 0.8987
vn -0.0820 -0.5571 0.8264
vn -0.0461 -0.2670 0.9626
vn -0.0552 -0.8092 0.5849
vn 0.0401 -0.0676 -0.9969
vn 0.0401 -0.0677 -0.9969
vn 0.0370 -0.0679 -0.9970
vn -0.0028 -0.0711 -0.9975
vn 0.0361 -0.0679 -0.9970
vn 0.0401 -0.0675 -0.9969
vn -0.4060 -0.3251 0.8541
vn -0.1351 -0.3899 0.9109
vn -0.0952 -0.3935 0.9144
vn -0.5688 -0.3300 0.7534
vn -0.8742 -0.2758 0.3995
vn -0.9530 -0.2558 0.1626
vn -0.1880 -0.4858 0.8536
vn -0.1088 -0.4648 0.8787
vn -0.2878 -0.9135 0.2875
vn -0.2550 -0.9512 0.1735
vn -0.4136 -0.8669 0.2782
vn -0.4376 -0.8871 0.1464
vn -0.2317 -0.6535 0.7206
vn -0.3568 -0.6707 0.6503
vn -0.3644 -0.5992 0.7128
vn -0.2177 -0.5112 0.8314
vn -0.4631 -0.5132 0.7226
vn -0.3607 -0.4511 0.8163
vn -0.2004 -0.4488 0.8709
vn -0.3549 -0.6081 0.7101
vn -0.1635 -0.3825 0.9094
vn -0.1807 -0.3435 0.9216
vn -0.1520 -0.4364 0.8868
vn -0.5748 -0.2011 0.7932
vn -0.5913 -0.1781 0.7865
vn -0.4222 0.7873 0.4493
vn -0.2082 0.8521 0.4802
vn -0.6218 0.0908 -0.7779
vn -0.4516 0.1328 -0.8823
vn -0.8531 0.1540 -0.4985
vn -0.2990 0.8172 0.4927
vn -0.8094 -0.1864 0.5569
vn -0.7866 -0.1601 0.5963
vn -0.7767 -0.3203 -0.5424
vn -0.5064 -0.0705 -0.8594
vn -0.5272 0.7366 0.4237
vn -0.3855 0.7124 0.5864
vn -0.9567 0.2081 0.2035
vn -0.9732 0.1969 0.1189
vn -0.8604 0.0494 0.5072
vn -0.9058 0.0186 0.4232
vn -0.0824 -0.1816 -0.9799
vn -0.1638 -0.1812 -0.9697
vn -0.9706 -0.0510 -0.2351
vn -0.9706 -0.0501 -0.2353
vn -0.1533 -0.1190 -0.9810
vn -0.0078 -0.1657 -0.9861
vn -0.2452 0.0632 0.9674
vn -0.3700 0.0517 0.9276
vn -0.2879 -0.0919 -0.9532
vn -0.1937 0.0650 0.9789
vn -0.1148 0.0659 0.9912
vn -0.0492 -0.7464 0.6637
vn -0.0460 -0.2064 0.9774
vn -0.0631 -0.2029 0.9772
vn -0.0784 -0.8858 0.4573
vn -0.3586 -0.8155 0.4543
vn -0.3940 -0.8760 0.2782
vn -0.9686 -0.2435 0.0504
vn -0.9710 -0.2390 -0.0000
vn -0.4178 -0.9085 -0.0000
vn -0.1490 -0.9661 0.2108
vn -0.1158 -0.3058 0.9450
vn -0.3557 -0.7964 0.4892
vn -0.1998 -0.0693 -0.9774
vn -0.3768 -0.0566 -0.9246
vn -0.2751 0.0674 0.9590
vn 0.0068 -0.0684 -0.9976
vn -0.6425 -0.2856 0.7111
vn -0.7256 -0.2493 0.6414
vn -0.5627 -0.3089 0.7668
vn -0.2847 -0.3574 0.8895
vn -0.4085 -0.4098 0.8156
vn -0.0374 -0.4441 0.8952
vn -0.0316 -0.3665 0.9299
vn -0.0263 -0.4476 0.8939
vn -0.0243 -0.3692 0.9290
vn 0.6142 -0.3983 -0.6813
vn 0.1474 0.7033 0.6955
vn 0.1449 0.7005 0.6988
vn 0.7768 -0.5384 -0.3267
vn -0.0962 0.9954 -0.0024
vn 0.0131 0.9999 0.0045
vn -0.3082 0.9513 -0.0097
vn -0.2652 0.9641 -0.0082
vn -0.2587 0.9647 0.0488
vn -0.3142 0.9196 0.2358
vn 0.3279 0.9257 0.1887
vn 0.4771 0.8260 0.3002
vn -0.1264 0.9611 0.2457
vn 0.0760 0.9657 0.2481
vn -0.3438 0.8675 0.3596
vn 0.9960 0.0720 -0.0526
vn 0.9773 0.1928 -0.0883
vn 0.9978 -0.0668 -0.0049
vn 0.9906 -0.1220 -0.0620
vn 0.9836 -0.1609 -0.0811
vn 0.8866 -0.3734 0.2729
vn 0.8503 0.3039 -0.4296
vn 0.8495 0.3011 -0.4333
vn 0.4751 -0.5712 -0.6693
vn 0.6193 -0.4772 -0.6235
vn 0.2496 0.6668 -0.7022
vn 0.2759 0.6859 -0.6734
vn -0.9770 0.1783 -0.1173
vn -0.9984 0.0335 -0.0445
vn -0.9167 0.3513 -0.1904
vn -0.2116 -0.9773 0.0070
vn -0.2762 -0.9605 0.0349
vn -0.1282 -0.9917 0.0005
vn -0.4081 0.8875 0.2138
vn 0.1297 -0.9911 0.0298
vn 0.0136 -0.9999 0.0031
vn 0.4444 -0.8906 0.0963
vn 0.6795 0.6001 0.4221
vn 0.5602 0.5665 0.6044
vn 0.7439 0.5991 0.2962
vn 0.0002 0.9974 0.0718
vn 0.2583 0.9566 0.1351
vn 0.1134 0.9926 0.0429
vn 0.1267 0.9887 0.0801
vn 0.1507 0.9808 0.1234
vn 0.6358 0.7527 0.1711
vn -0.3344 0.9123 0.2365
vn -0.3188 0.9188 0.2327
vn 0.7434 -0.6518 0.1502
vn -0.1619 0.7095 0.6858
vn -0.3179 0.6786 0.6622
vn -0.4359 0.6758 0.5944
vn -0.7325 0.6793 -0.0450
vn -0.6772 0.7357 -0.0103
vn -0.0963 0.9954 -0.0012
vn 0.0316 -0.5590 0.8285
vn 0.0327 -0.6761 0.7361
vn 0.0223 -0.4881 0.8725
vn -0.0488 -0.8952 0.4429
vn -0.0156 -0.4754 0.8797
vn -0.0166 -0.3974 0.9175
vn -0.2893 0.9521 0.0989
vn -0.2884 -0.9546 0.0744
vn -0.2287 -0.9692 0.0913
vn -0.1485 -0.9742 0.1702
vn -0.1396 0.9902 -0.0054
vn -0.2606 0.9360 0.2366
vn 0.9081 -0.0027 -0.4187
vn 0.9854 -0.0667 -0.1565
vn 0.9924 0.0584 -0.1082
vn 0.9573 0.0904 -0.2746
vn 0.9870 -0.0860 -0.1357
vn 0.9914 0.0739 -0.1076
vn 0.9754 0.1995 -0.0941
vn 0.9835 0.1617 -0.0811
vn 0.9681 0.1707 -0.1835
vn -0.0886 0.9926 -0.0835
vn -0.0109 0.9616 -0.2741
vn 0.0286 0.9650 -0.2606
vn 0.0203 0.9775 -0.2100
vn 0.0107 0.9690 -0.2468
vn 0.0230 0.9681 -0.2495
vn 0.0252 0.9674 -0.2521
vn 0.0300 0.9642 -0.2635
vn 0.0238 0.9616 -0.2735
vn 0.0283 0.9662 -0.2561
vn 0.0298 0.9756 -0.2177
vn 0.0206 -0.4612 -0.8871
vn 0.0434 -0.4632 -0.8852
vn 0.0990 -0.4574 -0.8837
vn 0.0881 -0.4670 -0.8799
vn 0.0789 -0.5765 -0.8133
vn 0.1416 -0.5743 -0.8063
vn 0.3961 -0.5508 -0.7347
vn 0.3439 -0.4565 -0.8205
vn 0.3250 -0.4603 -0.8261
vn -0.0449 0.9983 -0.0368
vn -0.0378 0.9979 0.0524
vn -0.0382 0.9917 0.1230
vn -0.0466 0.9988 -0.0146
vn -0.0135 0.9474 0.3199
vn -0.0111 0.8867 0.4623
vn -0.0455 0.7769 0.6280
vn -0.0783 0.9726 0.2191
vn -0.0891 0.9960 -0.0010
vn -0.2005 0.9318 -0.3025
vn -0.1566 0.8798 -0.4489
vn -0.1074 0.9385 -0.3281
vn -0.1506 0.9647 -0.2161
vn -0.1697 0.8329 -0.5267
vn -0.1059 0.9174 -0.3837
vn -0.0728 0.9734 -0.2174
vn -0.0821 0.9847 -0.1536
vn -0.1425 0.9832 -0.1139
vn -0.3091 -0.9128 -0.2671
vn -0.3399 -0.8585 -0.3840
vn -0.2027 -0.8890 -0.4106
vn -0.2099 -0.9427 -0.2592
vn -0.3924 -0.7373 -0.5499
vn -0.2311 -0.7921 -0.5650
vn -0.0964 -0.7068 -0.7008
vn -0.1136 -0.8405 -0.5298
vn -0.1260 -0.9261 -0.3557
vn 0.0437 0.0451 -0.9980
vn 0.0193 0.0437 -0.9989
vn 0.0247 0.2442 -0.9694
vn 0.0503 0.2434 -0.9686
vn -0.1529 0.0403 -0.9874
vn -0.1543 0.2458 -0.9570
vn -0.1577 0.5173 -0.8411
vn 0.0312 0.5244 -0.8509
vn 0.0586 0.5248 -0.8492
vn -0.1621 0.0679 -0.9844
vn -0.1064 0.0567 -0.9927
vn -0.0822 0.2925 -0.9527
vn -0.1485 0.3125 -0.9382
vn -0.0425 0.0492 -0.9979
vn -0.0295 0.2664 -0.9634
vn -0.0071 0.5593 -0.8290
vn -0.0296 0.6103 -0.7916
vn -0.0222 0.6884 -0.7250
vn 0.0434 0.9264 -0.3740
vn 0.0472 0.8727 -0.4860
vn 0.0087 0.8288 -0.5595
vn 0.0220 0.9234 -0.3832
vn 0.0143 0.8060 -0.5918
vn 0.0257 0.9186 -0.3944
vn 0.9782 -0.1100 -0.1761
vn 0.9835 0.0881 -0.1583
vn 0.9677 -0.1420 -0.2084
vn 0.9718 0.0823 -0.2208
vn 0.9446 0.2354 -0.2290
vn 0.9609 0.2318 -0.1518
vn 0.9568 -0.1661 -0.2387
vn 0.9564 0.0642 -0.2849
vn 0.9420 -0.1794 -0.2836
vn 0.9377 0.0473 -0.3441
vn 0.9033 0.2067 -0.3760
vn 0.9247 0.2225 -0.3090
vn 0.9193 -0.1871 -0.3463
vn 0.9132 0.0345 -0.4060
vn 0.8867 -0.1932 -0.4200
vn 0.8771 0.0258 -0.4795
vn 0.8429 0.1768 -0.5083
vn 0.8795 0.1898 -0.4363
vn 0.8522 -0.1908 -0.4871
vn 0.8230 0.0543 -0.5655
vn 0.8261 -0.1638 -0.5391
vn 0.7501 0.1545 -0.6431
vn 0.6199 0.3966 -0.6770
vn 0.7681 0.2219 -0.6007
vn -0.1619 0.9352 -0.3150
vn -0.1432 0.9588 -0.2455
vn -0.0957 0.9807 -0.1706
vn -0.1074 0.9587 -0.2635
vn -0.1082 0.9708 -0.2143
vn -0.0728 0.9899 -0.1219
vn -0.0543 0.9963 -0.0668
vn -0.0580 0.9944 -0.0885
vn -0.0272 0.9709 -0.2379
vn 0.0051 0.9616 -0.2743
vn 0.0148 0.9706 -0.2402
vn -0.0114 0.9847 -0.1740
vn 0.0101 0.9782 -0.2075
vn -0.0127 0.9937 -0.1114
vn -0.0174 0.9451 -0.3262
vn -0.0040 0.9617 -0.2742
vn 0.0101 0.9644 -0.2643
vn -0.0145 0.9498 -0.3127
vn 0.0092 0.9663 -0.2572
vn 0.0222 0.9716 -0.2356
vn 0.0088 0.9575 -0.2883
vn -0.0107 0.9494 -0.3138
vn 0.1087 -0.7965 -0.5947
vn 0.1724 -0.7929 -0.5845
vn 0.1068 -0.9042 -0.4136
vn 0.1646 -0.9022 -0.3986
vn 0.4046 -0.8928 -0.1978
vn 0.3953 -0.7366 -0.5488
vn 0.1429 -0.9331 0.3301
vn 0.1290 -0.9097 0.3947
vn 0.2751 -0.9153 0.2943
vn 0.2516 -0.9477 0.1964
vn 0.1222 -0.9338 0.3363
vn 0.3306 -0.9013 0.2800
vn 0.5559 -0.8217 0.1256
vn 0.4758 -0.8731 0.1063
vn 0.0780 -0.9715 0.2236
vn 0.3434 -0.9280 0.1447
vn 0.1825 -0.9716 0.1505
vn 0.3567 -0.9310 0.0778
vn 0.5851 -0.8074 -0.0755
vn 0.5874 -0.8093 0.0062
vn 0.0991 -0.9774 0.1867
vn 0.3440 -0.9378 0.0474
vn 0.1343 -0.9750 0.1772
vn 0.3078 -0.9447 0.1132
vn 0.5718 -0.8175 -0.0687
vn 0.5783 -0.8098 -0.0988
vn -0.4148 -0.4464 -0.7929
vn -0.4084 -0.4485 -0.7950
vn -0.2008 -0.5847 -0.7860
vn -0.2233 -0.5967 -0.7708
vn -0.5079 -0.4310 -0.7459
vn -0.2869 -0.6137 -0.7355
vn -0.1509 -0.7441 -0.6508
vn -0.0792 -0.6481 -0.7574
vn -0.6637 -0.3553 -0.6582
vn -0.5113 -0.5922 -0.6227
vn -0.8016 -0.2227 -0.5548
vn -0.7895 -0.4121 -0.4549
vn -0.8258 -0.4990 -0.2629
vn -0.3784 -0.8262 -0.4174
vn -0.6761 -0.2474 -0.6940
vn -0.6720 -0.2914 -0.6808
vn -0.6877 -0.3804 -0.6183
vn -0.7233 -0.2531 -0.6425
vn -0.5967 -0.4943 -0.6322
vn -0.5702 -0.6674 -0.4790
vn -0.5781 -0.7993 -0.1644
vn -0.7274 -0.4658 -0.5040
vn -0.7921 -0.2266 -0.5668
vn -0.1305 -0.2781 -0.9516
vn -0.2403 -0.2577 -0.9359
vn -0.3388 -0.3833 -0.8593
vn -0.1956 -0.4543 -0.8691
vn -0.8921 0.4331 -0.1287
vn -0.8509 0.4971 -0.1698
vn -0.8167 0.5417 -0.1991
vn -0.1236 0.9322 0.3401
vn -0.1331 0.9911 0.0025
vn -0.0587 0.6544 0.7539
vn -0.2895 -0.9555 -0.0568
vn -0.2960 -0.9437 -0.1475
vn -0.2097 -0.9691 -0.1295
vn -0.2129 -0.9767 -0.0289
vn -0.1215 -0.9757 -0.1823
vn -0.1251 -0.9916 -0.0343
vn -0.3534 0.8244 -0.4422
vn -0.3169 0.7514 -0.5788
vn -0.3299 0.7723 -0.5429
vn -0.3664 0.8353 -0.4099
vn -0.2829 0.6959 -0.6601
vn -0.2939 0.7243 -0.6238
vn -0.2732 0.7669 -0.5807
vn -0.3058 0.8141 -0.4937
vn -0.3392 0.8674 -0.3642
vn -0.0455 0.9990 -0.0041
vn -0.0459 0.9986 -0.0256
vn -0.0475 0.9987 -0.0176
vn -0.0479 0.9988 -0.0026
vn -0.0882 0.9959 -0.0215
vn -0.0880 0.9961 -0.0038
vn 0.0153 -0.9714 -0.2368
vn 0.0202 -0.8888 -0.4578
vn 0.1170 -0.6923 -0.7120
vn 0.1387 -0.9364 -0.3224
vn 0.0113 -0.4946 -0.8691
vn 0.3592 -0.5739 -0.7360
vn 0.4295 -0.7638 -0.4818
vn 0.2025 0.1818 -0.9623
vn 0.1694 0.1630 -0.9720
vn 0.2911 0.1606 -0.9431
vn 0.3434 0.2366 -0.9089
vn 0.7789 0.0492 -0.6252
vn 0.8504 0.1671 -0.4989
vn 0.8636 0.2330 -0.4472
vn 0.7672 0.3109 -0.5610
vn 0.7715 0.3262 -0.5463
vn -0.0461 -0.9806 -0.1907
vn -0.0455 -0.9983 -0.0373
vn -0.0543 -0.9168 -0.3957
vn -0.0092 -0.9264 -0.3763
vn -0.0082 -0.9837 -0.1794
vn -0.0065 -0.9994 -0.0348
vn 0.0046 -0.9818 -0.1901
vn 0.0006 -0.9992 -0.0397
vn 0.0171 -0.9152 -0.4026
vn 0.0297 -0.8727 -0.4873
vn 0.0089 -0.9671 -0.2544
vn 0.0010 -0.9984 -0.0561
vn 0.0011 -0.9957 -0.0922
vn 0.0091 -0.9200 -0.3917
vn 0.0082 -0.9026 -0.4304
vn 0.0011 -0.9946 -0.1042
vn 0.0285 -0.7697 -0.6378
vn 0.0249 -0.7345 -0.6781
vn 0.0195 -0.6995 -0.7144
vn 0.0065 -0.8867 -0.4623
vn 0.0009 -0.9934 -0.1145
vn 0.0054 -0.8669 -0.4984
vn 0.0008 -0.9919 -0.1274
vn 0.0162 -0.6603 -0.7508
vn 0.0146 -0.6152 -0.7883
vn 0.0077 -0.6706 -0.7418
vn 0.0013 -0.9526 -0.3043
vn 0.0007 -0.9894 -0.1449
vn 0.0013 -0.9386 -0.3449
vn 0.0006 -0.9861 -0.1663
vn 0.0137 -0.5672 -0.8235
vn 0.0067 -0.6187 -0.7856
vn 0.0135 -0.5229 -0.8523
vn 0.0064 -0.5682 -0.8229
vn 0.0014 -0.9233 -0.3841
vn 0.0007 -0.9820 -0.1890
vn 0.0015 -0.9076 -0.4199
vn 0.0007 -0.9777 -0.2102
vn 0.0137 -0.4860 -0.8738
vn 0.0065 -0.5254 -0.8508
vn 0.4829 0.8625 -0.1515
vn 0.5295 0.8433 -0.0924
vn 0.5320 0.8425 -0.0848
vn 0.4852 0.8614 -0.1503
vn 0.5273 0.8493 -0.0233
vn 0.5240 0.8515 -0.0206
vn -0.2269 0.9737 0.0190
vn -0.2352 0.9715 0.0283
vn -0.2792 0.9598 0.0286
vn -0.2744 0.9614 0.0202
vn -0.2264 0.9740 0.0031
vn -0.2743 0.9616 0.0082
vn 0.0799 0.9966 -0.0195
vn 0.0766 0.9969 -0.0201
vn 0.0991 0.9940 -0.0456
vn 0.1027 0.9937 -0.0457
vn 0.0714 0.9972 -0.0222
vn 0.0935 0.9945 -0.0482
vn 0.1061 0.9919 -0.0700
vn 0.1089 0.9914 -0.0726
vn 0.1122 0.9905 -0.0797
vn 0.1289 0.9868 -0.0978
vn 0.1327 0.9844 -0.1156
vn 0.1261 0.9884 -0.0842
vn 0.1780 0.9782 -0.1071
vn 0.1840 0.9746 -0.1276
vn 0.1888 0.9704 -0.1509
vn 0.5102 0.8315 -0.2198
vn 0.4960 0.8330 -0.2451
vn 0.5905 0.7339 -0.3358
vn 0.6153 0.7439 -0.2607
vn 0.4703 0.8424 -0.2632
vn 0.5532 0.7346 -0.3928
vn 0.4988 0.6881 -0.5270
vn 0.5454 0.7125 -0.4416
vn 0.5829 0.7454 -0.3233
vn -0.3129 0.8994 -0.3051
vn -0.2550 0.9159 -0.3100
vn -0.2505 0.9013 -0.3534
vn -0.3087 0.8853 -0.3478
vn -0.1235 0.9389 -0.3212
vn -0.1210 0.9230 -0.3653
vn -0.1140 0.8729 -0.4745
vn -0.2368 0.8544 -0.4625
vn -0.2934 0.8407 -0.4552
vn -0.2597 0.7450 -0.6144
vn -0.2763 0.7425 -0.6102
vn -0.3100 0.8338 -0.4567
vn -0.2289 0.6633 -0.7125
vn -0.2457 0.6672 -0.7032
vn -0.2528 0.6730 -0.6951
vn -0.2816 0.7422 -0.6081
vn -0.3148 0.8295 -0.4613
vn -0.4712 -0.8694 0.1486
vn -0.7055 -0.6465 0.2905
vn -0.6524 -0.6677 0.3584
vn -0.4219 -0.7885 0.4475
vn -0.5965 0.5617 -0.5733
vn -0.3798 0.6835 -0.6234
vn -0.3559 0.7251 -0.5896
vn -0.5430 0.6440 -0.5388
vn -0.3516 0.7724 -0.5290
vn -0.5251 0.7236 -0.4479
vn -0.5546 -0.6611 0.5054
vn -0.3168 -0.7541 0.5753
vn -0.2092 -0.9671 -0.1449
vn -0.0875 -0.8403 -0.5351
vn -0.2736 -0.9304 0.2438
vn -0.1315 -0.9406 0.3131
vn -0.0747 -0.9963 0.0427
vn -0.0121 -0.9012 -0.4333
vn 0.0186 -0.9921 0.1241
vn 0.0503 -0.9975 -0.0501
vn -0.0183 -0.9463 0.3228
vn 0.0318 -0.9547 0.2959
vn 0.0502 -0.9844 0.1689
vn 0.0721 -0.9973 0.0160
vn 0.0641 -0.9940 0.0882
vn 0.0467 -0.9747 0.2186
vn 0.0429 -0.9678 0.2482
vn 0.0659 -0.9916 0.1109
vn 0.0238 -0.9410 0.3376
vn 0.0185 -0.9520 0.3056
vn 0.0174 -0.9358 0.3520
vn 0.0413 -0.9652 0.2581
vn 0.0581 -0.9882 0.1415
vn 0.0316 -0.9559 0.2920
vn 0.0459 -0.9820 0.1835
vn 0.0119 -0.9458 0.3246
vn 0.0039 -0.9321 0.3623
vn 0.0212 -0.9476 0.3188
vn 0.0292 -0.9706 0.2390
vn 0.0060 -0.9331 0.3597
vn 0.0215 -0.9551 0.2956
vn 0.0034 -0.9417 0.3365
vn 0.0014 -0.9265 0.3762
vn 0.0206 -0.9239 0.3820
vn 0.0326 -0.9375 0.3465
vn 0.0445 -0.9127 0.4062
vn 0.0687 -0.9253 0.3730
vn 0.0299 -0.9452 0.3251
vn -0.0406 -0.6660 -0.7448
vn -0.0448 -0.6724 -0.7388
vn 0.0044 -0.6722 -0.7404
vn -0.0000 -0.6588 -0.7523
vn 0.0487 -0.6701 -0.7406
vn 0.0412 -0.6480 -0.7606
vn 0.0526 -0.7464 -0.6635
vn 0.0750 -0.7481 -0.6593
vn 0.0654 -0.6699 -0.7395
vn 0.0570 -0.6325 -0.7724
vn 0.0558 -0.6130 -0.7881
vn 0.0633 -0.6803 -0.7302
vn 0.0598 -0.6854 -0.7257
vn 0.0489 -0.6051 -0.7947
vn 0.0698 -0.7646 -0.6407
vn 0.0694 -0.7709 -0.6332
vn 0.0630 -0.7782 -0.6248
vn 0.0526 -0.6908 -0.7211
vn 0.0415 -0.5975 -0.8008
vn 0.0483 -0.6989 -0.7136
vn 0.0399 -0.5912 -0.8055
vn 0.0562 -0.7878 -0.6134
vn 0.0515 -0.8041 -0.5922
vn 0.0475 -0.7155 -0.6970
vn 0.0430 -0.5867 -0.8087
vn 0.0528 -0.7397 -0.6709
vn 0.0487 -0.5836 -0.8106
vn 0.0498 -0.8312 -0.5538
vn 0.0585 -0.8620 -0.5036
vn 0.0662 -0.7644 -0.6414
vn 0.0567 -0.5812 -0.8118
vn 0.0846 -0.7848 -0.6139
vn 0.0653 -0.5785 -0.8130
vn 0.0786 -0.8880 -0.4531
vn 0.1788 0.9112 -0.3711
vn 0.1515 0.8941 -0.4215
vn -0.0697 0.9495 -0.3061
vn -0.0502 0.9606 -0.2734
vn 0.0529 0.8836 -0.4652
vn -0.1311 0.9426 -0.3073
vn -0.3083 0.9462 -0.0983
vn -0.3098 0.9449 -0.1062
vn -0.3138 0.9420 -0.1193
vn 0.3253 -0.2864 -0.9012
vn 0.4692 -0.4689 -0.7483
vn 0.4804 -0.5277 -0.7005
vn 0.4087 -0.4143 -0.8132
vn 0.5898 -0.6317 0.5031
vn 0.6075 -0.5514 0.5718
vn 0.6564 -0.5071 0.5586
vn 0.6444 -0.5128 0.5672
vn 0.7856 -0.4314 0.4436
vn 0.8705 -0.3585 0.3373
vn 0.6879 -0.5481 -0.4758
vn 0.7254 -0.5211 -0.4497
vn -0.1638 0.9624 0.2168
vn -0.2258 0.8983 0.3768
vn -0.3435 0.9377 0.0515
vn -0.2401 0.9706 -0.0194
vn -0.2329 0.8848 0.4036
vn -0.3068 0.9462 0.1026
vn -0.3557 0.9205 -0.1618
vn -0.3809 0.9133 -0.1445
vn -0.2909 0.9402 -0.1772
vn -0.0131 0.9362 -0.3511
vn -0.0186 0.9562 -0.2920
vn -0.0126 0.9558 -0.2937
vn -0.0229 0.9354 -0.3528
vn -0.0211 0.9614 -0.2745
vn -0.0012 0.9620 -0.2731
vn -0.0211 0.9394 -0.3423
vn -0.0273 0.9296 -0.3675
vn 0.2720 0.8517 -0.4479
vn 0.2401 0.7614 -0.6022
vn 0.0574 0.7721 -0.6329
vn 0.0668 0.8777 -0.4746
vn 0.2060 0.6816 -0.7021
vn 0.0461 0.6794 -0.7323
vn -0.0892 0.6720 -0.7352
vn -0.1004 0.7657 -0.6353
vn 0.0085 0.9517 -0.3070
vn -0.0578 0.9956 -0.0734
vn -0.0762 0.9718 -0.2230
vn 0.0047 0.9463 -0.3234
vn -0.1271 0.9627 -0.2389
vn -0.0009 0.9382 -0.3462
vn 0.0108 0.9336 -0.3582
vn 0.1783 0.9280 -0.3272
vn 0.1795 0.9201 -0.3481
vn -0.0496 0.9622 -0.2678
vn -0.0493 0.9634 -0.2634
vn -0.3095 0.9392 -0.1486
vn -0.3053 0.9375 -0.1669
vn 0.0064 0.9661 -0.2582
vn 0.1063 0.9906 -0.0866
vn 0.0350 0.9987 0.0362
vn 0.0061 0.9697 -0.2443
vn 0.1981 0.9782 0.0630
vn 0.0766 0.8501 0.5211
vn 0.0090 0.8605 0.5093
vn 0.0105 0.9984 0.0550
vn 0.0059 0.9693 -0.2457
vn -0.0173 0.9997 -0.0194
vn 0.0105 0.9645 -0.2639
vn -0.0543 0.9063 0.4191
vn 0.0141 0.9557 -0.2940
vn 0.0184 0.9536 -0.3006
vn -0.8136 0.2696 -0.5152
vn -0.8018 0.4472 -0.3964
vn -0.7542 0.5387 -0.3754
vn -0.8253 0.2796 -0.4906
vn -0.6765 0.6530 -0.3405
vn -0.9419 -0.3328 -0.0449
vn -0.9623 -0.2715 -0.0134
vn -0.8763 -0.4675 -0.1166
vn -0.7886 -0.5760 -0.2153
vn -0.7468 -0.6096 -0.2657
vn 0.2000 0.9673 -0.1558
vn 0.1824 0.9467 -0.2655
vn -0.0469 0.9745 -0.2193
vn -0.0385 0.9916 -0.1231
vn -0.3035 0.9421 -0.1426
vn -0.3030 0.9506 -0.0666
vn 0.0081 0.9890 -0.1478
vn 0.0009 0.9715 -0.2369
vn 0.0070 0.9688 -0.2478
vn 0.0168 0.9858 -0.1670
vn 0.0148 0.9634 -0.2677
vn 0.0288 0.9796 -0.1990
vn 0.0246 0.9555 -0.2939
vn 0.0438 0.9706 -0.2366
vn 0.0315 0.9466 -0.3209
vn 0.0515 0.9614 -0.2705
vn 0.0542 0.9401 -0.3365
vn 0.0308 0.9298 -0.3669
vn 0.0264 0.9214 -0.3877
vn 0.0503 0.9272 -0.3711
vn 0.0191 0.9142 -0.4049
vn 0.0366 0.9147 -0.4024
vn -0.0513 0.9027 -0.4271
vn -0.0340 0.9179 -0.3953
vn -0.0379 0.9261 -0.3754
vn -0.0615 0.9148 -0.3992
vn -0.0314 0.9367 -0.3488
vn -0.0635 0.9321 -0.3566
vn 0.3384 0.9409 -0.0133
vn 0.2467 0.9673 -0.0591
vn -0.0149 0.9994 -0.0327
vn 0.3277 0.9447 -0.0155
vn -0.3000 0.9539 0.0054
vn -0.2638 0.9641 0.0304
vn -0.2942 0.9552 0.0318
vn 0.0409 0.9985 -0.0371
vn 0.0218 0.9974 -0.0686
vn 0.0362 0.9939 -0.1038
vn 0.0575 0.9958 -0.0713
vn 0.0409 0.9889 -0.1426
vn 0.0583 0.9880 -0.1431
vn 0.0603 0.9894 -0.1323
vn 0.0779 0.9905 -0.1135
vn 0.0916 0.9808 -0.1723
vn 0.1058 0.9824 -0.1542
vn 0.0778 0.9837 -0.1624
vn 0.0928 0.9766 -0.1940
vn 0.1118 0.9720 -0.2069
vn 0.1300 0.9734 -0.1886
vn 0.2177 0.9136 -0.3433
vn 0.1601 0.9292 -0.3331
vn 0.1772 0.8821 -0.4365
vn 0.2481 0.8423 -0.4785
vn 0.1171 0.9477 -0.2969
vn 0.1231 0.9193 -0.3737
vn 0.1080 0.8829 -0.4569
vn 0.1622 0.8237 -0.5434
vn 0.2264 0.7623 -0.6063
vn -0.0009 0.8976 -0.4408
vn -0.0077 0.9098 -0.4150
vn -0.0224 0.9081 -0.4181
vn -0.0168 0.8937 -0.4484
vn -0.0284 0.9068 -0.4207
vn -0.0287 0.8928 -0.4496
vn -0.1546 0.7058 -0.6914
vn -0.1266 0.7844 -0.6072
vn -0.1540 0.8230 -0.5467
vn -0.1797 0.7441 -0.6435
vn -0.0952 0.8508 -0.5168
vn -0.1213 0.8793 -0.4606
vn -0.1437 0.9086 -0.3922
vn -0.1833 0.8588 -0.4783
vn -0.2086 0.7767 -0.5944
vn 0.0561 0.8223 -0.5662
vn 0.1859 0.7575 -0.6258
vn 0.0717 0.8749 -0.4789
vn 0.0264 0.8933 -0.4487
vn 0.2798 0.8112 -0.5135
vn 0.1407 0.8543 -0.5004
vn 0.1320 0.8690 -0.4769
vn 0.0881 0.8899 -0.4476
vn 0.0465 0.9055 -0.4217
vn -0.1687 0.8993 -0.4034
vn -0.0718 0.7465 -0.6615
vn -0.0187 0.9159 -0.4010
vn -0.0492 0.9372 -0.3452
vn 0.0162 0.9152 -0.4028
vn -0.0021 0.9203 -0.3911
vn -0.0190 0.9589 -0.2831
vn -0.0832 0.9498 -0.3017
vn -0.0398 0.9500 -0.3096
vn -0.0270 0.9525 -0.3034
vn -0.0313 0.9154 -0.4012
vn -0.0530 0.9137 -0.4030
vn -0.0324 -0.9785 0.2039
vn -0.0178 -0.9985 0.0512
vn -0.0175 -0.9985 0.0526
vn -0.0197 -0.9784 0.2056
vn -0.0002 -0.9689 -0.2475
vn -0.0213 -0.9732 -0.2288
vn -0.0618 -0.9589 -0.2768
vn 0.0054 -0.9992 0.0390
vn 0.0370 -0.9796 0.1975
vn -0.0368 -0.9341 0.3552
vn 0.0359 -0.9571 0.2874
vn -0.1364 -0.9024 0.4088
vn -0.1211 -0.8891 0.4415
vn -0.0824 -0.9127 0.4003
vn -0.0667 -0.9255 0.3727
vn -0.0352 -0.9402 0.3389
vn 0.0104 -0.9576 0.2879
vn 0.1954 0.9190 -0.3425
vn 0.0312 0.9383 -0.3444
vn 0.1578 0.9557 -0.2483
vn 0.0587 0.9711 -0.2313
vn -0.0918 0.9761 -0.1970
vn -0.2036 0.9688 -0.1417
vn -0.2784 0.9545 -0.1068
vn -0.3015 0.9486 -0.0962
vn -0.0162 0.9024 -0.4306
vn 0.2292 0.7994 -0.5554
vn 0.1692 0.8398 -0.5158
vn 0.0580 0.9740 -0.2188
vn 0.0656 0.9625 -0.2634
vn 0.0581 0.9212 -0.3847
vn 0.0651 0.9512 -0.3016
vn 0.0384 0.9573 -0.2865
vn 0.0137 0.9313 -0.3639
vn -0.0989 0.7969 -0.5959
vn -0.0597 0.7494 -0.6594
vn 0.1492 -0.9886 -0.0183
vn 0.0814 -0.9832 0.1632
vn 0.0231 -0.9786 0.2043
vn 0.0746 -0.9959 0.0502
vn 0.0219 -0.9553 0.2947
vn 0.0383 -0.9776 0.2068
vn 0.0084 -0.9998 -0.0194
vn -0.0205 -0.9919 0.1255
vn -0.0643 -0.9894 0.1298
vn 0.0257 -0.9930 0.1149
vn 0.0189 -0.9930 -0.1167
vn 0.0247 -0.9990 0.0363
vn 0.0182 -0.9998 -0.0045
vn 0.0272 -0.9984 0.0505
vn 0.0662 -0.9978 -0.0006
vn 0.6704 0.1621 -0.7240
vn 0.4562 0.4895 -0.7432
vn 0.4209 0.5530 -0.7190
vn 0.6993 0.1008 -0.7077
vn 0.3309 0.6121 -0.7183
vn 0.3068 0.6604 -0.6854
vn 0.3406 0.6855 -0.6435
vn 0.2224 0.6962 -0.6826
vn 0.2148 0.7236 -0.6559
vn 0.1227 0.7543 -0.6449
vn 0.1248 0.7713 -0.6242
vn 0.0515 0.7838 -0.6189
vn 0.0550 0.8007 -0.5966
vn 0.0105 0.7948 -0.6068
vn 0.0143 0.8125 -0.5828
vn -0.0554 0.8245 -0.5632
vn -0.0442 0.8149 -0.5780
vn -0.0954 0.8635 -0.4953
vn -0.1027 0.8191 -0.5644
vn 0.4524 0.8918 -0.0034
vn 0.4434 0.8963 -0.0033
vn -0.2492 0.9679 0.0314
vn -0.2865 0.9575 0.0323
vn 0.0600 0.9978 -0.0284
vn 0.0829 0.9944 -0.0658
vn 0.0932 0.9901 -0.1049
vn 0.1061 0.9892 -0.1014
vn 0.1022 0.9911 -0.0852
vn 0.1242 0.9882 -0.0892
vn 0.1231 0.9868 -0.1049
vn 0.1584 0.9799 -0.1213
vn 0.1693 0.9798 -0.1061
vn 0.4263 0.8605 -0.2788
vn 0.4998 0.7530 -0.4279
vn 0.3628 0.8814 -0.3025
vn 0.4233 0.7779 -0.4645
vn 0.3763 0.6966 -0.6109
vn 0.4461 0.6889 -0.5714
vn 0.0890 0.6561 -0.7494
vn 0.0619 0.7268 -0.6841
vn 0.0013 0.7098 -0.7044
vn 0.0075 0.6398 -0.7685
vn 0.0352 0.8138 -0.5801
vn -0.0050 0.7997 -0.6004
vn -0.0390 0.8041 -0.5932
vn -0.0518 0.7174 -0.6947
vn -0.0644 0.6453 -0.7612
vn -0.2127 0.6356 -0.7421
vn -0.2302 0.6457 -0.7281
vn -0.1955 0.6272 -0.7539
vn -0.2145 0.6467 -0.7320
vn -0.2284 0.6663 -0.7098
vn -0.2395 0.6572 -0.7146
vn -0.0561 -0.8055 -0.5899
vn -0.0048 -0.8098 -0.5867
vn 0.0346 -0.7964 -0.6038
vn 0.0510 -0.7573 -0.6511
vn 0.0489 -0.6851 -0.7268
vn 0.0423 -0.6583 -0.7515
vn 0.0342 -0.6317 -0.7745
vn 0.0303 -0.6041 -0.7963
vn 0.0301 -0.5739 -0.8184
vn 0.0315 -0.5421 -0.8397
vn 0.0337 -0.5116 -0.8586
vn 0.0362 -0.4843 -0.8741
vn -0.3243 0.5026 -0.8014
vn -0.3076 0.7459 -0.5908
vn -0.1475 0.7675 -0.6238
vn -0.3024 -0.5213 0.7980
vn -0.2278 -0.5385 0.8112
vn -0.2159 -0.7698 0.6006
vn -0.2893 -0.7511 0.5934
vn -0.1975 -0.8936 0.4031
vn -0.2670 -0.8786 0.3960
vn -0.2812 0.8710 -0.4029
vn -0.1323 0.8987 -0.4181
vn 0.0668 0.9844 -0.1629
vn 0.0425 0.9858 -0.1622
vn 0.0415 0.9969 0.0670
vn 0.0679 0.9956 0.0644
vn -0.1280 0.9779 -0.1651
vn -0.1414 0.9878 0.0650
vn -0.1588 0.9121 0.3779
vn 0.0376 0.9219 0.3856
vn 0.0663 0.9211 0.3836
vn 0.0318 -0.2745 0.9610
vn 0.0012 -0.2753 0.9614
vn -0.0048 -0.4871 0.8733
vn 0.0257 -0.4850 0.8742
vn -0.2092 -0.2719 0.9393
vn -0.2127 -0.4792 0.8516
vn -0.2066 -0.7482 0.6304
vn -0.0139 -0.7627 0.6466
vn 0.0143 -0.7594 0.6505
vn -0.0013 -0.9723 0.2338
vn -0.0247 -0.9711 0.2376
vn -0.0221 -0.9956 0.0910
vn 0.0033 -0.9962 0.0868
vn -0.1913 -0.9545 0.2288
vn -0.1998 -0.9765 0.0809
vn -0.2136 -0.9419 -0.2592
vn -0.0167 -0.9667 -0.2555
vn 0.0122 -0.9663 -0.2572
vn -0.0207 -0.9095 0.4152
vn 0.0039 -0.9066 0.4220
vn -0.1932 -0.8956 0.4007
vn -0.1897 -0.9279 0.3209
vn -0.0240 -0.9416 0.3357
vn -0.0007 -0.9398 0.3416
vn -0.0258 -0.9480 0.3172
vn -0.0026 -0.9472 0.3206
vn -0.1906 -0.9334 0.3040
vn -0.1910 -0.9409 0.2797
vn -0.0265 -0.9562 0.2914
vn -0.0034 -0.9563 0.2925
vn -0.0261 -0.9638 0.2655
vn -0.0030 -0.9644 0.2643
vn -0.1912 -0.9478 0.2553
vn 0.0374 0.7817 -0.6226
vn 0.0641 0.7828 -0.6190
vn 0.0408 0.9100 -0.4126
vn 0.0656 0.9099 -0.4095
vn -0.2259 0.2736 0.9349
vn -0.1468 0.2870 0.9466
vn -0.1475 0.1721 0.9740
vn -0.2178 0.1584 0.9631
vn -0.2591 0.2854 0.9227
vn -0.2634 0.1636 0.9507
vn -0.2747 -0.0454 0.9604
vn -0.1516 -0.0316 0.9879
vn -0.2156 -0.0298 0.9760
vn -0.1904 -0.2399 -0.9519
vn -0.3589 -0.2298 -0.9046
vn -0.3253 -0.1148 -0.9386
vn -0.1685 -0.1122 -0.9793
vn -0.3072 0.2618 0.9149
vn -0.2916 0.1445 0.9456
vn -0.2848 -0.0345 0.9580
vn -0.3032 0.0350 -0.9523
vn 0.1951 -0.8837 -0.4255
vn 0.0417 -0.9960 -0.0794
vn 0.0004 -0.9934 -0.1151
vn 0.1028 -0.9113 -0.3986
vn -0.0087 -0.9953 0.0967
vn -0.0606 -0.9947 -0.0828
vn -0.0806 -0.9082 -0.4107
vn -0.0690 0.4213 -0.9043
vn -0.0509 0.6816 -0.7299
vn 0.0148 0.6279 -0.7781
vn 0.0027 0.7820 -0.6233
vn 0.0675 0.6590 -0.7491
vn 0.2376 0.3528 -0.9050
vn 0.1355 0.3832 -0.9137
vn -0.1053 0.9466 -0.3048
vn -0.1188 0.9436 -0.3090
vn -0.2471 0.9008 -0.3572
vn -0.1180 0.9462 -0.3014
vn 0.0175 -0.9998 -0.0064
vn 0.0681 -0.9901 0.1226
vn -0.0458 -0.9676 -0.2482
vn -0.0454 -0.8837 0.4659
vn -0.0814 -0.8960 0.4366
vn -0.1336 -0.8609 0.4909
vn -0.0370 -0.9254 0.3771
vn -0.0592 -0.9246 0.3763
vn -0.0373 -0.9398 0.3397
vn -0.0481 -0.9397 0.3387
vn -0.0374 -0.9524 0.3024
vn -0.0340 -0.9532 0.3003
vn -0.0368 -0.9649 0.2600
vn -0.0241 -0.9647 0.2621
vn 0.0337 -0.9690 0.2449
vn 0.0265 0.9650 -0.2608
vn 0.0429 0.9734 -0.2250
vn 0.0401 0.9826 -0.1812
vn 0.1781 0.6488 -0.7398
vn 0.0355 0.6409 -0.7668
vn 0.1470 0.6249 -0.7667
vn 0.0242 0.6133 -0.7895
vn -0.0806 0.6095 -0.7887
vn -0.0852 0.6342 -0.7684
vn -0.0195 0.9602 -0.2785
vn 0.0066 0.9610 -0.2766
vn 0.0052 0.9575 -0.2882
vn -0.2812 0.9180 -0.2797
vn -0.1188 0.9536 -0.2766
vn 0.0007 0.6908 0.7230
vn -0.0722 0.7648 0.6402
vn -0.0119 0.7381 0.6746
vn -0.1159 0.8244 0.5541
vn 0.8924 -0.2820 -0.3522
vn 0.8978 -0.2775 -0.3419
vn 0.6473 -0.4063 -0.6449
vn 0.7105 -0.3834 -0.5900
vn 0.5256 -0.8501 -0.0324
vn 0.4392 -0.8974 0.0418
vn 0.4855 -0.7899 0.3747
vn 0.5615 -0.8104 0.1670
vn 0.2589 -0.9613 0.0946
vn 0.5679 -0.8148 -0.1163
vn 0.3577 -0.9216 -0.1510
vn 0.3525 -0.9351 0.0365
vn 0.0307 0.9586 -0.2831
vn 0.0304 0.9603 -0.2774
vn 0.0305 0.9833 -0.1796
vn 0.0312 0.9819 -0.1866
vn 0.7875 -0.0688 -0.6124
vn 0.8090 -0.2468 -0.5335
vn 0.7860 -0.2258 -0.5755
vn 0.8265 -0.2993 -0.4768
vn 0.8147 -0.4069 -0.4131
vn 0.7970 -0.3906 -0.4607
vn 0.7078 -0.4935 -0.5054
vn 0.0223 0.9887 -0.1483
vn 0.0058 0.9938 -0.1107
vn 0.7754 -0.0147 -0.6313
vn 0.4766 0.5689 -0.6702
vn 0.4906 0.5505 -0.6755
vn -0.2703 0.9186 -0.2884
vn -0.1255 0.9479 -0.2927
vn -0.1894 -0.9414 0.2792
vn -0.2568 -0.9277 0.2711
vn -0.1902 -0.9701 0.1507
vn -0.2588 -0.9557 0.1404
vn -0.2756 0.9464 -0.1687
vn -0.1236 -0.9504 0.2855
vn -0.1238 -0.9796 0.1586
vn -0.1300 -0.9010 0.4138
vn -0.1783 -0.8954 0.4080
vn -0.2246 -0.9239 0.3099
vn -0.2190 -0.9609 0.1697
vn -0.0059 -0.9691 -0.2465
vn 0.0222 -0.9705 -0.2402
vn -0.1003 -0.9275 -0.3601
vn -0.3708 -0.9115 0.1780
vn -0.0402 -0.9920 -0.1194
vn 0.0123 -0.9894 -0.1445
vn 0.6353 -0.6750 -0.3752
vn 0.6906 -0.5560 -0.4626
vn 0.7563 -0.5584 -0.3409
vn 0.7556 -0.5910 -0.2827
vn -0.3002 0.9526 0.0487
vn -0.1987 -0.9768 -0.0798
vn -0.2720 -0.9580 -0.0905
vn -0.2051 -0.8977 -0.3901
vn -0.2824 -0.8765 -0.3898
vn -0.3298 0.8759 0.3522
vn -0.3440 0.6899 0.6370
vn -0.1697 0.7227 0.6700
vn -0.2008 -0.7086 -0.6764
vn -0.2792 -0.6936 -0.6640
vn -0.1893 -0.4793 -0.8570
vn -0.2667 -0.4711 -0.8408
vn -0.3431 0.4669 0.8151
vn -0.1737 0.4890 0.8548
vn -0.3329 -0.9177 0.2171
vn -0.3506 -0.9320 0.0918
vn -0.2252 0.9424 -0.2473
vn -0.1556 0.9563 -0.2476
vn -0.1734 0.9789 -0.1083
vn -0.2477 0.9635 -0.1012
vn -0.2088 0.9497 0.2332
vn -0.2901 0.9281 0.2333
vn -0.3864 -0.8929 -0.2311
vn -0.1146 -0.4853 -0.8668
vn -0.1109 -0.3154 -0.9425
vn -0.1833 -0.3111 -0.9325
vn -0.2395 -0.4659 -0.8518
vn -0.2416 -0.3067 -0.9206
vn -0.2408 -0.1673 -0.9561
vn -0.1115 -0.1647 -0.9800
vn -0.1862 -0.1613 -0.9692
vn -0.3739 -0.7242 0.5794
vn -0.3401 -0.8649 0.3692
vn -0.2619 0.7270 -0.6347
vn -0.1828 0.7531 -0.6320
vn -0.1605 0.8992 -0.4071
vn -0.2324 0.8821 -0.4098
vn -0.1531 0.9305 -0.3329
vn -0.2223 0.9173 -0.3304
vn -0.3307 -0.8943 0.3015
vn -0.3966 -0.7278 -0.5595
vn -0.2159 -0.7770 -0.5913
vn -0.2286 0.7827 0.5789
vn -0.3129 0.7661 0.5613
vn -0.2334 0.5736 0.7852
vn -0.3182 0.5651 0.7612
vn -0.3907 -0.5331 -0.7505
vn -0.2110 -0.5748 -0.7906
vn -0.3310 -0.8993 0.2860
vn -0.1520 0.9359 -0.3176
vn -0.2215 0.9226 -0.3158
vn -0.1521 0.9433 -0.2949
vn -0.2217 0.9298 -0.2939
vn -0.3313 -0.9060 0.2636
vn -0.3316 -0.9122 0.2407
vn -0.1530 0.9500 -0.2720
vn -0.2225 0.9363 -0.2716
vn 0.0305 0.7289 0.6840
vn 0.0598 0.7277 0.6832
vn 0.0227 0.4921 0.8702
vn 0.0512 0.4911 0.8696
vn -0.0778 -0.0624 -0.9950
vn -0.1086 -0.0539 -0.9926
vn -0.1337 -0.1031 -0.9856
vn -0.0840 -0.1046 -0.9910
vn -0.6217 -0.0252 -0.7828
vn -0.6157 -0.0155 -0.7878
vn -0.7320 -0.0648 -0.6782
vn -0.7248 -0.0639 -0.6860
vn -0.8127 -0.0747 -0.5778
vn -0.3114 0.2385 -0.9199
vn -0.2226 -0.2731 0.9359
vn -0.2942 -0.2642 0.9185
vn -0.3804 -0.3583 -0.8526
vn -0.2039 -0.3866 -0.8994
vn -0.2320 0.3915 0.8905
vn -0.3166 0.3852 0.8669
vn -0.3878 -0.2560 0.8855
vn -0.3928 -0.4552 0.7990
vn -0.2787 0.2615 -0.9241
vn -0.1953 0.2679 -0.9435
vn -0.1964 0.4769 -0.8568
vn -0.2790 0.4617 -0.8420
vn -0.3009 -0.2967 -0.9063
vn -0.2786 -0.3209 -0.9052
vn -0.2426 0.2000 -0.9493
vn -0.2957 -0.0787 -0.9520
vn -0.1982 -0.3479 -0.9164
vn -0.2078 -0.0835 -0.9746
vn -0.2307 0.4188 -0.8783
vn -0.2326 0.0986 -0.9676
vn -0.2478 0.3997 -0.8825
vn -0.2124 0.1280 -0.9688
vn -0.1354 0.8169 -0.5607
vn -0.3261 0.5393 -0.7764
vn -0.6222 -0.1486 -0.7686
vn -0.4217 -0.0255 -0.9064
vn -0.3478 -0.1135 -0.9307
vn -0.2192 0.1234 -0.9678
vn -0.0599 -0.9982 0.0003
vn -0.0992 -0.9895 0.1053
vn -0.0335 -0.9870 -0.1571
vn -0.2167 -0.6182 -0.7555
vn -0.2008 -0.6387 -0.7428
vn -0.2076 -0.7287 -0.6527
vn -0.2473 -0.6593 -0.7100
vn -0.2230 -0.6229 -0.7499
vn -0.3132 -0.6095 -0.7283
vn -0.6826 -0.4152 -0.6014
vn -0.4700 -0.5757 -0.6691
vn -0.2802 -0.4922 -0.8241
vn -0.2466 -0.4133 -0.8766
vn -0.2626 -0.2851 -0.9218
vn -0.2739 -0.2735 -0.9220
vn -0.3039 -0.4345 -0.8479
vn 0.0754 -0.9647 -0.2525
vn 0.1515 -0.9507 -0.2707
vn 0.0519 -0.9872 -0.1505
vn 0.1124 -0.9790 -0.1701
vn 0.2742 0.7161 -0.6419
vn 0.1767 0.7827 -0.5969
vn 0.2354 0.7447 -0.6246
vn 0.1414 0.7985 -0.5852
vn 0.0635 0.8367 -0.5439
vn 0.0926 0.8243 -0.5585
vn 0.2362 -0.9289 -0.2854
vn 0.3387 -0.8690 -0.3606
vn 0.2821 -0.8447 -0.4549
vn 0.3911 -0.7696 -0.5047
vn -0.2850 -0.9117 0.2958
vn -0.0477 -0.9785 0.2006
vn -0.2419 -0.9456 0.2177
vn -0.0074 -0.9843 0.1763
vn 0.5001 -0.7413 -0.4476
vn 0.5320 -0.6234 -0.5730
vn 0.5870 0.3347 -0.7372
vn 0.3879 0.6145 -0.6869
vn 0.5663 0.3070 -0.7649
vn 0.3387 0.6611 -0.6695
vn 0.7992 -0.4074 -0.4419
vn 0.6659 -0.5102 -0.5442
vn 0.5935 -0.4005 -0.6981
vn 0.6448 -0.3846 -0.6605
vn 0.5818 -0.3532 -0.7326
vn 0.7953 -0.1672 -0.5827
vn 0.4707 -0.1840 -0.8629
vn 0.3025 -0.2136 -0.9289
vn 0.0041 -0.9849 0.1733
vn -0.0022 -0.9700 0.2433
vn 0.0184 -0.9859 0.1662
vn 0.7427 -0.6174 -0.2591
vn 0.7501 -0.6250 -0.2161
vn 0.8146 -0.4479 -0.3686
vn 0.8330 -0.4573 -0.3115
vn 0.0503 0.0871 -0.9949
vn 0.0508 0.0961 -0.9941
vn 0.7122 0.0094 -0.7019
vn 0.6960 -0.0151 -0.7178
vn -0.0913 -0.1845 -0.9786
vn -0.3224 -0.1486 -0.9349
vn -0.3550 -0.0723 -0.9321
vn -0.0773 -0.0736 -0.9943
vn -0.5614 -0.1381 -0.8159
vn -0.5789 -0.0770 -0.8118
vn -0.4246 -0.3492 -0.8353
vn -0.5697 -0.3904 -0.7232
vn -0.6228 -0.2496 -0.7415
vn -0.4913 -0.2580 -0.8319
vn -0.6188 -0.2406 -0.7478
vn -0.5327 -0.2677 -0.8028
vn 0.0150 0.8329 0.5533
vn 0.0180 0.7153 0.6986
vn 0.0273 0.7421 0.6697
vn 0.0253 0.6294 0.7767
vn 0.0147 0.6161 0.7875
vn -0.0234 0.6021 0.7981
vn -0.7155 -0.6495 0.2573
vn -0.5561 -0.8026 0.2158
vn -0.4453 -0.8843 0.1402
vn -0.5644 -0.7864 0.2509
vn -0.4167 -0.9083 -0.0378
vn -0.3316 -0.9391 0.0897
vn 0.0418 0.1640 0.9856
vn 0.0455 0.3180 0.9470
vn 0.0173 0.3184 0.9478
vn 0.0130 0.1639 0.9864
vn -0.1776 0.3155 0.9322
vn -0.1862 0.1607 0.9693
vn -0.1688 -0.3437 -0.9238
vn -0.1401 -0.4561 -0.8788
vn -0.2007 -0.4745 -0.8571
vn -0.2512 -0.3411 -0.9058
vn -0.1355 -0.4700 -0.8722
vn -0.1904 -0.4977 -0.8462
vn -0.3244 -0.5599 -0.7624
vn -0.3423 -0.5250 -0.7793
vn 0.0422 0.9567 -0.2878
vn 0.0661 0.9558 -0.2865
vn -0.0325 0.5556 0.8308
vn -0.0332 0.6321 0.7742
vn -0.1225 -0.4263 -0.8962
vn -0.0818 -0.3238 -0.9426
vn -0.0607 -0.2984 -0.9525
vn -0.0920 -0.3771 -0.9216
vn -0.0568 -0.2578 -0.9645
vn -0.0530 -0.1708 -0.9839
vn -0.0523 -0.1305 -0.9901
vn -0.0563 -0.2341 -0.9706
vn -0.0484 -0.1359 -0.9895
vn -0.0475 -0.0902 -0.9948
vn 0.7661 -0.6266 -0.1426
vn 0.7616 -0.6447 -0.0661
vn 0.8592 -0.4506 -0.2425
vn 0.8762 -0.4450 -0.1853
vn 0.8405 -0.3283 -0.4310
vn 0.8683 -0.3309 -0.3696
vn 0.7339 -0.6743 -0.0824
vn 0.7226 -0.6484 -0.2396
vn 0.8840 -0.4327 -0.1771
vn 0.8960 -0.3834 -0.2241
vn 0.8983 -0.3224 -0.2984
vn 0.9195 -0.3115 -0.2397
vn 0.7545 -0.5219 -0.3979
vn 0.5468 -0.5523 -0.6293
vn 0.9210 -0.2915 -0.2585
vn 0.9217 -0.2452 -0.3005
vn 0.9470 -0.2103 -0.2427
vn 0.9327 -0.2923 -0.2112
vn 0.9443 -0.2522 -0.2117
vn -0.2763 -0.7969 0.5372
vn -0.3310 -0.8564 0.3963
vn -0.2998 -0.6096 0.7339
vn -0.4145 -0.6463 0.6407
vn -0.0094 0.6093 -0.7929
vn 0.0514 0.7379 -0.6729
vn 0.0343 0.8797 -0.4743
vn -0.0881 0.6659 -0.7408
vn 0.0930 0.7753 -0.6246
vn 0.0918 0.8795 -0.4670
vn 0.0901 0.9505 -0.2973
vn 0.0666 0.9704 -0.2323
vn 0.0080 0.9969 -0.0786
vn -0.0344 0.9856 -0.1653
vn -0.3052 -0.9325 0.1929
vn 0.9600 -0.1913 -0.2043
vn 0.9756 -0.1393 -0.1699
vn 0.5422 -0.4477 -0.7111
vn 0.8827 -0.2298 -0.4100
vn 0.9401 -0.1752 -0.2926
vn -0.0386 -0.8569 -0.5140
vn -0.1307 -0.8253 -0.5493
vn 0.0029 -0.8337 -0.5522
vn -0.0094 -0.6538 -0.7566
vn -0.0598 -0.7040 -0.7077
vn -0.1143 -0.7277 -0.6763
vn -0.0898 -0.5379 -0.8382
vn -0.1733 -0.6002 -0.7808
vn -0.0265 -0.4661 -0.8844
vn -0.0406 -0.2872 -0.9570
vn -0.1106 -0.3337 -0.9362
vn -0.1169 -0.1264 -0.9851
vn -0.0462 -0.1203 -0.9917
vn -0.9765 -0.1496 -0.1549
vn -0.9912 -0.1282 -0.0340
vn -0.9980 0.0638 0.0043
vn -0.9977 0.0654 0.0164
vn -0.9455 0.3254 0.0082
vn -0.9392 0.3418 0.0333
vn -0.2612 0.1219 0.9576
vn -0.5672 0.0888 0.8188
vn -0.6341 -0.0828 0.7688
vn -0.4223 0.0440 0.9054
vn -0.5526 0.0803 0.8296
vn -0.5368 -0.1669 0.8271
vn -0.4503 -0.4118 0.7922
vn -0.6438 -0.3047 0.7019
vn -0.5724 -0.1225 0.8108
vn -0.0095 -0.8007 -0.5991
vn 0.0209 -0.8010 -0.5983
vn -0.0035 -0.5941 -0.8044
vn 0.0269 -0.5957 -0.8028
vn 0.0015 -0.3986 -0.9171
vn 0.0314 -0.3999 -0.9160
vn 0.0067 -0.2393 -0.9709
vn 0.0352 -0.2380 -0.9706
vn 0.0131 -0.1034 -0.9946
vn 0.0390 -0.1002 -0.9942
vn -0.0466 -0.2161 -0.9753
vn -0.0455 -0.1451 -0.9884
vn -0.0447 -0.0871 -0.9952
vn -0.0458 -0.1375 -0.9894
vn -0.3441 0.3049 0.8880
vn -0.2604 -0.3039 -0.9165
vn -0.2649 -0.1537 -0.9519
vn -0.3559 0.1613 0.9205
vn 0.9737 -0.1068 -0.2014
vn 0.9557 -0.1039 -0.2755
vn -0.1262 -0.9888 -0.0800
vn -0.2262 -0.9703 -0.0863
vn -0.2396 -0.8847 -0.3999
vn -0.1272 -0.9092 -0.3964
vn -0.1583 -0.2993 0.9410
vn -0.2887 -0.3320 0.8980
vn -0.1615 -0.5690 0.8063
vn -0.0734 0.9528 -0.2946
vn -0.0756 0.9611 -0.2658
vn -0.0891 0.9513 -0.2953
vn -0.1004 0.9644 -0.2448
vn -0.1333 0.9726 -0.1907
vn -0.0816 0.9686 -0.2348
vn -0.1224 -0.7185 -0.6847
vn -0.2410 -0.6977 -0.6746
vn -0.0994 0.9911 -0.0886
vn -0.1889 0.9813 -0.0361
vn -0.2469 0.9297 0.2733
vn -0.1281 0.9592 0.2520
vn -0.1059 0.7527 -0.6498
vn -0.0891 0.9009 -0.4248
vn -0.2243 0.7046 -0.6733
vn -0.1770 0.8606 -0.4775
vn -0.1304 0.9120 -0.3889
vn -0.0792 0.9353 -0.3449
vn -0.3590 -0.4421 -0.8220
vn -0.3635 -0.2946 -0.8838
vn -0.1080 0.5582 0.8226
vn -0.0802 0.3941 0.9156
vn -0.1672 0.3135 0.9347
vn -0.2069 0.5067 0.8369
vn -0.0082 0.3013 0.9535
vn -0.0861 0.2288 0.9697
vn -0.1261 0.0878 0.9881
vn -0.2315 0.1353 0.9634
vn -0.3632 -0.1720 -0.9157
vn -0.1454 0.7920 0.5930
vn -0.2747 0.7695 0.5765
vn -0.2749 0.5753 0.7704
vn -0.1495 0.5816 0.7996
vn -0.0746 0.9434 -0.3232
vn -0.0994 0.9332 -0.3453
vn -0.1160 0.2717 -0.9554
vn -0.1156 0.4801 -0.8696
vn -0.2509 0.2617 -0.9320
vn -0.2478 0.4524 -0.8567
vn -0.1492 -0.7809 0.6066
vn -0.1484 0.3998 0.9045
vn -0.2650 0.4022 0.8763
vn 0.0082 0.6158 0.7879
vn 0.0101 0.4522 0.8919
vn -0.0730 0.6354 0.7688
vn -0.0749 0.4755 0.8765
vn -0.0762 0.2998 0.9510
vn 0.0092 0.3002 0.9538
vn -0.9042 -0.1170 -0.4109
vn -0.8933 -0.1600 -0.4200
vn -0.9148 -0.1162 -0.3869
vn -0.8888 -0.0998 -0.4473
vn -0.8809 -0.2457 -0.4046
vn -0.9158 -0.1865 -0.3557
vn -0.9663 -0.0959 -0.2390
vn -0.9775 -0.0566 -0.2033
vn -0.9636 -0.0493 -0.2628
vn -0.9110 -0.0521 -0.4091
vn -0.8729 -0.0393 -0.4864
vn -0.3607 0.8914 0.2743
vn -0.3988 0.7334 0.5506
vn -0.2208 -0.8924 -0.3936
vn -0.0933 -0.9027 -0.4200
vn -0.1021 -0.7745 -0.6243
vn -0.2386 -0.7566 -0.6089
vn -0.0905 -0.6185 -0.7806
vn -0.2232 -0.5972 -0.7704
vn -0.3943 0.5541 0.7331
vn -0.3215 -0.9443 -0.0705
vn -0.0621 0.9827 0.1744
vn -0.1580 0.9792 0.1273
vn -0.1108 0.8934 0.4355
vn -0.2302 0.8804 0.4145
vn -0.3494 -0.8534 -0.3868
vn -0.3773 0.2462 -0.8928
vn -0.3746 0.4213 -0.8259
vn -0.3053 -0.2645 0.9148
vn -0.1640 -0.2749 0.9474
vn -0.1616 -0.4051 0.8999
vn -0.3014 -0.4080 0.8618
vn -0.1381 -0.5822 0.8013
vn -0.2651 -0.5979 0.7565
vn -0.3354 0.6636 -0.6687
vn -0.3755 0.3928 0.8395
vn -0.0722 -0.4526 -0.8888
vn -0.1958 -0.4346 -0.8791
vn -0.0611 -0.2922 -0.9544
vn -0.1787 -0.2877 -0.9409
vn -0.3650 0.2761 0.8891
vn -0.1130 0.9488 -0.2951
vn -0.1312 0.9643 -0.2302
vn 0.0011 -0.9558 0.2940
vn 0.0261 -0.9550 0.2953
vn 0.0193 -0.9889 0.1474
vn -0.0164 -0.9859 0.1665
vn -0.0116 -0.9999 -0.0092
vn -0.0763 -0.9967 0.0287
vn -0.1837 0.9697 -0.1609
vn -0.2707 0.9626 -0.0095
vn -0.0571 -0.9787 -0.1974
vn -0.1586 -0.9746 -0.1582
vn -0.3720 0.1514 0.9158
vn -0.0629 -0.1224 -0.9905
vn -0.1828 -0.1319 -0.9743
vn -0.0684 0.0875 -0.9938
vn -0.1926 0.0798 -0.9780
vn -0.3901 -0.0558 0.9191
vn -0.2550 0.8258 -0.5030
vn -0.0889 -0.7269 0.6810
vn -0.1878 -0.7524 0.6313
vn -0.0334 -0.8251 0.5640
vn -0.0962 -0.8463 0.5240
vn -0.1789 0.8914 -0.4165
vn -0.4111 -0.3545 0.8398
vn -0.0552 0.3546 -0.9334
vn -0.1734 0.3716 -0.9121
vn -0.0350 0.9390 -0.3422
vn -0.0578 0.9382 -0.3412
vn -0.1515 0.9027 -0.4026
vn -0.3572 -0.6686 -0.6522
vn -0.1225 0.7467 0.6538
vn -0.2450 0.7172 0.6524
vn -0.1293 0.9243 -0.3591
vn 0.0081 -0.9000 0.4359
vn -0.0268 -0.9095 0.4148
vn -0.0775 -0.5242 0.8481
vn -0.1586 -0.5193 0.8397
vn -0.1547 -0.6487 0.7451
vn -0.0732 -0.6549 0.7521
vn -0.9691 -0.1458 0.1988
vn -0.9691 -0.1465 0.1984
vn -0.9677 -0.1839 0.1725
vn -0.9677 -0.1834 0.1729
vn -0.9663 -0.2174 0.1382
vn -0.1503 -0.7669 0.6239
vn -0.0678 -0.7737 0.6299
vn 0.0432 -0.8899 -0.4541
vn 0.0470 -0.7772 -0.6275
vn -0.0308 -0.8837 -0.4671
vn -0.0252 -0.7752 -0.6312
vn -0.0200 -0.6369 -0.7707
vn 0.0531 -0.6346 -0.7710
vn 0.0053 0.1612 0.9869
vn -0.0794 0.1332 0.9879
vn -0.0822 -0.0246 0.9963
vn -0.0022 0.0060 1.0000
vn 0.0499 0.9978 0.0442
vn 0.0296 0.9663 0.2558
vn -0.0457 0.9953 0.0858
vn -0.0544 0.9585 0.2800
vn -0.0620 0.8837 0.4638
vn 0.0148 0.8870 0.4616
vn -0.0095 -0.2831 0.9591
vn -0.0080 -0.3893 0.9211
vn -0.0816 -0.2849 0.9551
vn -0.0804 -0.3837 0.9200
vn -0.0025 -0.5378 0.8431
vn 0.0788 0.7715 -0.6314
vn 0.0754 0.8782 -0.4724
vn -0.0198 0.7691 -0.6388
vn -0.0255 0.8787 -0.4767
vn -0.0315 0.9546 -0.2962
vn 0.0695 0.9534 -0.2935
vn 0.0594 -0.4707 -0.8803
vn -0.0157 -0.4745 -0.8801
vn -0.0126 -0.2945 -0.9556
vn 0.0636 -0.2947 -0.9535
vn 0.0399 -0.9542 0.2964
vn 0.0441 -0.9923 0.1155
vn -0.0549 -0.9546 0.2927
vn -0.0485 -0.9936 0.1019
vn -0.0423 -0.9948 -0.0929
vn 0.0444 -0.9965 -0.0710
vn 0.0430 -0.9639 -0.2628
vn -0.0365 -0.9578 -0.2850
vn 0.0647 -0.1079 -0.9921
vn -0.0111 -0.1032 -0.9946
vn -0.0110 0.0930 -0.9956
vn 0.0643 0.0923 -0.9936
vn 0.0075 -0.6714 0.7410
vn 0.0199 -0.7853 0.6188
vn 0.0670 0.3075 -0.9492
vn -0.0116 0.2875 -0.9577
vn -0.0127 0.4709 -0.8821
vn 0.0747 0.5095 -0.8572
vn 0.0812 0.6549 -0.7513
vn -0.0152 0.6321 -0.7748
vn 0.0084 0.7682 0.6402
vn -0.0682 0.7743 0.6291
vn 0.0316 -0.8837 0.4671
vn -0.0615 -0.8793 0.4722
vn 0.0649 0.9896 -0.1282
vn -0.0378 0.9935 -0.1070
vn -0.1161 0.9477 -0.2973
vn -0.1228 0.9867 -0.1070
vn -0.9552 0.2688 -0.1236
vn -0.9552 0.2689 -0.1233
vn -0.9574 0.2803 -0.0696
vn -0.9574 0.2803 -0.0699
vn -0.9596 0.2810 -0.0146
vn -0.9596 0.2810 -0.0149
vn -0.1297 0.9877 0.0873
vn -0.1042 0.7635 -0.6374
vn -0.1098 0.8723 -0.4764
vn -0.9514 0.2161 -0.2192
vn -0.9515 0.2163 -0.2190
vn -0.9532 0.2473 -0.1738
vn -0.9532 0.2472 -0.1740
vn -0.0959 0.4632 -0.8811
vn -0.0995 0.6253 -0.7740
vn -0.9488 0.1313 -0.2873
vn -0.9488 0.1314 -0.2873
vn -0.9499 0.1772 -0.2573
vn -0.9499 0.1770 -0.2574
vn -0.1365 0.9508 0.2781
vn -0.9618 0.2709 0.0396
vn -0.9618 0.2710 0.0393
vn -0.9640 0.2500 0.0910
vn -0.9639 0.2502 0.0906
vn -0.1430 0.8772 0.4583
vn -0.1386 -0.9477 0.2875
vn -0.1319 -0.9865 0.0970
vn -0.9625 -0.2682 0.0420
vn -0.9625 -0.2681 0.0423
vn -0.9603 -0.2787 -0.0118
vn -0.9603 -0.2788 -0.0121
vn -0.9581 -0.2786 -0.0669
vn -0.9581 -0.2785 -0.0672
vn -0.1250 -0.9874 -0.0973
vn -0.0923 0.0924 -0.9914
vn -0.0934 0.2832 -0.9545
vn -0.9477 0.0270 -0.3181
vn -0.9480 0.0807 -0.3078
vn -0.9480 0.0806 -0.3078
vn -0.8898 -0.3687 0.2689
vn -0.9323 -0.2968 0.2069
vn -0.9301 -0.3379 0.1438
vn -0.8859 -0.4225 0.1916
vn -0.9821 -0.1631 0.0944
vn -0.9926 -0.1189 0.0226
vn -0.9791 -0.2023 0.0210
vn -0.9266 -0.3685 0.0745
vn -0.8825 -0.4585 0.1046
vn -0.1621 -0.2829 0.9453
vn -0.1612 -0.3803 0.9107
vn -0.9703 -0.0791 0.2287
vn -0.9700 -0.1067 0.2184
vn -0.1552 0.6321 0.7592
vn -0.1563 0.4745 0.8663
vn -0.9645 0.1938 0.1792
vn -0.9640 0.1922 0.1835
vn -0.9384 0.2116 0.2733
vn -0.9465 0.2029 0.2510
vn -0.9254 0.1253 0.3577
vn -0.9254 0.1251 0.3578
vn -0.1565 0.2979 0.9417
vn -0.1606 0.1295 0.9785
vn -0.9407 0.0109 0.3391
vn -0.9492 0.0070 0.3145
vn -0.9670 -0.0138 0.2546
vn -0.9677 -0.0172 0.2515
vn -0.1644 -0.0262 0.9861
vn -0.1182 -0.9503 -0.2880
vn -0.9559 -0.2677 -0.1207
vn -0.9559 -0.2676 -0.1210
vn -0.9539 -0.2465 -0.1714
vn -0.9538 -0.2464 -0.1717
vn -0.1118 -0.8767 -0.4679
vn -0.1448 -0.8725 0.4667
vn -0.9645 -0.2471 0.0934
vn -0.9645 -0.2472 0.0931
vn -0.1496 0.7692 0.6213
vn -0.9660 0.2187 0.1375
vn -0.9660 0.2195 0.1366
vn -0.0941 -0.2923 -0.9517
vn -0.0925 -0.1019 -0.9905
vn -0.9482 -0.0811 -0.3071
vn -0.9482 -0.0812 -0.3070
vn -0.9477 -0.0276 -0.3179
vn -0.1059 -0.7694 -0.6299
vn -0.9520 -0.2160 -0.2169
vn -0.9520 -0.2158 -0.2171
vn -0.9504 -0.1772 -0.2556
vn -0.9504 -0.1771 -0.2557
vn -0.1009 -0.6326 -0.7678
vn -0.8827 0.4299 0.1895
vn -0.9256 0.3495 0.1449
vn -0.9291 0.3058 0.2079
vn -0.8861 0.3775 0.2687
vn -0.9786 0.1967 0.0613
vn -0.9924 0.1131 0.0489
vn -0.9817 0.1415 0.1272
vn -0.9316 0.2512 0.2628
vn -0.8901 0.3093 0.3348
vn -0.0969 -0.4715 -0.8765
vn -0.9491 -0.1317 -0.2860
vn -0.9491 -0.1316 -0.2861
vn -0.8740 0.4858 0.0084
vn -0.9187 0.3950 -0.0024
vn -0.9225 0.3789 0.0731
vn -0.8780 0.4677 0.1020
vn -0.9748 0.2220 -0.0211
vn -0.9901 0.1406 -0.0006
vn -0.8965 -0.0439 0.4409
vn -0.9371 -0.0356 0.3472
vn -0.9373 -0.1092 0.3311
vn -0.8955 -0.1365 0.4235
vn -0.9847 -0.0188 0.1734
vn -0.9951 -0.0387 0.0908
vn -0.9840 -0.0989 0.1480
vn -0.9359 -0.1802 0.3026
vn -0.8947 -0.2233 0.3868
vn -0.9348 -0.2421 0.2598
vn -0.8921 -0.3024 0.3357
vn -0.9942 -0.0857 0.0643
vn -0.9711 0.2132 -0.1070
vn -0.9854 0.1293 -0.1112
vn -0.9990 0.0024 -0.0448
vn -0.9876 0.1463 -0.0571
vn -0.9680 0.1726 -0.1819
vn -0.9846 0.0942 -0.1474
vn -0.9642 0.1169 -0.2380
vn -0.9866 0.0486 -0.1555
vn -0.9612 0.0612 -0.2691
vn -0.9840 -0.0056 -0.1780
vn -0.9837 -0.0964 -0.1516
vn -0.9718 -0.1846 -0.1464
vn -0.9882 -0.1290 -0.0824
vn -0.9756 -0.2109 -0.0616
vn -0.9905 -0.1342 -0.0282
vn -0.9951 0.0154 0.0978
vn -0.9839 0.0657 0.1663
vn -0.9941 0.0689 0.0834
vn -0.8534 0.1321 -0.5042
vn -0.9024 0.1053 -0.4179
vn -0.9044 0.1573 -0.3966
vn -0.8528 0.1896 -0.4867
vn -0.9033 0.2039 -0.3776
vn -0.8544 0.2543 -0.4531
vn -0.6425 0.0729 0.7628
vn -0.5777 -0.1553 0.8013
vn -0.8158 0.0546 0.5758
vn -0.7293 -0.2037 0.6531
vn -0.6383 -0.3684 0.6759
vn -0.4971 -0.4064 0.7666
vn -0.8652 0.4676 -0.1809
vn -0.9118 0.3798 -0.1562
vn -0.9155 0.3944 -0.0799
vn -0.8690 0.4871 -0.0872
vn -0.8949 0.1429 0.4228
vn -0.9356 0.1158 0.3335
vn -0.9371 0.0413 0.3467
vn -0.8956 0.0505 0.4420
vn -0.8578 0.3791 -0.3471
vn -0.9061 0.3073 -0.2906
vn -0.9091 0.3492 -0.2273
vn -0.8607 0.4318 -0.2698
vn -0.9239 -0.3826 0.0002
vn -0.8777 -0.4790 0.0125
vn -0.9199 -0.3847 -0.0754
vn -0.8739 -0.4792 -0.0819
vn -0.8666 -0.4224 -0.2655
vn -0.9136 -0.3391 -0.2245
vn -0.9130 -0.2714 -0.3045
vn -0.8701 -0.3451 -0.3519
vn -0.9342 0.1870 0.3038
vn -0.8923 0.2309 0.3879
vn -0.9051 0.2616 -0.3353
vn -0.8547 0.3216 -0.4075
vn -0.9170 -0.3696 -0.1499
vn -0.8689 -0.4630 -0.1752
vn -0.1225 -0.9263 -0.3563
vn -0.1870 -0.8626 -0.4701
vn -0.9954 0.0191 0.0934
vn -0.9888 0.0167 0.1480
vn -0.9533 0.0143 0.3017
vn -0.9957 -0.0154 0.0919
vn -0.9746 -0.1373 0.1772
vn -0.9390 -0.2613 0.2236
vn -0.5137 0.6057 -0.6076
vn -0.5805 0.4735 -0.6624
vn -0.5653 0.5074 -0.6504
vn -0.6108 0.7838 0.1122
vn -0.5499 0.8343 0.0390
vn -0.6707 0.7163 0.1926
vn -0.6612 -0.7064 0.2526
vn -0.5165 -0.7629 0.3889
vn 0.0105 -0.9999 -0.0045
vn -0.7596 -0.2867 -0.5838
vn -0.7604 -0.4292 -0.4874
vn -0.9975 -0.0696 0.0107
vn 0.0516 -0.7159 -0.6963
vn 0.0305 -0.8163 -0.5768
vn 0.0573 -0.6204 -0.7822
vn 0.0656 -0.9739 0.2175
vn 0.0638 -0.6750 -0.7351
vn 0.0723 -0.7559 -0.6506
vn 0.0480 -0.9784 0.2010
vn 0.0725 -0.9957 0.0573
vn 0.0094 -0.9430 -0.3326
vn 0.0011 -0.9971 -0.0757
vn -0.9998 -0.0047 -0.0179
vn -0.7497 -0.2058 -0.6289
vn -0.3222 -0.2578 -0.9109
vn -0.2995 -0.0631 -0.9520
vn -0.7508 -0.1619 -0.6404
vn -0.9437 -0.3302 -0.0190
vn -0.4919 0.6413 -0.5889
vn -0.8234 -0.5457 -0.1555
vn -0.7387 -0.5976 -0.3117
vn -0.7057 0.1046 -0.7007
vn -0.0599 -0.3278 -0.9428
vn -0.0560 -0.3088 -0.9495
vn -0.0586 -0.2474 -0.9671
vn -0.0604 -0.2771 -0.9589
vn -0.0761 0.7204 -0.6894
vn -0.0771 0.7290 -0.6802
vn -0.0616 0.5961 -0.8005
vn -0.0623 0.5648 -0.8229
vn -0.0726 0.4087 -0.9098
vn -0.1486 0.7430 -0.6525
vn -0.1211 0.7853 -0.6071
vn -0.2364 0.7374 -0.6328
vn -0.2628 0.7582 -0.5967
vn -0.2739 0.7853 -0.5552
vn -0.1889 0.8264 -0.5305
vn -0.7624 0.1328 -0.6333
vn -0.7636 0.1960 -0.6152
vn -0.7624 0.1924 -0.6178
vn -0.7680 0.1274 -0.6276
vn -0.6535 -0.6354 -0.4113
vn -0.5144 -0.7954 -0.3205
vn -0.5984 -0.5913 -0.5407
vn -0.5038 -0.7063 -0.4973
vn -0.5378 0.0602 -0.8409
vn -0.7337 0.1025 -0.6717
vn -0.7013 0.0961 -0.7063
vn -0.4304 -0.2451 -0.8687
vn -0.5410 -0.5384 -0.6461
vn -0.4572 -0.6306 -0.6271
vn -0.4568 -0.6100 -0.6475
vn -0.4580 -0.7313 -0.5055
vn -0.4189 -0.8593 -0.2933
vn -0.1527 0.9552 -0.2536
vn -0.0168 0.9848 -0.1728
vn -0.2740 0.8999 -0.3394
vn -0.3663 0.8968 -0.2481
vn -0.2270 0.9614 -0.1553
vn -0.0589 0.9970 -0.0501
vn -0.2788 0.9532 -0.1166
vn -0.1031 0.9947 -0.0057
vn -0.4099 0.8767 -0.2516
vn -0.3134 0.8377 -0.4472
vn -0.2574 0.9378 -0.2331
vn -0.6326 -0.7046 0.3214
vn -0.5640 -0.7776 0.2780
vn -0.3370 -0.8262 0.4515
vn -0.3094 -0.8786 0.3638
vn -0.3554 -0.9301 0.0927
vn -0.5122 -0.8582 0.0344
vn 0.4603 -0.7334 -0.5003
vn 0.3271 -0.8315 -0.4489
vn 0.2388 -0.8682 -0.4350
vn 0.3767 -0.8023 -0.4630
vn 0.2958 0.3334 -0.8952
vn 0.3819 0.3018 -0.8736
vn 0.4404 0.2674 -0.8570
vn 0.5061 0.2082 -0.8370
vn 0.6220 -0.5478 -0.5595
vn 0.5832 -0.5730 -0.5758
vn 0.5035 -0.6870 -0.5239
vn 0.6510 -0.5554 -0.5174
vn 0.5479 0.1600 -0.8211
vn 0.5980 0.0842 -0.7971
vn 0.6541 0.0876 -0.7513
vn 0.0350 0.8489 -0.5274
vn 0.0019 0.8634 -0.5046
vn 0.6746 -0.5585 -0.4828
vn 0.7068 -0.5505 -0.4443
vn 0.7013 0.1268 -0.7015
vn -0.0467 0.8797 -0.4732
vn -0.2427 0.8360 -0.4921
vn -0.2940 0.8922 -0.3429
vn -0.4308 0.8524 -0.2962
vn -0.3866 0.7806 -0.4911
vn -0.4162 -0.8533 0.3140
vn -0.3875 -0.9045 0.1781
vn 0.2044 -0.9784 -0.0311
vn 0.0926 -0.9894 0.1122
vn 0.2002 -0.9790 0.0372
vn 0.3392 -0.9371 -0.0828
vn 0.0202 -0.9743 0.2243
vn 0.0597 -0.9786 0.1968
vn 0.1833 -0.9773 0.1065
vn 0.3435 -0.9360 -0.0771
vn 0.3520 -0.9319 -0.0874
vn 0.0450 -0.9881 0.1473
vn 0.1206 -0.9924 0.0253
vn 0.0052 -0.9720 0.2351
vn -0.2112 -0.8688 0.4479
vn -0.6445 -0.7612 0.0719
vn -0.9102 -0.4061 0.0817
vn -0.9717 -0.2363 0.0028
vn -0.8362 -0.4722 -0.2791
vn -0.9205 -0.3403 0.1920
vn -0.9870 -0.1285 0.0961
vn -0.9994 -0.0045 0.0340
vn -0.9937 -0.0394 -0.1051
vn -0.8803 -0.1512 -0.4496
vn -0.8170 0.1122 -0.5656
vn -0.8746 -0.0697 -0.4798
vn -0.9911 0.0006 -0.1331
vn -0.9741 0.1107 -0.1973
vn -0.9995 0.0008 0.0303
vn -0.9862 0.1453 -0.0797
vn -0.5876 -0.3067 -0.7488
vn -0.5685 -0.4104 -0.7130
vn -0.6087 -0.3889 -0.6915
vn -0.5918 -0.2964 -0.7496
vn -0.4627 -0.8789 -0.1159
vn -0.3698 -0.9272 0.0598
vn -0.3672 -0.9239 -0.1075
vn -0.1988 -0.2007 0.9593
vn -0.5051 -0.0933 0.8580
vn -0.4862 -0.0688 0.8711
vn -0.1997 -0.0823 0.9764
vn -0.5064 -0.0495 0.8609
vn -0.4970 -0.0553 0.8660
vn -0.8144 -0.0827 -0.5744
vn -0.8691 -0.0319 -0.4937
vn -0.5838 0.0225 -0.8116
vn -0.4765 0.4650 -0.7461
vn -0.9008 -0.3996 -0.1700
vn -0.1420 -0.2654 -0.9536
vn -0.1361 -0.2579 -0.9566
vn -0.1378 -0.2900 -0.9471
vn -0.1390 -0.2850 -0.9484
vn -0.1476 -0.2712 -0.9511
vn -0.1452 -0.3109 -0.9393
vn -0.1353 -0.3732 -0.9178
vn -0.1340 -0.3583 -0.9239
vn -0.1341 -0.3501 -0.9270
vn -0.2569 -0.8407 0.4766
vn -0.2736 -0.8854 0.3759
vn -0.3793 -0.8113 0.4449
vn -0.3676 -0.8543 0.3674
vn -0.6248 -0.0054 0.7808
vn -0.6075 -0.0533 0.7925
vn -0.7878 -0.0457 0.6143
vn -0.7978 -0.0034 0.6029
vn -0.5315 0.0570 -0.8451
vn -0.3606 0.5010 -0.7868
vn -0.8120 0.2503 -0.5273
vn -0.2134 0.7127 -0.6683
vn -0.3846 0.9105 0.1520
vn -0.4895 0.8646 0.1136
vn -0.4582 0.8748 0.1574
vn -0.3142 0.9311 0.1852
vn -0.5961 0.7998 0.0708
vn -0.5822 0.8029 0.1280
vn -0.3036 0.5644 0.7677
vn -0.3220 0.5181 0.7924
vn -0.3181 0.3290 0.8892
vn -0.3125 0.3115 0.8974
vn -0.2909 0.5937 0.7502
vn -0.1274 -0.4548 -0.8814
vn -0.1283 -0.4449 -0.8863
vn -0.1512 -0.1345 -0.9793
vn -0.1491 -0.1771 -0.9728
vn -0.1262 -0.4328 -0.8926
vn -0.1309 -0.3748 -0.9178
vn -0.1528 0.2128 -0.9651
vn -0.1567 0.1701 -0.9729
vn -0.1579 0.0938 -0.9830
vn -0.1570 0.0403 -0.9868
vn -0.1307 -0.2720 -0.9534
vn -0.1212 -0.2972 -0.9471
vn -0.0827 -0.2263 -0.9705
vn -0.0809 -0.2493 -0.9650
vn -0.0796 -0.3180 -0.9448
vn -0.1115 -0.3560 -0.9278
vn -0.1525 -0.2801 -0.9478
vn -0.1275 -0.2428 -0.9617
vn -0.1294 -0.2294 -0.9647
vn -0.1447 -0.2569 -0.9555
vn -0.1332 -0.2052 -0.9696
vn -0.1362 -0.2141 -0.9673
vn -0.0774 -0.3970 -0.9145
vn -0.1033 -0.4300 -0.8969
vn -0.0794 -0.3782 -0.9223
vn -0.1037 -0.4054 -0.9082
vn -0.1250 -0.4547 -0.8818
vn -0.0831 0.9954 -0.0467
vn -0.0924 0.9694 -0.2273
vn -0.0719 0.9935 -0.0883
vn -0.0745 0.9972 0.0103
vn -0.0949 0.9426 -0.3201
vn -0.0605 0.9943 -0.0879
vn -0.0270 0.9928 0.1171
vn -0.0451 0.9958 0.0797
vn -0.0633 0.9948 0.0802
vn -0.0980 0.9952 -0.0016
vn -0.0986 0.9950 -0.0129
vn -0.0924 0.9956 -0.0163
vn -0.0921 0.9957 -0.0034
vn -0.0967 0.9950 -0.0268
vn -0.0922 0.9954 -0.0273
vn -0.0903 0.9956 -0.0241
vn -0.0909 0.9957 -0.0153
vn -0.0905 0.9959 -0.0030
vn -0.1081 -0.5263 -0.8434
vn -0.1560 -0.7969 -0.5836
vn -0.2592 -0.7840 -0.5641
vn -0.1940 -0.6669 -0.7195
vn -0.1912 -0.8680 -0.4584
vn -0.2772 -0.7694 -0.5755
vn -0.2515 -0.8499 -0.4631
vn -0.2546 -0.8887 -0.3814
vn -0.2189 -0.8736 -0.4346
vn -0.1886 -0.8089 -0.5569
vn -0.2667 -0.6770 -0.6860
vn -0.1766 -0.6810 -0.7107
vn -0.2413 -0.5545 -0.7964
vn -0.2143 -0.6471 -0.7317
vn -0.2419 -0.7789 -0.5786
vn -0.0923 0.9952 -0.0336
vn -0.0883 0.9959 -0.0195
vn -0.0845 0.9964 -0.0002
vn -0.0450 -0.9840 -0.1726
vn -0.0447 -0.9830 -0.1781
vn -0.0855 -0.9516 -0.2952
vn -0.0846 -0.9623 -0.2584
vn -0.0501 -0.8966 -0.4400
vn -0.0868 -0.8587 -0.5051
vn -0.0325 -0.4465 -0.8942
vn -0.0386 -0.5649 -0.8243
vn -0.0679 -0.5875 -0.8063
vn -0.0501 -0.4683 -0.8822
vn -0.0426 -0.9724 -0.2292
vn -0.0648 -0.9606 -0.2702
vn -0.0578 -0.3460 -0.9364
vn -0.0662 -0.3727 -0.9256
vn -0.0655 -0.2894 -0.9550
vn -0.0687 -0.3552 -0.9323
vn -0.1032 -0.3504 -0.9309
vn -0.0806 -0.3277 -0.9413
vn -0.1132 0.2283 -0.9670
vn -0.0898 0.2633 -0.9605
vn -0.1004 0.2356 -0.9666
vn -0.1414 0.2303 -0.9628
vn -0.3337 -0.2928 -0.8961
vn -0.4506 -0.3237 -0.8320
vn -0.3214 -0.3412 -0.8833
vn -0.2249 -0.3083 -0.9243
vn -0.1321 -0.2054 -0.9697
vn -0.1320 -0.2257 -0.9652
vn -0.0980 -0.2425 -0.9652
vn -0.0875 -0.2195 -0.9717
vn -0.0216 0.9801 0.1971
vn -0.0457 0.9914 0.1224
vn -0.0065 0.9725 0.2327
vn 0.0067 0.9350 0.3545
vn -0.0074 0.9596 0.2814
vn -0.0320 0.9875 0.1544
vn -0.0786 0.9967 -0.0198
vn -0.0770 0.9970 -0.0040
vn -0.0766 0.9965 -0.0337
vn -0.0592 0.9971 -0.0486
vn -0.0602 0.9978 -0.0291
vn -0.0595 0.9982 -0.0054
vn -0.0697 0.9976 0.0009
vn -0.0533 0.9986 -0.0046
vn -0.1739 0.9797 -0.0997
vn -0.2122 0.9740 -0.0796
vn -0.1484 0.9781 -0.1463
vn -0.1228 0.9853 -0.1189
vn -0.1539 0.9875 -0.0334
vn -0.1876 0.9821 0.0179
vn -0.2778 0.9296 -0.2421
vn -0.2515 0.9142 -0.3179
vn -0.2621 0.9341 -0.2426
vn -0.2712 0.9450 -0.1828
vn -0.2510 0.9547 -0.1601
vn -0.2646 0.9564 -0.1237
vn -0.1849 0.9115 -0.3673
vn -0.1838 0.7973 -0.5749
vn -0.1317 0.8252 -0.5493
vn -0.1295 0.9181 -0.3747
vn -0.4861 -0.4175 -0.7677
vn -0.5181 -0.3535 -0.7789
vn -0.5184 -0.3339 -0.7872
vn -0.4667 -0.3687 -0.8039
vn -0.4201 -0.3570 -0.8343
vn -0.1981 -0.3005 -0.9330
vn -0.1629 -0.2949 -0.9416
vn -0.1417 -0.3468 -0.9272
vn -0.2275 -0.2326 -0.9456
vn -0.1569 -0.2168 -0.9635
vn -0.1741 -0.0070 -0.9847
vn -0.2810 0.0060 -0.9597
vn -0.1262 -0.4549 -0.8815
vn -0.1276 -0.4547 -0.8814
vn -0.1269 -0.4617 -0.8779
vn -0.2363 -0.9651 -0.1132
vn -0.2348 -0.9481 -0.2146
vn -0.3064 -0.9257 -0.2217
vn -0.3030 -0.9474 -0.1033
vn -0.2373 -0.9018 -0.3611
vn -0.3165 -0.8740 -0.3687
vn -0.2417 -0.8361 -0.4925
vn -0.3433 -0.7989 -0.4939
vn -0.2415 -0.6832 -0.6891
vn -0.3843 -0.6480 -0.6576
vn -0.1945 -0.8629 -0.4664
vn -0.1977 -0.9196 -0.3396
vn -0.1831 -0.7129 -0.6769
vn -0.1993 -0.9549 -0.2202
vn -0.1938 -0.9656 -0.1736
vn -0.1265 -0.4549 -0.8815
vn -0.1146 0.9930 -0.0271
vn -0.1324 0.9912 0.0059
vn -0.0968 0.9919 -0.0821
vn -0.2197 0.9755 -0.0086
vn -0.2149 0.9765 0.0143
vn -0.1488 0.9887 0.0196
vn -0.1490 0.9888 0.0072
vn -0.1066 0.9429 -0.3154
vn -0.1152 0.8775 -0.4656
vn -0.2809 -0.3242 -0.9033
vn -0.2431 -0.3119 -0.9185
vn -0.6295 -0.7453 -0.2196
vn -0.7588 -0.3035 -0.5763
vn -0.7813 -0.2317 -0.5796
vn -0.1478 -0.2010 -0.9684
vn -0.1563 0.0091 -0.9877
vn 0.1051 0.6902 0.7160
vn 0.1156 0.7376 0.6653
vn 0.0815 0.7539 0.6519
vn 0.0543 0.6956 0.7164
vn 0.2419 0.9690 -0.0508
vn 0.1194 0.9923 -0.0337
vn 0.1417 0.9892 -0.0369
vn -0.0238 0.9554 -0.2944
vn -0.0394 0.9989 -0.0272
vn -0.0010 0.7920 0.6105
vn -0.1547 0.9586 0.2389
vn -0.1869 0.9532 -0.2375
vn -0.0640 0.8669 -0.4943
vn -0.2672 0.9095 -0.3183
vn 0.0398 0.1292 -0.9908
vn 0.0260 0.0794 -0.9965
vn -0.1292 0.3580 -0.9247
vn -0.0234 0.2405 -0.9704
vn -0.2587 0.6503 -0.7143
vn -0.2886 0.6075 -0.7400
vn -0.3395 0.8184 -0.4637
vn 0.2575 0.6818 -0.6847
vn 0.0979 0.7891 -0.6064
vn 0.1901 0.7317 -0.6546
vn 0.1616 -0.0413 -0.9860
vn 0.1137 -0.0567 -0.9919
vn 0.1368 -0.0071 -0.9906
vn -0.2785 0.7293 -0.6249
vn -0.0817 0.3683 -0.9261
vn 0.0566 0.1326 -0.9895
vn 0.0327 0.3509 -0.9358
vn 0.1573 0.5690 0.8072
vn 0.1080 0.5850 0.8038
vn 0.0749 0.6222 0.7793
vn -0.3758 0.8754 -0.3042
vn 0.1932 -0.1039 -0.9756
vn 0.1569 0.1479 -0.9765
vn 0.3333 -0.1783 -0.9258
vn -0.2171 0.9762 -0.0034
vn -0.2172 0.9761 -0.0067
vn -0.1434 0.9897 0.0059
vn -0.1416 0.9899 0.0068
vn -0.0970 0.9953 0.0016
vn -0.0966 0.9953 0.0016
vn -0.1069 -0.8380 -0.5351
vn -0.1637 -0.8368 -0.5224
vn -0.1820 -0.9636 -0.1960
vn -0.1655 -0.9651 -0.2030
vn -0.2356 -0.9672 -0.0951
vn -0.2322 -0.9680 -0.0952
vn -0.2989 -0.9512 -0.0769
vn -0.2938 -0.9529 -0.0757
vn -0.2850 -0.9578 -0.0363
vn -0.2808 -0.9591 -0.0356
vn -0.2974 0.9400 -0.1672
vn -0.2894 0.9386 -0.1878
vn -0.2786 0.9496 -0.1437
vn -0.2846 0.9499 -0.1290
vn -0.2709 0.9575 -0.0992
vn -0.2761 0.9571 -0.0884
vn -0.0229 -0.2792 -0.9599
vn -0.0254 -0.2964 -0.9547
vn -0.0341 -0.3166 -0.9479
vn -0.0246 -0.2999 -0.9537
vn -0.0604 -0.3823 -0.9221
vn -0.0228 -0.3689 -0.9292
vn -0.1154 -0.5634 -0.8181
vn -0.0446 -0.5573 -0.8291
vn -0.6921 0.7125 0.1150
vn -0.6669 0.7422 0.0655
vn -0.5775 0.8134 0.0700
vn -0.5417 0.8309 0.1272
vn -0.6509 0.7590 0.0136
vn -0.6222 0.7827 0.0132
vn -1.0000 -0.0000 0.0053
vn -1.0000 -0.0000 -0.0007
vn -0.9807 0.1710 0.0951
vn -0.9860 0.1499 0.0724
vn -1.0000 -0.0000 -0.0033
vn -0.9789 0.2045 0.0046
vn -0.9803 0.1970 0.0112
vn -0.9802 0.1749 0.0931
vn -0.9594 0.1328 0.2489
vn -0.9594 -0.1328 0.2490
vn -0.9802 -0.1749 0.0931
vn -0.9807 -0.1710 0.0952
vn -0.9860 -0.1499 0.0724
vn -0.9803 -0.1970 0.0113
vn -0.9789 -0.2045 0.0046
vn 0.3139 0.9489 -0.0341
vn 0.0796 0.9963 -0.0340
vn 0.3103 0.9432 -0.1188
vn 0.0783 0.9891 -0.1246
vn -0.1296 0.9840 -0.1221
vn -0.1308 0.9909 -0.0321
vn -0.3392 -0.5776 0.7425
vn -0.3209 -0.3015 0.8978
vn -0.3357 -0.5548 0.7613
vn -0.3196 -0.3239 0.8905
vn -0.3290 -0.5149 0.7916
vn -0.5123 -0.8502 0.1215
vn -0.5946 -0.7948 0.1215
vn -0.6001 -0.7975 0.0619
vn -0.5093 -0.8583 0.0622
vn -0.4135 -0.9025 0.1201
vn -0.4156 -0.9078 0.0556
vn -0.9968 0.0755 0.0249
vn -0.9956 0.0821 0.0442
vn -0.9350 0.3222 0.1481
vn -0.9356 0.2883 0.2035
vn -0.9964 0.0599 0.0595
vn -0.9458 0.2930 0.1398
vn -0.8330 0.5148 0.2025
vn -0.8390 0.4726 0.2697
vn -0.8581 0.4109 0.3080
vn -0.2432 0.5670 -0.7870
vn -0.3915 0.5593 -0.7307
vn -0.4806 0.4327 -0.7628
vn -0.3241 0.4590 -0.8272
vn -0.5095 0.5624 -0.6512
vn -0.5830 0.4535 -0.6741
vn -0.6413 0.3113 -0.7013
vn -0.5634 0.2779 -0.7781
vn -0.4426 0.2927 -0.8476
vn 0.8769 -0.4720 -0.0913
vn 0.9111 -0.4031 -0.0859
vn 0.9139 -0.4042 -0.0371
vn 0.8793 -0.4743 -0.0423
vn 0.9115 0.3838 0.1481
vn 0.9098 0.3829 0.1601
vn 0.9200 0.3861 0.0671
vn 0.9203 0.3860 0.0640
vn 0.4544 -0.8811 -0.1312
vn 0.4563 -0.8583 -0.2349
vn 0.7295 -0.5979 -0.3323
vn 0.7459 -0.6328 -0.2076
vn 0.8497 -0.4270 -0.3093
vn 0.8672 -0.4463 -0.2208
vn -0.3250 0.8778 -0.3520
vn -0.3287 0.8922 -0.3096
vn -0.3302 0.8729 -0.3591
vn -0.3344 0.8876 -0.3167
vn 0.5210 0.8310 -0.1950
vn 0.5171 0.8316 -0.2026
vn 0.6265 0.7491 -0.2155
vn 0.6313 0.7498 -0.1983
vn 0.6008 0.7593 -0.2502
vn 0.6078 0.7623 -0.2224
vn 0.1211 0.9891 -0.0837
vn 0.1163 0.9897 -0.0835
vn 0.1377 0.9827 -0.1237
vn 0.1436 0.9817 -0.1252
vn 0.1938 0.9678 -0.1607
vn 0.1994 0.9663 -0.1625
vn 0.0851 0.9962 -0.0193
vn 0.0825 0.9964 -0.0195
vn 0.1060 0.9933 -0.0465
vn 0.1096 0.9929 -0.0462
vn 0.3406 0.9255 -0.1657
vn 0.4188 0.8923 -0.1685
vn 0.4166 0.8933 -0.1685
vn 0.3365 0.9271 -0.1653
vn -0.2330 0.9725 -0.0075
vn -0.2776 0.9607 0.0014
vn -0.2435 0.9699 -0.0093
vn -0.2828 0.9592 0.0004
vn 0.0153 -0.9998 -0.0090
vn 0.0142 -0.9999 -0.0042
vn -0.1283 -0.9917 -0.0005
vn -0.1284 -0.9917 -0.0005
vn 0.5515 0.4704 -0.6889
vn 0.4146 0.3212 -0.8514
vn 0.6562 0.4164 -0.6293
vn 0.6790 0.5138 -0.5244
vn 0.7952 0.4347 -0.4227
vn 0.7743 0.5194 -0.3615
vn 0.1437 -0.9861 -0.0834
vn 0.1353 -0.9900 -0.0403
vn -0.3809 0.8728 -0.3050
vn -0.3727 0.8610 -0.3460
vn -0.3865 0.8654 -0.3189
vn -0.3965 0.8741 -0.2805
vn -0.3579 0.8902 -0.2819
vn -0.3687 0.8959 -0.2477
vn -0.2137 -0.9769 -0.0071
vn -0.2127 -0.9771 -0.0070
vn -0.7294 0.6612 -0.1755
vn -0.7171 0.6849 -0.1291
vn -0.6847 0.7285 -0.0219
vn -0.6837 0.7295 -0.0170
vn -0.1259 0.9915 -0.0331
vn -0.1231 0.9924 -0.0060
vn -0.2662 -0.9637 -0.0222
vn -0.2090 -0.9779 -0.0045
vn -0.2710 -0.9620 -0.0325
vn -0.2102 -0.9776 -0.0066
vn -0.1281 -0.9918 -0.0005
vn -0.1280 -0.9918 -0.0003
vn -0.4045 0.9141 -0.0291
vn -0.4225 0.9060 -0.0267
vn -0.4011 0.9089 -0.1145
vn -0.4188 0.9020 -0.1048
vn -0.3907 0.9159 -0.0922
vn -0.3943 0.9187 -0.0237
vn 0.0127 -0.9999 -0.0013
vn 0.1224 -0.9924 -0.0117
vn 0.0131 -0.9999 -0.0023
vn 0.1253 -0.9919 -0.0214
vn 0.4361 -0.8975 -0.0660
vn 0.4308 -0.9018 -0.0348
vn 0.6513 0.7425 -0.1566
vn 0.6781 0.7269 -0.1086
vn 0.6265 0.6769 -0.3863
vn 0.6872 0.6797 -0.2563
vn 0.7221 0.6678 -0.1809
vn 0.7015 0.7086 -0.0769
vn 0.1477 0.9886 -0.0302
vn -0.0609 0.9980 -0.0140
vn 0.1902 0.9787 -0.0777
vn -0.0382 0.9985 -0.0390
vn -0.2926 0.9562 0.0049
vn -0.2951 0.9555 0.0046
vn 0.0928 0.9956 -0.0087
vn 0.1217 0.9923 -0.0222
vn 0.0905 0.9958 -0.0143
vn 0.1177 0.9924 -0.0356
vn 0.1337 0.9885 -0.0706
vn 0.1409 0.9890 -0.0460
vn 0.1700 0.9824 -0.0775
vn 0.1599 0.9805 -0.1145
vn 0.2133 0.9650 -0.1527
vn 0.2219 0.9694 -0.1048
vn 0.5271 0.8443 -0.0964
vn 0.6378 0.7673 -0.0671
vn 0.5264 0.8364 -0.1529
vn 0.6386 0.7596 -0.1235
vn 0.6200 0.7772 -0.1072
vn 0.6205 0.7829 -0.0451
vn -0.3271 0.9446 -0.0287
vn -0.3423 0.9391 -0.0293
vn -0.3252 0.9387 -0.1141
vn -0.3407 0.9330 -0.1161
vn -0.3480 0.9299 -0.1192
vn -0.3498 0.9363 -0.0303
vn 0.7404 -0.6705 -0.0482
vn 0.7416 -0.6639 -0.0962
vn -0.4513 -0.4138 -0.7906
vn -0.5924 -0.0521 -0.8039
vn -0.4778 -0.3585 -0.8020
vn -0.6751 0.0763 -0.7338
vn -0.5638 -0.1277 -0.8160
vn 0.8167 -0.2502 0.5200
vn 0.8649 -0.2936 0.4072
vn 0.8471 -0.2540 0.4667
vn 0.7788 -0.2223 0.5865
vn 0.8317 -0.0623 0.5517
vn 0.6292 -0.0045 0.7772
vn 0.7017 -0.1969 0.6847
vn 0.4907 -0.1488 0.8586
vn 0.8383 -0.2343 0.4923
vn 0.8108 -0.2901 0.5084
vn 0.6564 -0.2742 0.7028
vn 0.4410 -0.2528 0.8611
vn -0.7843 0.6204 0.0050
vn -0.7039 0.7103 0.0013
vn -0.6953 0.7187 0.0049
vn -0.7693 0.6386 0.0200
vn -0.0958 0.9954 0.0002
vn -0.0960 0.9954 0.0006
vn 0.1145 -0.9690 -0.2187
vn 0.1756 -0.9768 -0.1224
vn 0.1312 -0.9261 -0.3536
vn 0.1210 -0.8826 -0.4542
vn 0.0056 -0.9701 -0.2427
vn 0.0394 -0.9972 -0.0633
vn -0.0415 -0.9477 -0.3163
vn -0.0026 -0.9567 -0.2911
vn -0.0378 -0.8466 -0.5309
vn 0.0032 -0.8737 -0.4865
vn -0.3110 0.9503 -0.0168
vn -0.2940 0.9557 -0.0135
vn -0.3089 0.9490 -0.0632
vn -0.2925 0.9550 -0.0495
vn -0.2841 0.9582 -0.0344
vn -0.2860 0.9582 -0.0098
vn -0.2212 -0.9739 -0.0515
vn -0.2759 -0.9600 -0.0478
vn -0.2250 -0.9710 -0.0803
vn -0.2821 -0.9569 -0.0696
vn -0.1255 -0.9911 -0.0442
vn -0.1346 -0.9852 -0.1058
vn -0.2160 0.9764 -0.0004
vn -0.1375 0.9905 0.0008
vn -0.2150 0.9766 -0.0010
vn -0.1381 0.9904 0.0028
vn -0.9994 0.0211 0.0279
vn -0.9342 -0.1573 -0.3202
vn -0.9960 0.0790 0.0409
vn -0.9907 0.1120 0.0772
vn -0.9168 0.3911 0.0800
vn -0.9647 0.2252 0.1363
vn 0.2728 0.7037 0.6560
vn 0.3417 0.7138 0.6113
vn 0.4170 0.7873 0.4542
vn 0.3165 0.8097 0.4942
vn 0.3913 0.7193 0.5741
vn 0.5069 0.7519 0.4216
vn 0.5864 0.7792 0.2212
vn 0.4716 0.8466 0.2468
vn 0.3518 0.8963 0.2700
vn 0.3702 -0.4666 0.8033
vn 0.3975 -0.4452 0.8024
vn 0.3327 -0.3690 0.8678
vn 0.4112 -0.3711 0.8326
vn 0.4671 -0.4219 0.7770
vn 0.6802 -0.2961 0.6706
vn 0.4555 -0.2196 0.8627
vn 0.2675 -0.2467 0.9314
vn 0.3187 0.1165 0.9407
vn 0.2804 0.4326 0.8569
vn 0.3030 0.4546 0.8376
vn 0.2870 0.0939 0.9533
vn 0.5246 0.3250 0.7868
vn 0.3958 0.5674 0.7221
vn 0.2372 0.6294 0.7400
vn 0.2443 0.6275 0.7393
vn 0.2853 -0.1101 0.9521
vn 0.2421 -0.1115 0.9638
vn 0.8982 -0.3825 -0.2165
vn 0.9042 -0.3949 -0.1629
vn 0.8719 -0.4636 -0.1579
vn 0.8595 0.3249 0.3947
vn 0.8564 0.3181 0.4066
vn 0.8823 0.3538 0.3105
vn 0.8899 0.3627 0.2766
vn 0.6242 -0.5203 -0.5828
vn 0.7010 -0.4871 -0.5209
vn 0.8449 0.1596 0.5105
vn 0.8438 0.1750 0.5073
vn 0.8391 0.2799 0.4664
vn 0.8420 0.2853 0.4578
vn 0.8570 -0.3867 -0.3407
vn 0.9966 -0.0635 0.0520
vn 0.9940 -0.0592 0.0922
vn 0.8980 -0.1353 0.4187
vn 0.9823 -0.1318 0.1331
vn 0.7992 0.0009 0.6011
vn 0.7987 0.0114 0.6016
vn 0.7742 -0.1005 0.6249
vn 0.9711 -0.1758 0.1612
vn 0.9547 0.2481 0.1645
vn 0.6339 0.5540 0.5397
vn 0.8896 0.1941 0.4135
vn 0.9858 0.1113 0.1255
vn 0.9900 0.1400 0.0182
vn 0.9993 0.0368 0.0065
vn 0.9860 0.1605 0.0454
vn 0.9985 0.0499 0.0222
vn 0.9977 -0.0680 -0.0049
vn 0.9976 -0.0694 -0.0073
vn 0.9938 -0.1109 -0.0008
vn 0.9931 -0.1156 0.0198
vn 0.8983 -0.3883 0.2056
vn 0.9216 -0.3836 0.0589
vn 0.2593 -0.9452 0.1981
vn 0.3121 -0.9294 0.1968
vn 0.8164 -0.5700 0.0923
vn 0.7855 -0.5600 0.2634
vn 0.2562 -0.8245 0.5046
vn 0.3194 -0.8200 0.4749
vn 0.4970 0.8611 0.1069
vn 0.3684 0.9223 0.1171
vn 0.6185 0.7801 0.0944
vn 0.4012 0.5823 0.7071
vn 0.5806 0.4341 0.6888
vn 0.5322 0.4792 0.6980
vn 0.7301 0.2599 0.6320
vn 0.9418 0.0315 -0.3346
vn 0.9038 -0.0123 -0.4277
vn 0.8936 -0.0223 -0.4482
vn 0.5706 0.7504 -0.3337
vn 0.5641 0.7001 -0.4377
vn 0.5550 0.6588 -0.5079
vn 0.3188 -0.7863 -0.5293
vn 0.2108 -0.7725 -0.5990
vn 0.2918 -0.9114 -0.2901
vn 0.3942 -0.8785 -0.2698
vn 0.3278 -0.7669 -0.5517
vn 0.4556 -0.8454 -0.2789
vn 0.5458 -0.8378 -0.0097
vn 0.3619 -0.9247 0.1182
vn 0.8057 -0.4517 -0.3831
vn 0.9231 -0.2945 0.2472
vn 0.9372 0.0828 -0.3388
vn 0.9418 -0.1009 -0.3208
vn 0.9088 -0.1505 -0.3892
vn 0.9211 -0.0717 -0.3826
vn 0.9216 0.1804 -0.3437
vn 0.9296 0.0201 -0.3681
vn 0.7022 0.1652 0.6926
vn 0.6419 0.1821 0.7449
vn 0.7937 0.1339 0.5934
vn 0.4399 -0.7970 -0.4138
vn 0.4901 -0.8471 -0.2053
vn 0.9554 -0.2156 -0.2019
vn 0.8078 -0.2754 0.5212
vn 0.5805 -0.5883 -0.5630
vn 0.4358 -0.6127 -0.6593
vn 0.3194 -0.6995 -0.6393
vn 0.4468 -0.7313 -0.5153
vn 0.5325 0.2076 0.8206
vn 0.8370 -0.2794 -0.4705
vn 0.9099 -0.1576 -0.3838
vn 0.7760 -0.3532 -0.5225
vn 0.7910 -0.6112 -0.0270
vn 0.7594 -0.6230 -0.1875
vn 0.7064 -0.6928 -0.1452
vn 0.6216 -0.7133 -0.3238
vn 0.7315 -0.4034 -0.5497
vn 0.3875 -0.6970 -0.6033
vn 0.4743 -0.5447 -0.6916
vn 0.7807 -0.5117 0.3587
vn 0.7091 -0.5684 0.4172
vn 0.7548 -0.6360 0.1605
vn 0.8013 -0.5974 0.0318
vn 0.4569 -0.3916 0.7987
vn 0.5518 -0.7184 0.4236
vn 0.5355 0.5925 -0.6018
vn 0.5998 -0.1625 -0.7835
vn 0.3248 -0.3637 -0.8731
vn 0.3367 -0.0882 -0.9375
vn 0.4170 -0.8797 0.2286
vn 0.2415 -0.3587 0.9017
vn 0.2624 -0.2727 0.9256
vn 0.2244 -0.3383 0.9139
vn 0.2168 -0.2860 0.9334
vn 0.2118 0.0079 0.9773
vn 0.1818 -0.0109 0.9833
vn 0.2542 0.0073 0.9671
vn 0.2660 0.0422 0.9631
vn 0.2291 0.0769 0.9704
vn 0.1921 0.1110 0.9751
vn 0.1868 -0.6350 -0.7496
vn -0.2476 -0.1232 -0.9610
vn -0.1885 -0.7375 -0.6485
vn -0.2948 -0.0956 0.9508
vn -0.3003 -0.0041 0.9538
vn -0.4652 -0.0014 0.8852
vn -0.3033 0.0889 0.9487
vn -0.3442 0.0582 0.9371
vn -0.7101 -0.0000 0.7041
vn -0.3403 -0.0595 0.9384
vn -0.2619 0.6876 -0.6772
vn -0.2638 0.7264 -0.6346
vn -0.2464 0.6987 -0.6717
vn -0.2305 0.7379 -0.6344
vn -0.2393 0.7782 -0.5807
vn -0.3664 0.9228 -0.1196
vn -0.3690 0.9289 -0.0304
vn -0.0506 0.9525 -0.3004
vn -0.0948 0.9540 -0.2843
vn -0.1024 0.9288 -0.3562
vn -0.0662 0.9778 -0.1990
vn -0.1417 0.9399 -0.3107
vn -0.2629 0.6808 -0.6837
vn -0.2926 0.7441 -0.6006
vn -0.3267 0.8260 -0.4593
vn -0.0121 0.9502 -0.3113
vn -0.2443 0.7965 -0.5531
vn -0.2433 0.7172 -0.6530
vn -0.2197 0.7031 -0.6763
vn -0.2785 0.8071 -0.5206
vn -0.2501 0.7569 -0.6038
vn -0.2301 0.7403 -0.6317
vn -0.2370 0.7153 -0.6573
vn -0.2403 0.6821 -0.6907
vn -0.3497 0.8815 -0.3174
vn -0.3578 0.9017 -0.2428
vn -0.3409 0.9083 -0.2423
vn -0.3911 0.8904 -0.2330
vn -0.2665 0.9568 -0.1164
vn -0.2686 0.9628 -0.0297
vn -0.0287 0.9108 -0.4119
vn -0.0392 0.8956 -0.4432
vn 0.0738 0.9433 -0.3236
vn 0.0717 0.9274 -0.3672
vn 0.2956 0.9058 -0.3036
vn 0.2886 0.8931 -0.3450
vn -0.0497 0.8766 -0.4787
vn -0.0312 0.8690 -0.4938
vn -0.0699 0.8896 -0.4514
vn -0.0683 0.8236 -0.5630
vn -0.1827 0.6647 -0.7244
vn -0.2083 0.7530 -0.6242
vn -0.1200 0.6694 -0.7331
vn -0.1390 0.6203 -0.7719
vn -0.0735 0.6063 -0.7918
vn -0.1758 0.6455 -0.7432
vn -0.1558 0.6138 -0.7739
vn 0.5028 0.8575 -0.1088
vn 0.5059 0.8619 -0.0354
vn 0.3659 0.6804 -0.6349
vn 0.4133 0.7354 -0.5370
vn 0.4558 0.7985 -0.3931
vn 0.4858 0.8333 -0.2639
vn 0.4943 0.8448 -0.2049
vn 0.6143 0.7685 -0.1790
vn 0.3028 0.9241 -0.2333
vn 0.1675 0.6969 -0.6974
vn 0.2166 0.6543 -0.7246
vn 0.2988 0.7168 -0.6301
vn 0.1162 0.6199 -0.7761
vn 0.2707 0.6491 -0.7109
vn 0.0080 0.9109 -0.4124
vn 0.0177 0.9045 -0.4260
vn 0.0405 0.8938 -0.4466
vn 0.0660 0.9148 -0.3984
vn 0.0132 0.8772 -0.4800
vn 0.0760 0.8444 -0.5303
vn 0.0317 0.9380 -0.3451
vn 0.0530 0.9516 -0.3027
vn 0.3323 0.9243 -0.1879
vn 0.3364 0.9236 -0.1836
vn 0.2057 0.9652 -0.1618
vn 0.5245 0.8319 -0.1814
vn 0.3402 0.9252 -0.1684
vn 0.3008 0.9397 -0.1627
vn 0.3149 0.9329 -0.1746
vn 0.3227 0.9280 -0.1860
vn 0.3444 0.9319 -0.1135
vn 0.0776 0.9666 -0.2444
vn 0.0730 0.9757 -0.2065
vn 0.0833 0.9535 -0.2898
vn 0.1027 0.9660 -0.2372
vn 0.1645 0.9560 -0.2428
vn 0.2026 0.9569 -0.2082
vn 0.1456 0.9777 -0.1510
vn 0.2888 0.8995 -0.3280
vn 0.2413 0.9537 -0.1793
vn -0.3244 0.9228 -0.2078
vn -0.3344 0.9291 -0.1582
vn -0.3806 0.9053 -0.1884
vn -0.3041 0.9440 -0.1276
vn -0.3424 0.9364 -0.0776
vn -0.2270 0.8422 -0.4890
vn -0.2669 0.8754 -0.4031
vn -0.2985 0.9051 -0.3029
vn -0.3454 0.9382 -0.0202
vn -0.2089 0.8206 -0.5319
vn -0.0229 0.9978 -0.0624
vn -0.0495 0.9984 -0.0268
vn -0.0334 0.9985 -0.0426
vn -0.1620 0.8132 -0.5589
vn -0.1191 0.9036 -0.4115
vn -0.1684 0.8096 -0.5623
vn -0.1517 0.8877 -0.4348
vn 0.0028 0.9832 -0.1823
vn 0.0147 0.6055 -0.7957
vn 0.2757 0.9472 -0.1638
vn 0.3338 0.8067 -0.4876
vn -0.2131 0.7386 -0.6396
vn -0.2071 0.7687 -0.6052
vn -0.2491 0.6692 -0.7001
vn -0.1698 0.6313 -0.7567
vn -0.1975 0.6759 -0.7101
vn 0.3227 0.6611 -0.6774
vn 0.1170 0.9850 -0.1265
vn -0.0949 0.7456 -0.6596
vn 0.0820 0.9357 -0.3432
vn 0.1202 0.7673 -0.6299
vn -0.0897 0.9070 -0.4116
vn -0.0412 0.9929 -0.1116
vn 0.0617 0.9832 -0.1716
vn -0.0114 0.8687 -0.4952
vn -0.2076 0.9019 -0.3789
vn -0.2300 0.8902 -0.3932
vn 0.1309 0.9578 -0.2558
vn -0.2625 0.9640 -0.0421
vn -0.2654 0.9636 -0.0311
vn -0.2806 0.9574 -0.0679
vn -0.2155 0.9765 -0.0019
vn -0.2677 0.9634 -0.0156
vn -0.2430 0.9665 -0.0822
vn -0.2545 0.9652 -0.0600
vn -0.2699 0.9629 -0.0047
vn -0.2092 0.8422 -0.4970
vn -0.1963 0.8409 -0.5044
vn -0.2236 0.8323 -0.5073
vn -0.2673 0.9633 0.0258
vn -0.1967 0.9803 0.0172
vn -0.1958 0.9804 0.0200
vn -0.2663 0.9635 0.0269
vn -0.1005 0.9949 0.0055
vn -0.0982 0.9951 0.0105
vn -0.0971 0.9952 0.0100
vn -0.1954 0.9806 0.0179
vn -0.2657 0.9638 0.0237
vn -0.2788 0.9498 -0.1422
vn -0.2043 0.9615 -0.1840
vn -0.2009 0.9582 -0.2035
vn -0.2740 0.9467 -0.1691
vn -0.0912 0.9672 -0.2369
vn -0.0999 0.9649 -0.2429
vn -0.1048 0.9641 -0.2442
vn -0.1981 0.9570 -0.2121
vn -0.2702 0.9451 -0.1838
vn -0.1977 0.9638 -0.1789
vn -0.2692 0.9503 -0.1561
vn -0.1056 0.9730 -0.2053
vn -0.1053 0.9879 -0.1138
vn -0.1986 0.9756 -0.0934
vn -0.2699 0.9598 -0.0766
vn -0.2062 0.9650 -0.1622
vn -0.2823 0.9522 -0.1165
vn -0.0887 0.9705 -0.2240
vn -0.1979 0.9801 -0.0136
vn -0.2688 0.9632 -0.0019
vn -0.1033 0.9942 -0.0287
vn -0.3103 0.9501 0.0314
vn -0.3092 0.9505 0.0315
vn -0.3086 0.9508 0.0275
vn -0.3238 0.9392 -0.1142
vn -0.3186 0.9366 -0.1458
vn -0.3143 0.9350 -0.1646
vn -0.3128 0.9393 -0.1407
vn -0.3131 0.9475 -0.0653
vn -0.3274 0.9411 -0.0841
vn -0.3119 0.9501 0.0058
vn -0.1954 0.9806 0.0129
vn -0.2656 0.9639 0.0172
vn -0.0971 0.9952 0.0070
vn -0.0966 0.9953 0.0035
vn -0.1951 0.9807 0.0076
vn -0.2654 0.9641 0.0103
vn -0.2652 0.9642 0.0082
vn -0.1949 0.9808 0.0059
vn -0.1948 0.9808 0.0059
vn -0.2651 0.9642 0.0082
vn -0.0959 0.9954 0.0024
vn -0.0956 0.9954 0.0025
vn -0.0954 0.9954 0.0024
vn -0.1948 0.9808 0.0056
vn -0.2651 0.9642 0.0078
vn -0.1949 0.9808 0.0039
vn -0.2651 0.9642 0.0053
vn -0.0954 0.9954 0.0017
vn -0.3084 0.9510 0.0200
vn -0.3083 0.9512 0.0121
vn -0.3081 0.9513 0.0097
vn -0.3080 0.9513 0.0097
vn -0.2882 0.9576 0.0022
vn -0.3080 0.9513 0.0092
vn -0.3080 0.9514 0.0063
vn 0.0080 1.0000 -0.0018
vn 0.0100 0.9999 -0.0025
vn 0.0117 0.9999 -0.0040
vn -0.0073 0.9999 -0.0109
vn 0.0025 1.0000 -0.0038
vn -0.0250 0.9909 -0.1323
vn -0.0174 0.9988 -0.0460
vn 0.0144 0.9999 -0.0044
vn 0.0157 0.9999 -0.0040
vn 0.0878 0.9960 -0.0176
vn 0.0170 0.9999 -0.0032
vn 0.1009 0.9730 -0.2075
vn 0.0416 0.9716 -0.2330
vn -0.0243 0.9642 -0.2640
vn 0.0179 0.9998 -0.0019
vn -0.0287 0.9737 -0.2261
vn 0.2618 0.8852 -0.3845
vn 0.4051 0.8123 -0.4196
vn 0.6098 0.5868 -0.5328
vn -0.1156 0.2707 -0.9557
vn -0.1164 0.2943 -0.9486
vn -0.0446 0.0866 -0.9952
vn -0.0354 0.0737 -0.9967
vn 0.8681 -0.2977 0.3972
vn 0.8920 -0.2423 0.3817
vn 0.0348 -0.0248 -0.9991
vn 0.0307 0.6047 -0.7959
vn 0.0320 0.6053 -0.7953
vn -0.0693 0.4865 -0.8709
vn -0.0747 0.4753 -0.8766
vn 0.8068 -0.4723 0.3550
vn 0.7287 -0.4983 0.4697
vn 0.7761 -0.4033 0.4848
vn 0.8396 -0.3977 0.3701
vn 0.2876 0.9235 -0.2540
vn 0.2879 0.9245 -0.2497
vn 0.6519 -0.7419 0.1569
vn 0.7527 -0.6456 0.1291
vn 0.6619 -0.6820 0.3111
vn 0.7576 -0.6053 0.2441
vn 0.2412 0.8311 -0.5011
vn 0.2434 0.8350 -0.4935
vn -0.2046 0.9524 -0.2261
vn -0.0439 0.9763 -0.2121
vn -0.3516 0.9105 -0.2176
vn -0.3768 0.8185 -0.4337
vn -0.2415 0.8469 -0.4737
vn -0.0774 0.8835 -0.4620
vn -0.6245 0.1677 -0.7628
vn -0.5617 0.1332 -0.8165
vn -0.6825 0.2029 -0.7022
vn -0.5995 0.0856 -0.7958
vn 0.5546 -0.5024 0.6634
vn 0.4988 -0.6245 0.6010
vn 0.3371 -0.6116 0.7158
vn 0.6889 -0.5843 0.4291
vn 0.4614 -0.7835 0.4163
vn 0.4470 -0.8741 0.1904
vn 0.0341 -0.2427 -0.9695
vn 0.0381 -0.2407 -0.9699
vn 0.0417 -0.1002 -0.9941
vn 0.0370 -0.1009 -0.9942
vn 0.0381 -0.2398 -0.9701
vn 0.0417 -0.1001 -0.9941
vn 0.0463 0.0468 -0.9978
vn 0.0463 0.0475 -0.9978
vn 0.0414 0.0481 -0.9980
vn 0.0284 -0.6000 -0.7995
vn 0.0301 -0.5980 -0.8009
vn 0.0345 -0.4038 -0.9142
vn 0.0316 -0.4065 -0.9131
vn 0.0301 -0.5973 -0.8015
vn 0.0345 -0.4026 -0.9147
vn 0.0149 -0.9622 -0.2719
vn 0.0155 -0.9631 -0.2688
vn 0.0241 -0.7998 -0.5998
vn 0.0235 -0.8003 -0.5991
vn 0.0154 -0.9641 -0.2651
vn 0.0241 -0.8002 -0.5993
vn 0.0654 0.9124 -0.4040
vn 0.0682 0.9116 -0.4054
vn 0.0686 0.9556 -0.2866
vn 0.0662 0.9557 -0.2867
vn 0.0682 0.9111 -0.4066
vn 0.0694 0.9836 -0.1664
vn 0.0693 0.9833 -0.1680
vn 0.0666 0.9832 -0.1702
vn 0.0384 0.1624 0.9860
vn 0.0325 0.3096 0.9503
vn 0.0484 0.3182 0.9468
vn 0.0449 0.1643 0.9854
vn 0.0231 0.4837 0.8749
vn 0.0543 0.4914 0.8693
vn 0.0543 0.4912 0.8693
vn 0.0484 0.3181 0.9468
vn 0.0449 0.1642 0.9854
vn 0.0480 0.9304 0.3633
vn 0.0694 0.9234 0.3775
vn 0.0630 0.7289 0.6817
vn 0.0281 0.7330 0.6797
vn 0.0693 0.9226 0.3794
vn 0.0630 0.7285 0.6822
vn 0.0576 0.5329 -0.8442
vn 0.0617 0.5305 -0.8454
vn 0.0670 0.7875 -0.6127
vn 0.0637 0.7894 -0.6105
vn 0.0617 0.5286 -0.8466
vn 0.0670 0.7860 -0.6146
vn -0.0030 -0.9561 0.2932
vn -0.0010 -0.9561 0.2929
vn -0.0005 -0.9665 0.2569
vn -0.0027 -0.9670 0.2548
vn -0.0010 -0.9562 0.2928
vn -0.0006 -0.9658 0.2592
vn 0.0013 -0.9748 0.2230
vn 0.0014 -0.9760 0.2179
vn -0.0006 -0.9771 0.2129
vn 0.0005 -0.9316 0.3634
vn 0.0022 -0.9337 0.3580
vn -0.0001 -0.9444 0.3287
vn -0.0020 -0.9436 0.3312
vn 0.0021 -0.9357 0.3528
vn -0.0001 -0.9453 0.3261
vn 0.0147 -0.7415 0.6708
vn 0.0178 -0.7478 0.6636
vn 0.0072 -0.8966 0.4427
vn 0.0059 -0.8929 0.4502
vn 0.0176 -0.7515 0.6595
vn 0.0070 -0.8998 0.4362
vn 0.0064 -0.9977 0.0670
vn 0.0050 -0.9981 0.0607
vn 0.0063 -0.9973 0.0733
vn 0.0314 -0.2713 0.9620
vn 0.0350 -0.2736 0.9612
vn 0.0290 -0.4793 0.8772
vn 0.0247 -0.4717 0.8814
vn 0.0350 -0.2739 0.9611
vn 0.0290 -0.4811 0.8762
vn 0.0706 0.9960 0.0555
vn 0.0630 0.9970 0.0443
vn 0.0706 0.9958 0.0583
vn 0.0531 0.2475 -0.9674
vn 0.0484 0.2492 -0.9672
vn 0.0531 0.2461 -0.9678
vn 0.0124 0.0483 -0.9988
vn 0.0208 0.2536 -0.9671
vn 0.0335 0.5393 -0.8415
vn 0.0515 0.9832 -0.1749
vn 0.0259 0.9993 -0.0261
vn -0.0822 0.9719 0.2207
vn -0.0032 -0.2545 0.9671
vn -0.0467 -0.3696 0.9280
vn -0.1899 -0.2286 0.9548
vn -0.0410 -0.6882 0.7243
vn -0.1872 -0.2407 0.9524
vn -0.0135 -0.9781 0.2075
vn -0.0036 -0.9985 0.0538
vn 0.0111 -0.9631 -0.2691
vn -0.0062 -0.8853 0.4649
vn -0.0116 -0.9287 0.3707
vn -0.0144 -0.9423 0.3344
vn -0.0158 -0.9552 0.2955
vn -0.0161 -0.9669 0.2547
vn 0.0443 0.7942 -0.6060
vn 0.0497 0.9145 -0.4015
vn -0.1588 0.8151 0.5571
vn -0.3911 0.8696 0.3013
vn -0.0080 0.4735 0.8808
vn -0.6514 0.4194 0.6323
vn -0.1197 0.2111 0.9701
vn -0.0172 0.1498 0.9886
vn -0.4161 0.0169 0.9092
vn 0.0520 0.9567 -0.2863
vn 0.0189 -0.8084 -0.5884
vn 0.0178 -0.6132 -0.7897
vn 0.0137 -0.4207 -0.9071
vn 0.0099 -0.2539 -0.9672
vn 0.0089 -0.1064 -0.9943
vn 0.0381 -0.2388 -0.9703
vn 0.0417 -0.0999 -0.9941
vn 0.0463 0.0460 -0.9979
vn 0.0301 -0.5965 -0.8020
vn 0.0346 -0.4013 -0.9153
vn 0.0153 -0.9652 -0.2611
vn 0.0241 -0.8006 -0.5987
vn 0.0682 0.9104 -0.4080
vn 0.0686 0.9556 -0.2865
vn 0.0694 0.9839 -0.1646
vn 0.0484 0.3180 0.9469
vn 0.0449 0.1641 0.9854
vn 0.0543 0.4911 0.8694
vn 0.0693 0.9218 0.3815
vn 0.0630 0.7280 0.6827
vn 0.0616 0.5266 -0.8479
vn 0.0670 0.7844 -0.6167
vn -0.0010 -0.9562 0.2927
vn -0.0006 -0.9651 0.2618
vn 0.0012 -0.9736 0.2284
vn 0.0019 -0.9377 0.3473
vn -0.0001 -0.9463 0.3234
vn 0.0174 -0.7554 0.6550
vn 0.0067 -0.9032 0.4292
vn 0.0061 -0.9968 0.0801
vn 0.0350 -0.2742 0.9610
vn 0.0289 -0.4830 0.8752
vn 0.0706 0.9956 0.0613
vn 0.0530 0.2447 -0.9682
vn -0.2491 -0.9244 -0.2888
vn -0.0744 -0.9457 -0.3165
vn -0.2333 -0.8364 -0.4960
vn -0.0646 -0.8421 -0.5354
vn -0.0515 0.9987 -0.0052
vn -0.0560 -0.2965 -0.9534
vn -0.0421 -0.3138 -0.9486
vn -0.0244 -0.2938 -0.9555
vn -0.0247 -0.2767 -0.9606
vn -0.0424 -0.4659 -0.8838
vn -0.0295 -0.4430 -0.8960
vn -0.0558 -0.3421 -0.9380
vn -0.0460 -0.5861 -0.8089
vn -0.0333 -0.5597 -0.8281
vn -0.0653 -0.9776 -0.2003
vn -0.0655 -0.9866 -0.1495
vn -0.0406 -0.9883 -0.1467
vn -0.0423 -0.9757 -0.2148
vn -0.0643 -0.9638 -0.2589
vn -0.0398 -0.9882 -0.1476
vn -0.0504 -0.8771 -0.4776
vn -0.0461 -0.8879 -0.4578
vn -0.0698 -0.3053 -0.9497
vn -0.0760 0.3675 -0.9269
vn -0.0848 0.2891 -0.9535
vn -0.0626 -0.2682 -0.9613
vn -0.0572 -0.1891 -0.9803
vn -0.0583 -0.1822 -0.9815
vn -0.0623 -0.2112 -0.9755
vn 0.0041 0.9165 0.4000
vn -0.0228 0.9761 0.2160
vn 0.0198 0.8565 0.5157
vn -0.0521 0.9982 -0.0296
vn -0.0511 0.9975 -0.0478
vn -0.0450 0.9989 0.0121
vn -0.0820 -0.5571 -0.8264
vn -0.1431 -0.4145 -0.8987
vn -0.0552 -0.8092 -0.5849
vn -0.0461 -0.2670 -0.9626
vn 0.0401 -0.0677 0.9969
vn 0.0401 -0.0676 0.9969
vn 0.0370 -0.0679 0.9970
vn -0.0028 -0.0711 0.9975
vn 0.0361 -0.0679 0.9970
vn 0.0401 -0.0675 0.9969
vn -0.0952 -0.3935 -0.9144
vn -0.1351 -0.3899 -0.9109
vn -0.4060 -0.3251 -0.8541
vn -0.1088 -0.4648 -0.8787
vn -0.1880 -0.4858 -0.8536
vn -0.8742 -0.2758 -0.3995
vn -0.9530 -0.2558 -0.1626
vn -0.5688 -0.3300 -0.7534
vn -0.2550 -0.9512 -0.1735
vn -0.2878 -0.9135 -0.2875
vn -0.2177 -0.5112 -0.8314
vn -0.2317 -0.6535 -0.7206
vn -0.3644 -0.5992 -0.7128
vn -0.3568 -0.6707 -0.6503
vn -0.4377 -0.8871 -0.1464
vn -0.4136 -0.8669 -0.2782
vn -0.3607 -0.4511 -0.8163
vn -0.4631 -0.5132 -0.7226
vn -0.2004 -0.4488 -0.8709
vn -0.3549 -0.6081 -0.7101
vn -0.1807 -0.3435 -0.9216
vn -0.1635 -0.3825 -0.9094
vn -0.1520 -0.4364 -0.8868
vn -0.5913 -0.1781 -0.7865
vn -0.5748 -0.2011 -0.7932
vn -0.2082 0.8521 -0.4802
vn -0.4222 0.7873 -0.4493
vn -0.2990 0.8172 -0.4927
vn -0.8531 0.1540 0.4984
vn -0.6218 0.0908 0.7779
vn -0.4516 0.1328 0.8823
vn -0.7866 -0.1601 -0.5963
vn -0.8094 -0.1864 -0.5569
vn -0.7767 -0.3203 0.5424
vn -0.5272 0.7366 -0.4237
vn -0.5064 -0.0705 0.8594
vn -0.3855 0.7124 -0.5864
vn -0.9567 0.2081 -0.2035
vn -0.9732 0.1969 -0.1189
vn -0.9058 0.0186 -0.4232
vn -0.8604 0.0494 -0.5072
vn -0.1638 -0.1812 0.9697
vn -0.0824 -0.1816 0.9799
vn -0.9706 -0.0501 0.2353
vn -0.9706 -0.0510 0.2351
vn -0.0078 -0.1657 0.9861
vn -0.1533 -0.1190 0.9810
vn -0.3700 0.0517 -0.9276
vn -0.2452 0.0632 -0.9674
vn -0.2879 -0.0919 0.9532
vn -0.1148 0.0659 -0.9912
vn -0.1937 0.0650 -0.9789
vn -0.0492 -0.7464 -0.6637
vn -0.0784 -0.8858 -0.4573
vn -0.0460 -0.2064 -0.9774
vn -0.0631 -0.2029 -0.9772
vn -0.3940 -0.8760 -0.2782
vn -0.3586 -0.8155 -0.4543
vn -0.9686 -0.2435 -0.0504
vn -0.1490 -0.9661 -0.2108
vn -0.3557 -0.7964 -0.4892
vn -0.1158 -0.3058 -0.9450
vn -0.3768 -0.0566 0.9246
vn -0.1998 -0.0693 0.9774
vn -0.2751 0.0674 -0.9590
vn 0.0068 -0.0684 0.9976
vn -0.7256 -0.2493 -0.6414
vn -0.6425 -0.2856 -0.7111
vn -0.5627 -0.3089 -0.7668
vn -0.2847 -0.3574 -0.8895
vn -0.4085 -0.4098 -0.8156
vn -0.0316 -0.3665 -0.9299
vn -0.0374 -0.4441 -0.8952
vn -0.0243 -0.3692 -0.9290
vn -0.0263 -0.4476 -0.8939
vn 0.6142 -0.3983 0.6813
vn 0.1449 0.7005 -0.6988
vn 0.1474 0.7033 -0.6955
vn 0.7768 -0.5384 0.3267
vn 0.0131 0.9999 -0.0045
vn -0.0962 0.9954 0.0024
vn -0.3082 0.9513 0.0097
vn -0.2652 0.9641 0.0082
vn -0.2587 0.9647 -0.0488
vn -0.3142 0.9196 -0.2358
vn 0.3279 0.9257 -0.1887
vn 0.4771 0.8260 -0.3002
vn 0.0760 0.9657 -0.2481
vn -0.1264 0.9611 -0.2457
vn -0.3438 0.8675 -0.3596
vn 0.9773 0.1928 0.0883
vn 0.9960 0.0720 0.0526
vn 0.9978 -0.0668 0.0049
vn 0.9906 -0.1220 0.0620
vn 0.9836 -0.1609 0.0811
vn 0.8866 -0.3734 -0.2729
vn 0.8495 0.3012 0.4333
vn 0.8503 0.3039 0.4296
vn 0.4751 -0.5712 0.6693
vn 0.6193 -0.4772 0.6235
vn 0.2759 0.6859 0.6734
vn 0.2496 0.6668 0.7022
vn -0.9984 0.0335 0.0445
vn -0.9770 0.1783 0.1173
vn -0.9167 0.3513 0.1904
vn -0.2762 -0.9605 -0.0349
vn -0.2116 -0.9773 -0.0070
vn -0.1282 -0.9917 -0.0005
vn -0.4081 0.8875 -0.2138
vn 0.0136 -0.9999 -0.0031
vn 0.1297 -0.9911 -0.0298
vn 0.4444 -0.8906 -0.0963
vn 0.5602 0.5665 -0.6044
vn 0.6795 0.6001 -0.4221
vn 0.7439 0.5991 -0.2962
vn 0.2583 0.9566 -0.1351
vn 0.0002 0.9974 -0.0718
vn 0.1134 0.9926 -0.0429
vn 0.1267 0.9887 -0.0801
vn 0.1507 0.9808 -0.1234
vn 0.6358 0.7527 -0.1711
vn -0.3188 0.9188 -0.2327
vn -0.3344 0.9123 -0.2365
vn 0.7434 -0.6518 -0.1502
vn -0.3179 0.6786 -0.6622
vn -0.1619 0.7095 -0.6858
vn -0.4359 0.6758 -0.5944
vn -0.7325 0.6793 0.0450
vn -0.6772 0.7357 0.0103
vn -0.0963 0.9954 0.0012
vn 0.0316 -0.5590 -0.8285
vn 0.0223 -0.4881 -0.8725
vn 0.0327 -0.6761 -0.7361
vn -0.0488 -0.8952 -0.4429
vn -0.0166 -0.3974 -0.9175
vn -0.0156 -0.4754 -0.8797
vn -0.2893 0.9521 -0.0989
vn -0.2287 -0.9692 -0.0913
vn -0.2884 -0.9546 -0.0744
vn -0.1485 -0.9742 -0.1702
vn -0.1396 0.9902 0.0054
vn -0.2606 0.9360 -0.2366
vt 0.444444 0.899801
vt 0.430721 0.899801
vt 0.427910 0.889970
vt 0.437519 0.889749
vt 0.416999 0.899801
vt 0.417160 0.889874
vt 0.417322 0.879946
vt 0.425848 0.879918
vt 0.433116 0.880074
vt 0.082408 0.316182
vt 0.090410 0.297739
vt 0.109809 0.297474
vt 0.106974 0.313302
vt 0.092097 0.278675
vt 0.108299 0.277124
vt 0.123121 0.275624
vt 0.124075 0.289704
vt 0.127515 0.299474
vt 0.123976 0.307674
vt 0.122461 0.318168
vt 0.560906 0.522249
vt 0.560460 0.541353
vt 0.537815 0.549385
vt 0.539926 0.534681
vt 0.560014 0.560457
vt 0.535870 0.562713
vt 0.511725 0.564968
vt 0.515146 0.557695
vt 0.518566 0.550422
vt 0.189407 0.489925
vt 0.190144 0.522972
vt 0.188294 0.523956
vt 0.187097 0.491722
vt 0.191116 0.559140
vt 0.189532 0.559141
vt 0.187949 0.559142
vt 0.186081 0.524972
vt 0.184212 0.490802
vt 0.183235 0.319432
vt 0.174888 0.335154
vt 0.172527 0.318343
vt 0.178518 0.307707
vt 0.165153 0.346945
vt 0.164469 0.325593
vt 0.164756 0.308509
vt 0.170553 0.303553
vt 0.175423 0.294457
vt 0.601057 0.208898
vt 0.599329 0.229646
vt 0.595228 0.225515
vt 0.596445 0.212139
vt 0.598771 0.249703
vt 0.594382 0.242331
vt 0.588313 0.222805
vt 0.590073 0.219093
vt 0.591833 0.215381
vt 0.595538 0.597750
vt 0.590885 0.597512
vt 0.590743 0.584285
vt 0.595492 0.584532
vt 0.586380 0.597253
vt 0.586138 0.584016
vt 0.585895 0.570779
vt 0.590584 0.571059
vt 0.595272 0.571339
vt 0.956705 0.480553
vt 0.957292 0.479152
vt 0.959656 0.479152
vt 0.959512 0.480553
vt 0.957128 0.477752
vt 0.959724 0.477752
vt 0.962319 0.477752
vt 0.962319 0.479152
vt 0.962319 0.480553
vt 0.595576 0.690942
vt 0.592059 0.696072
vt 0.591229 0.679804
vt 0.595580 0.679113
vt 0.585895 0.697908
vt 0.586731 0.679937
vt 0.587566 0.661965
vt 0.591396 0.664600
vt 0.595635 0.664874
vt 0.059022 0.285863
vt 0.059096 0.297767
vt 0.054029 0.297552
vt 0.054359 0.281560
vt 0.059194 0.312762
vt 0.054364 0.313094
vt 0.051336 0.315844
vt 0.050079 0.297934
vt 0.048822 0.280024
vt 0.424978 0.869386
vt 0.430987 0.869814
vt 0.417686 0.868908
vt 0.418050 0.857870
vt 0.425511 0.859084
vt 0.431029 0.859646
vt 0.427639 0.849782
vt 0.432918 0.850318
vt 0.421077 0.849181
vt 0.424103 0.840492
vt 0.430606 0.841019
vt 0.435846 0.841543
vt 0.433805 0.832343
vt 0.439044 0.832866
vt 0.427347 0.831819
vt 0.430591 0.823146
vt 0.437144 0.823678
vt 0.442391 0.824201
vt 0.440881 0.814760
vt 0.446127 0.815235
vt 0.434209 0.814501
vt 0.437828 0.805856
vt 0.446242 0.804038
vt 0.451291 0.804392
vt 0.165010 0.276217
vt 0.164819 0.291870
vt 0.159705 0.291691
vt 0.160071 0.275603
vt 0.158480 0.307784
vt 0.154378 0.302662
vt 0.154386 0.290691
vt 0.154481 0.275403
vt 0.142257 0.275190
vt 0.142337 0.289509
vt 0.134273 0.288305
vt 0.134136 0.275103
vt 0.142878 0.305015
vt 0.134688 0.301782
vt 0.123683 0.233120
vt 0.124590 0.246008
vt 0.111476 0.255925
vt 0.109948 0.235450
vt 0.127788 0.253533
vt 0.124486 0.262012
vt 0.093630 0.258509
vt 0.094388 0.238147
vt 0.916019 0.768070
vt 0.915605 0.775335
vt 0.904558 0.766035
vt 0.904765 0.752081
vt 0.915192 0.782600
vt 0.904352 0.779989
vt 0.893511 0.777378
vt 0.893511 0.756735
vt 0.893511 0.736093
vt 0.237013 0.621828
vt 0.236540 0.601140
vt 0.244263 0.600739
vt 0.247483 0.619168
vt 0.236068 0.580451
vt 0.240099 0.583391
vt 0.244130 0.586332
vt 0.252223 0.600069
vt 0.260315 0.613806
vt 0.800717 0.757410
vt 0.798918 0.770958
vt 0.788059 0.765754
vt 0.777348 0.736207
vt 0.797119 0.784506
vt 0.788242 0.781821
vt 0.779365 0.779135
vt 0.778693 0.763103
vt 0.772648 0.742856
vt 0.767533 0.757824
vt 0.759135 0.729474
vt 0.770265 0.774364
vt 0.761166 0.769594
vt 0.753986 0.752521
vt 0.748730 0.733209
vt 0.545875 0.233470
vt 0.548456 0.234727
vt 0.537423 0.241465
vt 0.535325 0.239723
vt 0.555197 0.234749
vt 0.539526 0.250909
vt 0.524822 0.247638
vt 0.522703 0.247291
vt 0.520585 0.246944
vt 0.092721 0.840071
vt 0.090711 0.840811
vt 0.096494 0.829285
vt 0.097911 0.828822
vt 0.088701 0.841550
vt 0.095281 0.829475
vt 0.099670 0.817207
vt 0.100569 0.819929
vt 0.101497 0.819947
vt 0.096741 0.838593
vt 0.102103 0.827296
vt 0.106693 0.825556
vt 0.103018 0.835916
vt 0.104618 0.818840
vt 0.107845 0.817368
vt 0.112510 0.813687
vt 0.112667 0.823184
vt 0.112823 0.832680
vt 0.947299 0.480919
vt 0.947299 0.479335
vt 0.948632 0.479298
vt 0.948463 0.481253
vt 0.947299 0.477751
vt 0.948883 0.477751
vt 0.950466 0.477751
vt 0.949825 0.479191
vt 0.949501 0.480553
vt 0.603166 0.213694
vt 0.602968 0.232044
vt 0.601542 0.231705
vt 0.601912 0.213350
vt 0.602734 0.252706
vt 0.601225 0.252330
vt 0.187425 0.270654
vt 0.187466 0.281887
vt 0.185980 0.281957
vt 0.185937 0.270739
vt 0.187505 0.293104
vt 0.186037 0.293116
vt 0.183960 0.292891
vt 0.183766 0.282076
vt 0.183706 0.270923
vt 0.191921 0.488916
vt 0.192332 0.522467
vt 0.191351 0.522530
vt 0.190858 0.489043
vt 0.192587 0.559139
vt 0.191851 0.559140
vt 0.602130 0.509414
vt 0.602067 0.529598
vt 0.600748 0.529568
vt 0.600794 0.509458
vt 0.601774 0.548844
vt 0.600681 0.548799
vt 0.599589 0.548755
vt 0.599626 0.529651
vt 0.599664 0.510546
vt 0.827251 0.333822
vt 0.832013 0.320551
vt 0.834261 0.320385
vt 0.832238 0.332503
vt 0.836776 0.307281
vt 0.836812 0.307105
vt 0.836848 0.306930
vt 0.836376 0.320509
vt 0.835904 0.334088
vt 0.602610 0.271824
vt 0.601079 0.271644
vt 0.602563 0.289657
vt 0.601026 0.289825
vt 0.598498 0.291002
vt 0.598573 0.270382
vt 0.602528 0.307127
vt 0.600982 0.307578
vt 0.602495 0.323700
vt 0.600937 0.324364
vt 0.598251 0.329011
vt 0.598390 0.310736
vt 0.602445 0.349482
vt 0.602430 0.356699
vt 0.601094 0.356674
vt 0.601069 0.349914
vt 0.602414 0.364811
vt 0.601079 0.364421
vt 0.599960 0.360132
vt 0.599967 0.356549
vt 0.599974 0.352967
vt 0.602386 0.379052
vt 0.601051 0.378834
vt 0.602343 0.401105
vt 0.601008 0.400616
vt 0.599891 0.395369
vt 0.599926 0.377751
vt 0.602285 0.430411
vt 0.600949 0.430338
vt 0.602225 0.461017
vt 0.600888 0.461288
vt 0.599754 0.464881
vt 0.599822 0.430125
vt 0.602174 0.487181
vt 0.600837 0.487225
vt 0.599709 0.487714
vt 0.187397 0.011171
vt 0.187665 0.016734
vt 0.186047 0.016807
vt 0.186311 0.011208
vt 0.187704 0.022305
vt 0.186006 0.022383
vt 0.182304 0.022665
vt 0.182535 0.017076
vt 0.185225 0.011245
vt 0.187737 0.060720
vt 0.187715 0.077113
vt 0.186043 0.077315
vt 0.186039 0.060850
vt 0.187690 0.094839
vt 0.186130 0.094958
vt 0.183396 0.095540
vt 0.182525 0.078486
vt 0.182339 0.061518
vt 0.187669 0.108741
vt 0.186169 0.108804
vt 0.187648 0.119922
vt 0.186157 0.119979
vt 0.183907 0.120100
vt 0.183858 0.108984
vt 0.187568 0.141057
vt 0.187483 0.151265
vt 0.185995 0.151342
vt 0.186077 0.141122
vt 0.187390 0.161400
vt 0.185903 0.161489
vt 0.183667 0.161693
vt 0.183753 0.151512
vt 0.183831 0.141260
vt 0.190850 0.225793
vt 0.188964 0.225864
vt 0.188934 0.214726
vt 0.190820 0.214653
vt 0.187287 0.225936
vt 0.187258 0.214800
vt 0.187240 0.203753
vt 0.188915 0.203676
vt 0.190800 0.203600
vt 0.187320 0.237102
vt 0.185859 0.237191
vt 0.185932 0.226012
vt 0.187354 0.248275
vt 0.185866 0.248367
vt 0.183637 0.248572
vt 0.183709 0.237392
vt 0.184838 0.226070
vt 0.086096 0.799299
vt 0.087249 0.799189
vt 0.097407 0.810729
vt 0.070330 0.781200
vt 0.077648 0.787755
vt 0.077762 0.786406
vt 0.088250 0.799070
vt 0.100353 0.812964
vt 0.788363 0.476745
vt 0.791271 0.508688
vt 0.776208 0.509393
vt 0.777156 0.484810
vt 0.794178 0.540631
vt 0.776357 0.533334
vt 0.759785 0.529601
vt 0.761461 0.510861
vt 0.765948 0.492875
vt 0.795759 0.561159
vt 0.777877 0.555356
vt 0.797339 0.581687
vt 0.780008 0.576713
vt 0.756167 0.575084
vt 0.759584 0.548719
vt 0.800053 0.614467
vt 0.800385 0.618645
vt 0.785925 0.617723
vt 0.785318 0.609727
vt 0.800717 0.622823
vt 0.787174 0.621027
vt 0.775083 0.624365
vt 0.768626 0.626834
vt 0.772254 0.615519
vt 0.235641 0.745823
vt 0.235099 0.725133
vt 0.247732 0.728168
vt 0.247978 0.750252
vt 0.234556 0.704442
vt 0.247690 0.706091
vt 0.260315 0.707723
vt 0.260315 0.731202
vt 0.260315 0.754681
vt 0.235848 0.683810
vt 0.248088 0.684027
vt 0.237139 0.663178
vt 0.248539 0.661965
vt 0.260315 0.660764
vt 0.260315 0.684244
vt 0.237076 0.642503
vt 0.248559 0.640029
vt 0.260315 0.637285
vt 0.558749 0.274086
vt 0.540490 0.277556
vt 0.562300 0.313424
vt 0.540006 0.309444
vt 0.520309 0.311804
vt 0.522565 0.279721
vt 0.557940 0.341420
vt 0.537184 0.336458
vt 0.553580 0.369416
vt 0.533631 0.359842
vt 0.512915 0.353004
vt 0.516612 0.332404
vt 0.543050 0.405853
vt 0.542471 0.407995
vt 0.526868 0.403757
vt 0.528410 0.395665
vt 0.540859 0.417933
vt 0.525465 0.413982
vt 0.508739 0.394291
vt 0.509332 0.390098
vt 0.509926 0.385905
vt 0.538630 0.437088
vt 0.523319 0.432598
vt 0.535737 0.460774
vt 0.520777 0.455045
vt 0.504822 0.435584
vt 0.506781 0.414938
vt 0.532511 0.484237
vt 0.518382 0.476835
vt 0.529196 0.505505
vt 0.515970 0.496996
vt 0.504585 0.476977
vt 0.504704 0.456281
vt 0.525615 0.524609
vt 0.513250 0.515717
vt 0.510098 0.534359
vt 0.501630 0.518296
vt 0.503108 0.497637
vt 0.108422 0.029424
vt 0.108439 0.035288
vt 0.099673 0.041050
vt 0.099722 0.035293
vt 0.108457 0.040593
vt 0.099954 0.045860
vt 0.093160 0.051789
vt 0.090235 0.050756
vt 0.091023 0.041161
vt 0.894761 0.010654
vt 0.900615 0.034926
vt 0.898522 0.034934
vt 0.894660 0.020401
vt 0.906468 0.059197
vt 0.900524 0.049487
vt 0.899590 0.049335
vt 0.896895 0.034938
vt 0.893040 0.018954
vt 0.108513 0.153030
vt 0.100942 0.153559
vt 0.093942 0.134477
vt 0.099430 0.131936
vt 0.091235 0.157638
vt 0.087900 0.136742
vt 0.085536 0.118566
vt 0.089211 0.116735
vt 0.090347 0.110842
vt 0.123717 0.190874
vt 0.124818 0.203938
vt 0.112349 0.214343
vt 0.110104 0.193576
vt 0.127939 0.211364
vt 0.124817 0.219914
vt 0.094922 0.217964
vt 0.094683 0.197800
vt 0.187264 0.182160
vt 0.187240 0.192860
vt 0.185912 0.192934
vt 0.185909 0.182230
vt 0.185911 0.203822
vt 0.184781 0.203804
vt 0.184791 0.192987
vt 0.184801 0.182170
vt 0.125458 0.148429
vt 0.125014 0.161161
vt 0.111566 0.169669
vt 0.116050 0.149783
vt 0.127838 0.168764
vt 0.124675 0.177177
vt 0.094227 0.177406
vt 0.125822 0.021716
vt 0.125839 0.027456
vt 0.117139 0.031003
vt 0.117122 0.025570
vt 0.125856 0.032873
vt 0.117157 0.036349
vt 0.125913 0.070034
vt 0.125937 0.086117
vt 0.117265 0.089038
vt 0.117213 0.072602
vt 0.126106 0.104330
vt 0.117624 0.108741
vt 0.108513 0.112077
vt 0.108513 0.091600
vt 0.108513 0.071124
vt 0.126920 0.119163
vt 0.119035 0.129405
vt 0.129100 0.126868
vt 0.126838 0.135345
vt 0.108513 0.132553
vt 0.780512 0.881549
vt 0.782392 0.881555
vt 0.783291 0.901174
vt 0.780512 0.902465
vt 0.784271 0.881561
vt 0.786071 0.899883
vt 0.787870 0.918206
vt 0.784191 0.920794
vt 0.780512 0.923382
vt 0.143221 0.016341
vt 0.143960 0.022136
vt 0.134621 0.024539
vt 0.134522 0.019029
vt 0.144043 0.027640
vt 0.134655 0.029988
vt 0.144099 0.065907
vt 0.143867 0.082738
vt 0.134685 0.083747
vt 0.134711 0.067557
vt 0.142867 0.099787
vt 0.134580 0.101218
vt 0.142326 0.113167
vt 0.134624 0.114959
vt 0.142244 0.124174
vt 0.134842 0.125591
vt 0.142233 0.145396
vt 0.142227 0.156006
vt 0.134360 0.157587
vt 0.134412 0.146776
vt 0.142222 0.166624
vt 0.134633 0.167824
vt 0.142231 0.230640
vt 0.142238 0.241348
vt 0.134317 0.242470
vt 0.134195 0.231583
vt 0.142245 0.252062
vt 0.134641 0.252749
vt 0.165344 0.013063
vt 0.165018 0.018819
vt 0.154343 0.020271
vt 0.154282 0.014702
vt 0.165004 0.024373
vt 0.154369 0.025791
vt 0.165053 0.063506
vt 0.165067 0.081026
vt 0.154385 0.084692
vt 0.154423 0.064935
vt 0.165159 0.097447
vt 0.158512 0.099432
vt 0.154361 0.103725
vt 0.150125 0.100359
vt 0.165202 0.110420
vt 0.159700 0.111158
vt 0.165196 0.121429
vt 0.159843 0.121970
vt 0.154346 0.122572
vt 0.154355 0.112139
vt 0.165161 0.142724
vt 0.165149 0.153284
vt 0.159801 0.153882
vt 0.159816 0.143274
vt 0.165298 0.163787
vt 0.159797 0.164476
vt 0.154299 0.165126
vt 0.154312 0.154497
vt 0.154325 0.143868
vt 0.142219 0.187911
vt 0.142220 0.198578
vt 0.134334 0.200015
vt 0.134188 0.189126
vt 0.142223 0.209255
vt 0.134651 0.210279
vt 0.165288 0.228462
vt 0.165134 0.239349
vt 0.159825 0.239895
vt 0.159791 0.229013
vt 0.165199 0.249798
vt 0.160075 0.250668
vt 0.154449 0.251213
vt 0.154327 0.240365
vt 0.154299 0.229532
vt 0.074146 0.126202
vt 0.045072 0.134684
vt 0.049464 0.116021
vt 0.075554 0.107025
vt 0.013887 0.143208
vt 0.022101 0.125464
vt 0.030315 0.107721
vt 0.058201 0.096402
vt 0.076962 0.087848
vt 0.073337 0.164510
vt 0.042121 0.171495
vt 0.043140 0.153086
vt 0.073741 0.145356
vt 0.010654 0.178435
vt 0.012271 0.160821
vt 0.066169 0.203656
vt 0.041890 0.207112
vt 0.041312 0.189880
vt 0.066520 0.184828
vt 0.010654 0.213587
vt 0.010654 0.196011
vt 0.708873 0.507301
vt 0.711846 0.520162
vt 0.707731 0.520669
vt 0.704958 0.507923
vt 0.712686 0.535642
vt 0.708083 0.535231
vt 0.707105 0.535174
vt 0.703769 0.521324
vt 0.701082 0.508526
vt 0.737275 0.550065
vt 0.741503 0.537873
vt 0.726358 0.533176
vt 0.729705 0.529370
vt 0.729985 0.525466
vt 0.734314 0.527174
vt 0.738142 0.523949
vt 0.745756 0.526704
vt 0.077641 0.071401
vt 0.084038 0.084545
vt 0.044116 0.088195
vt 0.057917 0.068669
vt 0.074470 0.054915
vt 0.090950 0.058074
vt 0.093187 0.060305
vt 0.090970 0.065588
vt 0.093204 0.068737
vt 0.090553 0.073470
vt 0.091114 0.081242
vt 0.073343 0.279513
vt 0.064308 0.281269
vt 0.057118 0.265487
vt 0.071574 0.261300
vt 0.040289 0.263238
vt 0.031755 0.246453
vt 0.051687 0.244056
vt 0.069422 0.241716
vt 0.699069 0.718012
vt 0.689053 0.701428
vt 0.736275 0.663457
vt 0.730542 0.717868
vt 0.679037 0.684843
vt 0.675574 0.667509
vt 0.672110 0.650175
vt 0.670264 0.632656
vt 0.668417 0.615138
vt 0.678568 0.614011
vt 0.688720 0.612884
vt 0.687219 0.596283
vt 0.685718 0.579682
vt 0.726411 0.591109
vt 0.763762 0.609637
vt 0.778145 0.642260
vt 0.782659 0.665290
vt 0.787174 0.688320
vt 0.791688 0.711350
vt 0.796203 0.734380
vt 0.374298 0.580659
vt 0.377119 0.580555
vt 0.376277 0.599529
vt 0.373436 0.599676
vt 0.379941 0.580451
vt 0.379079 0.599468
vt 0.378217 0.618485
vt 0.375596 0.618157
vt 0.372574 0.618693
vt 0.375291 0.636010
vt 0.372435 0.636154
vt 0.378078 0.635946
vt 0.377939 0.653407
vt 0.375266 0.653545
vt 0.372296 0.653615
vt 0.375534 0.671100
vt 0.372692 0.671200
vt 0.378335 0.670992
vt 0.378731 0.688576
vt 0.375968 0.688689
vt 0.373089 0.688785
vt 0.376520 0.706294
vt 0.373693 0.706398
vt 0.379336 0.706189
vt 0.379941 0.723802
vt 0.377119 0.723907
vt 0.374298 0.724011
vt 0.174954 0.017762
vt 0.175284 0.012154
vt 0.174901 0.023326
vt 0.175060 0.082604
vt 0.174942 0.062760
vt 0.178842 0.097564
vt 0.175317 0.101719
vt 0.171539 0.098164
vt 0.179953 0.109460
vt 0.180081 0.120340
vt 0.175289 0.120657
vt 0.175305 0.110173
vt 0.179945 0.151842
vt 0.180014 0.141530
vt 0.179868 0.162086
vt 0.175106 0.162545
vt 0.175177 0.152275
vt 0.175232 0.141885
vt 0.165242 0.184914
vt 0.165242 0.195707
vt 0.159766 0.196479
vt 0.159769 0.185746
vt 0.165242 0.206499
vt 0.159769 0.207272
vt 0.154284 0.207936
vt 0.154281 0.197179
vt 0.154282 0.186457
vt 0.179849 0.237815
vt 0.179948 0.226651
vt 0.179850 0.248964
vt 0.175069 0.249463
vt 0.175085 0.238349
vt 0.175058 0.227231
vt 0.594122 0.267150
vt 0.594028 0.294175
vt 0.588604 0.301520
vt 0.588459 0.262162
vt 0.593743 0.318523
vt 0.593371 0.340454
vt 0.587120 0.357463
vt 0.587862 0.329492
vt 0.564587 0.364671
vt 0.564503 0.368254
vt 0.554416 0.393202
vt 0.555279 0.389338
vt 0.564419 0.371836
vt 0.553449 0.402419
vt 0.564008 0.389455
vt 0.551916 0.420060
vt 0.563596 0.407073
vt 0.549852 0.443163
vt 0.562784 0.441829
vt 0.547414 0.469682
vt 0.561973 0.476585
vt 0.544891 0.495149
vt 0.561440 0.499417
vt 0.542452 0.516303
vt 0.868427 0.881808
vt 0.866666 0.877389
vt 0.868241 0.876103
vt 0.870463 0.879925
vt 0.864905 0.872969
vt 0.866929 0.870664
vt 0.868048 0.871454
vt 0.869588 0.875221
vt 0.871128 0.878988
vt 0.072889 0.380262
vt 0.078845 0.380467
vt 0.079013 0.393644
vt 0.073017 0.393429
vt 0.083421 0.380731
vt 0.083677 0.393917
vt 0.084103 0.407048
vt 0.079343 0.406816
vt 0.074582 0.406583
vt 0.286679 0.801726
vt 0.284151 0.801778
vt 0.284211 0.788489
vt 0.286798 0.788434
vt 0.281624 0.801829
vt 0.281624 0.788543
vt 0.281624 0.775256
vt 0.284271 0.775199
vt 0.286917 0.775142
vt 0.700190 0.441503
vt 0.695991 0.442187
vt 0.694349 0.429049
vt 0.698619 0.428345
vt 0.691940 0.442810
vt 0.690222 0.429692
vt 0.688546 0.416622
vt 0.692691 0.415918
vt 0.696836 0.415215
vt 0.726062 0.437393
vt 0.722202 0.437989
vt 0.721187 0.424722
vt 0.725147 0.424110
vt 0.718168 0.438618
vt 0.717060 0.425368
vt 0.716149 0.412078
vt 0.720191 0.411452
vt 0.724232 0.410826
vt 0.713837 0.439305
vt 0.712606 0.426078
vt 0.709290 0.440033
vt 0.707948 0.426829
vt 0.706651 0.413616
vt 0.711400 0.412847
vt 0.704672 0.440776
vt 0.703216 0.427595
vt 0.701743 0.414415
vt 0.048486 0.380094
vt 0.052274 0.380018
vt 0.051732 0.393158
vt 0.047903 0.393236
vt 0.057548 0.380003
vt 0.056998 0.393142
vt 0.054715 0.406204
vt 0.051017 0.406291
vt 0.047320 0.406378
vt 0.923512 0.616774
vt 0.919481 0.616795
vt 0.919154 0.595314
vt 0.922845 0.595309
vt 0.915450 0.616816
vt 0.915332 0.595330
vt 0.915467 0.573848
vt 0.918860 0.573830
vt 0.922253 0.573812
vt 0.887773 0.888377
vt 0.882545 0.887363
vt 0.882888 0.885673
vt 0.887714 0.886081
vt 0.877317 0.886348
vt 0.878221 0.884672
vt 0.878720 0.884007
vt 0.883191 0.884132
vt 0.887661 0.884257
vt 0.822161 0.482215
vt 0.825296 0.486020
vt 0.826348 0.517521
vt 0.823161 0.499775
vt 0.827801 0.481940
vt 0.828010 0.499538
vt 0.828219 0.517137
vt 0.828624 0.534761
vt 0.829029 0.552385
vt 0.827816 0.552445
vt 0.826603 0.552504
vt 0.825382 0.534919
vt 0.824161 0.517334
vt 0.110420 0.319851
vt 0.102452 0.320581
vt 0.122126 0.324100
vt 0.122496 0.324979
vt 0.707503 0.554606
vt 0.703640 0.549209
vt 0.696412 0.557428
vt 0.730533 0.502336
vt 0.736225 0.514767
vt 0.730398 0.516308
vt 0.727834 0.504130
vt 0.726751 0.516759
vt 0.724357 0.504815
vt 0.723633 0.517717
vt 0.720665 0.505407
vt 0.720102 0.518747
vt 0.716792 0.506031
vt 0.716074 0.519556
vt 0.712836 0.506666
vt 0.719668 0.535278
vt 0.082056 0.259844
vt 0.082226 0.240015
vt 0.081438 0.279223
vt 0.615122 0.836110
vt 0.614776 0.825214
vt 0.619933 0.825243
vt 0.619938 0.836115
vt 0.614430 0.814319
vt 0.620789 0.814387
vt 0.626297 0.814439
vt 0.625309 0.825276
vt 0.624754 0.836121
vt 0.082057 0.220357
vt 0.081826 0.200948
vt 0.067141 0.222189
vt 0.081829 0.181342
vt 0.082021 0.160695
vt 0.864577 0.487410
vt 0.857457 0.506661
vt 0.855105 0.468537
vt 0.859872 0.455647
vt 0.850337 0.525912
vt 0.850337 0.481427
vt 0.850337 0.436943
vt 0.852752 0.430414
vt 0.855167 0.423884
vt 0.889647 0.010709
vt 0.892204 0.010681
vt 0.891842 0.015385
vt 0.889520 0.014836
vt 0.891356 0.018971
vt 0.889672 0.018989
vt 0.745338 0.761373
vt 0.735898 0.743711
vt 0.729510 0.753153
vt 0.714290 0.735583
vt 0.066068 0.297291
vt 0.066109 0.312801
vt 0.073683 0.297249
vt 0.073244 0.312957
vt 0.467428 0.774547
vt 0.469353 0.777048
vt 0.461640 0.791274
vt 0.458674 0.790453
vt 0.472784 0.776164
vt 0.464672 0.791999
vt 0.457232 0.805724
vt 0.454516 0.804987
vt 0.080337 0.297561
vt 0.078821 0.313414
vt 0.454728 0.789794
vt 0.464750 0.773739
vt 0.449950 0.789393
vt 0.462072 0.772930
vt 0.864905 0.862564
vt 0.866544 0.862547
vt 0.864905 0.852160
vt 0.866878 0.854420
vt 0.867960 0.853608
vt 0.868004 0.862531
vt 0.631149 0.879335
vt 0.629478 0.900902
vt 0.622764 0.900967
vt 0.622790 0.879428
vt 0.629992 0.922423
vt 0.622956 0.922502
vt 0.615919 0.922580
vt 0.615175 0.901051
vt 0.614430 0.879521
vt 0.337283 0.689030
vt 0.343567 0.688812
vt 0.344098 0.706418
vt 0.337807 0.706645
vt 0.349778 0.688577
vt 0.350383 0.706189
vt 0.350988 0.723802
vt 0.344659 0.724032
vt 0.338330 0.724261
vt 0.483496 0.779399
vt 0.472807 0.794721
vt 0.468581 0.793168
vt 0.478140 0.777781
vt 0.462119 0.810043
vt 0.460407 0.806885
vt 0.866571 0.847690
vt 0.868131 0.848942
vt 0.868236 0.843220
vt 0.870297 0.844998
vt 0.870965 0.846014
vt 0.869462 0.849811
vt 0.872650 0.840242
vt 0.873918 0.841969
vt 0.877063 0.837264
vt 0.879340 0.839849
vt 0.878508 0.840924
vt 0.874736 0.843469
vt 0.907182 0.872730
vt 0.907107 0.877180
vt 0.905535 0.876049
vt 0.905742 0.871780
vt 0.907032 0.881630
vt 0.904457 0.879854
vt 0.904116 0.878836
vt 0.904181 0.875033
vt 0.904245 0.871231
vt 0.900125 0.477970
vt 0.908975 0.477861
vt 0.909170 0.499452
vt 0.901194 0.499549
vt 0.917826 0.477751
vt 0.915752 0.499389
vt 0.917162 0.520943
vt 0.909713 0.521035
vt 0.902263 0.521127
vt 0.906841 0.843042
vt 0.906960 0.847444
vt 0.905457 0.848630
vt 0.904856 0.845207
vt 0.907079 0.851847
vt 0.905648 0.852825
vt 0.904157 0.853385
vt 0.904056 0.849623
vt 0.903954 0.845861
vt 0.902618 0.884608
vt 0.901349 0.882887
vt 0.898205 0.887586
vt 0.897183 0.885066
vt 0.896574 0.883925
vt 0.900345 0.881380
vt 0.907315 0.857060
vt 0.905829 0.857471
vt 0.907551 0.862273
vt 0.905947 0.862288
vt 0.904560 0.862295
vt 0.904359 0.857840
vt 0.907367 0.867502
vt 0.905877 0.867113
vt 0.904403 0.866763
vt 0.087552 0.381078
vt 0.087895 0.394279
vt 0.091541 0.381472
vt 0.091973 0.394687
vt 0.092406 0.407901
vt 0.088255 0.407475
vt 0.947299 0.487253
vt 0.947299 0.484086
vt 0.948410 0.484065
vt 0.948431 0.486712
vt 0.949501 0.484086
vt 0.949501 0.487619
vt 0.872872 0.884078
vt 0.873987 0.882690
vt 0.874924 0.881498
vt 0.892989 0.887982
vt 0.892532 0.885944
vt 0.892118 0.884091
vt 0.902399 0.840105
vt 0.904620 0.841573
vt 0.903284 0.843166
vt 0.901278 0.841728
vt 0.902056 0.844607
vt 0.900157 0.843352
vt 0.601868 0.733102
vt 0.597956 0.734526
vt 0.595680 0.714806
vt 0.603246 0.714053
vt 0.595764 0.739916
vt 0.593511 0.734983
vt 0.590140 0.732801
vt 0.588017 0.715355
vt 0.599117 0.695253
vt 0.604514 0.695748
vt 0.595872 0.753400
vt 0.592782 0.755001
vt 0.596362 0.770986
vt 0.594316 0.770872
vt 0.592270 0.770758
vt 0.590730 0.768450
vt 0.589189 0.766142
vt 0.589665 0.749472
vt 0.613229 0.767004
vt 0.611424 0.769192
vt 0.609805 0.755566
vt 0.613893 0.750341
vt 0.609618 0.771380
vt 0.607062 0.771328
vt 0.604506 0.771275
vt 0.606229 0.753716
vt 0.607421 0.739996
vt 0.610534 0.734997
vt 0.614558 0.733679
vt 0.603569 0.752488
vt 0.605614 0.734311
vt 0.602474 0.771219
vt 0.600441 0.771162
vt 0.600988 0.752165
vt 0.336340 0.653865
vt 0.342757 0.653672
vt 0.343110 0.671224
vt 0.336811 0.671448
vt 0.348986 0.653407
vt 0.349382 0.670992
vt 0.143707 0.626137
vt 0.141399 0.645553
vt 0.134591 0.656777
vt 0.137979 0.636664
vt 0.139092 0.664968
vt 0.133717 0.675733
vt 0.124847 0.687705
vt 0.127154 0.668289
vt 0.129462 0.648874
vt 0.335690 0.618971
vt 0.342901 0.618289
vt 0.342622 0.636142
vt 0.336015 0.636418
vt 0.349263 0.618485
vt 0.349125 0.635946
vt 0.314381 0.602333
vt 0.308962 0.619097
vt 0.301755 0.608197
vt 0.307066 0.591392
vt 0.303543 0.635862
vt 0.296780 0.625107
vt 0.289176 0.614090
vt 0.294464 0.597271
vt 0.299752 0.580451
vt 0.339702 0.580868
vt 0.345345 0.580659
vt 0.343953 0.599650
vt 0.337696 0.599919
vt 0.350988 0.580451
vt 0.350126 0.599468
vt 0.157840 0.580451
vt 0.150773 0.603294
vt 0.144051 0.614977
vt 0.151239 0.592617
vt 0.137050 0.626828
vt 0.144638 0.604783
vt 0.826087 0.357059
vt 0.826035 0.353548
vt 0.832410 0.366512
vt 0.831423 0.372121
vt 0.825983 0.350036
vt 0.831462 0.352233
vt 0.836221 0.350674
vt 0.836534 0.368752
vt 0.836848 0.386830
vt 0.836803 0.387006
vt 0.836759 0.387182
vt 0.299639 0.653097
vt 0.292732 0.642305
vt 0.295736 0.670333
vt 0.290385 0.660031
vt 0.281624 0.648668
vt 0.285400 0.631379
vt 0.454834 0.827329
vt 0.451373 0.826314
vt 0.455115 0.817419
vt 0.458476 0.818686
vt 0.448261 0.825422
vt 0.452010 0.816469
vt 0.826617 0.341929
vt 0.831448 0.342226
vt 0.836062 0.342381
vt 0.947299 0.488837
vt 0.947299 0.488045
vt 0.948508 0.488106
vt 0.948617 0.488925
vt 0.949605 0.488261
vt 0.949791 0.488989
vt 0.105040 0.855177
vt 0.087685 0.858438
vt 0.096054 0.847066
vt 0.108931 0.843928
vt 0.070330 0.861699
vt 0.083536 0.850146
vt 0.590320 0.872415
vt 0.589664 0.838308
vt 0.591369 0.833771
vt 0.591721 0.867188
vt 0.589009 0.804200
vt 0.590820 0.807994
vt 0.593122 0.792689
vt 0.593122 0.827325
vt 0.593122 0.861960
vt 0.157840 0.776892
vt 0.153894 0.793835
vt 0.150849 0.799681
vt 0.150868 0.794063
vt 0.149949 0.810778
vt 0.148941 0.810999
vt 0.143897 0.811234
vt 0.293839 0.801592
vt 0.293944 0.788297
vt 0.301249 0.788175
vt 0.300841 0.801475
vt 0.292210 0.775029
vt 0.301474 0.774878
vt 0.310737 0.774727
vt 0.310080 0.788031
vt 0.309423 0.801334
vt 0.518245 0.200528
vt 0.517492 0.212947
vt 0.511426 0.208738
vt 0.512294 0.194645
vt 0.512453 0.228851
vt 0.509961 0.226290
vt 0.507469 0.223729
vt 0.508412 0.206380
vt 0.509260 0.191927
vt 0.065094 0.380095
vt 0.064886 0.393249
vt 0.064648 0.406394
vt 0.587452 0.804209
vt 0.589830 0.799407
vt 0.585895 0.804218
vt 0.588644 0.798459
vt 0.591393 0.792699
vt 0.592257 0.792694
vt 0.520979 0.086615
vt 0.521830 0.055216
vt 0.525331 0.058636
vt 0.525041 0.091921
vt 0.522737 0.022255
vt 0.525860 0.022339
vt 0.528983 0.022423
vt 0.528312 0.060762
vt 0.528543 0.095919
vt 0.448329 0.844673
vt 0.444822 0.843655
vt 0.448026 0.834979
vt 0.451582 0.836001
vt 0.441709 0.842762
vt 0.444910 0.834086
vt 0.445699 0.824746
vt 0.449426 0.815786
vt 0.442266 0.862051
vt 0.440648 0.861606
vt 0.441949 0.852405
vt 0.445298 0.853362
vt 0.437385 0.860806
vt 0.438842 0.851530
vt 0.439151 0.842087
vt 0.442350 0.833411
vt 0.451714 0.881735
vt 0.449784 0.881180
vt 0.442843 0.871547
vt 0.446990 0.872470
vt 0.443712 0.880349
vt 0.438614 0.870772
vt 0.434554 0.860164
vt 0.436250 0.850859
vt 0.416999 0.946764
vt 0.416999 0.939253
vt 0.419385 0.942673
vt 0.418280 0.949941
vt 0.416999 0.931742
vt 0.419044 0.934527
vt 0.419952 0.933886
vt 0.419424 0.936582
vt 0.419575 0.939278
vt 0.419441 0.941971
vt 0.420518 0.944421
vt 0.421518 0.946943
vt 0.423052 0.949223
vt 0.421553 0.949636
vt 0.419560 0.953118
vt 0.438534 0.880108
vt 0.435079 0.870230
vt 0.497910 0.899800
vt 0.480095 0.896802
vt 0.463449 0.889452
vt 0.474812 0.891344
vt 0.462281 0.893804
vt 0.452976 0.888356
vt 0.702254 0.536368
vt 0.699553 0.522079
vt 0.697403 0.537561
vt 0.695253 0.522719
vt 0.693103 0.507878
vt 0.697197 0.508956
vt 0.614515 0.692805
vt 0.609909 0.694359
vt 0.609423 0.678592
vt 0.613819 0.677820
vt 0.604824 0.679071
vt 0.604636 0.664829
vt 0.609052 0.664598
vt 0.613122 0.662835
vt 0.600089 0.679288
vt 0.600104 0.664873
vt 0.957367 0.498351
vt 0.957231 0.492985
vt 0.959613 0.493356
vt 0.959674 0.499094
vt 0.956705 0.487619
vt 0.959512 0.487619
vt 0.962319 0.487619
vt 0.962319 0.493409
vt 0.962319 0.499200
vt 0.392728 0.752766
vt 0.392728 0.755568
vt 0.391074 0.755603
vt 0.391074 0.753152
vt 0.392728 0.758369
vt 0.391074 0.758366
vt 0.389420 0.758362
vt 0.389420 0.755561
vt 0.389420 0.752760
vt 0.079099 0.783217
vt 0.087349 0.780087
vt 0.088435 0.782642
vt 0.082476 0.784078
vt 0.095600 0.776956
vt 0.095623 0.784714
vt 0.094777 0.784993
vt 0.089213 0.784321
vt 0.082879 0.786724
vt 0.687872 0.443362
vt 0.686060 0.430257
vt 0.683775 0.443875
vt 0.681868 0.430784
vt 0.679960 0.417692
vt 0.684253 0.417157
vt 0.615267 0.598266
vt 0.610368 0.598196
vt 0.610692 0.584988
vt 0.615706 0.585059
vt 0.605425 0.598097
vt 0.605634 0.584890
vt 0.605895 0.571716
vt 0.611020 0.571784
vt 0.616145 0.571852
vt 0.600430 0.597948
vt 0.600513 0.584735
vt 0.600584 0.571528
vt 0.531170 0.097828
vt 0.530381 0.097580
vt 0.529898 0.061617
vt 0.530714 0.061753
vt 0.529764 0.022444
vt 0.530544 0.022465
vt 0.887510 0.837216
vt 0.887416 0.839164
vt 0.897956 0.837168
vt 0.895040 0.839396
vt 0.896361 0.840842
vt 0.887434 0.840883
vt 0.453362 0.896803
vt 0.445115 0.888856
vt 0.635235 0.879332
vt 0.634214 0.900882
vt 0.639320 0.879330
vt 0.637995 0.900900
vt 0.636870 0.922419
vt 0.633431 0.922421
vt 0.910926 0.616829
vt 0.911316 0.595343
vt 0.906401 0.616841
vt 0.907492 0.595356
vt 0.907851 0.573869
vt 0.911659 0.573858
vt 0.093372 0.926376
vt 0.089059 0.926420
vt 0.088749 0.904881
vt 0.092676 0.904831
vt 0.084746 0.926465
vt 0.084933 0.904918
vt 0.084781 0.883383
vt 0.088412 0.883345
vt 0.092042 0.883308
vt 0.643016 0.879426
vt 0.641488 0.900965
vt 0.646711 0.879521
vt 0.644901 0.901051
vt 0.643091 0.922580
vt 0.639981 0.922500
vt 0.081095 0.926486
vt 0.081421 0.904936
vt 0.077445 0.926508
vt 0.078064 0.904895
vt 0.078636 0.883419
vt 0.081709 0.883401
vt 0.108879 0.926019
vt 0.105318 0.926109
vt 0.103692 0.904596
vt 0.106987 0.904513
vt 0.101757 0.926200
vt 0.100267 0.904679
vt 0.099100 0.883160
vt 0.102098 0.883084
vt 0.105095 0.883007
vt 0.425930 0.921110
vt 0.433444 0.921112
vt 0.433114 0.924036
vt 0.427689 0.924236
vt 0.440958 0.921114
vt 0.438298 0.923972
vt 0.438334 0.926218
vt 0.435638 0.925689
vt 0.432941 0.925160
vt 0.430247 0.925703
vt 0.427553 0.926246
vt 0.073888 0.926263
vt 0.074767 0.904731
vt 0.070330 0.926019
vt 0.071489 0.904513
vt 0.072647 0.883007
vt 0.075641 0.883213
vt 0.097565 0.926288
vt 0.096549 0.904760
vt 0.095571 0.883234
vt 0.921908 0.477861
vt 0.923949 0.477915
vt 0.923133 0.499498
vt 0.921254 0.499448
vt 0.925991 0.477970
vt 0.925013 0.499549
vt 0.924035 0.521127
vt 0.922317 0.521081
vt 0.920599 0.521035
vt 0.903307 0.616856
vt 0.904313 0.595369
vt 0.900213 0.616872
vt 0.901427 0.595383
vt 0.902642 0.573895
vt 0.905246 0.573882
vt 0.931283 0.616856
vt 0.927398 0.616815
vt 0.926457 0.595332
vt 0.930039 0.595369
vt 0.925524 0.573847
vt 0.928794 0.573881
vt 0.032663 0.930561
vt 0.030525 0.930547
vt 0.031578 0.909576
vt 0.033991 0.909592
vt 0.028388 0.930532
vt 0.029041 0.909563
vt 0.030005 0.888588
vt 0.032663 0.888606
vt 0.035320 0.888623
vt 0.980870 0.698564
vt 0.980871 0.701249
vt 0.979594 0.698744
vt 0.980806 0.696020
vt 0.980870 0.703934
vt 0.979376 0.702649
vt 0.977784 0.703266
vt 0.977732 0.699059
vt 0.977680 0.694853
vt 0.979210 0.694164
vt 0.980741 0.693475
vt 0.447328 0.953127
vt 0.444143 0.955253
vt 0.442351 0.952911
vt 0.444613 0.950895
vt 0.440958 0.957379
vt 0.439549 0.954391
vt 0.438413 0.952235
vt 0.440693 0.950703
vt 0.442973 0.949171
vt 0.418280 0.928552
vt 0.419976 0.930298
vt 0.419560 0.925362
vt 0.421646 0.927589
vt 0.422992 0.929310
vt 0.421472 0.931598
vt 0.444143 0.923243
vt 0.445736 0.924307
vt 0.443737 0.926453
vt 0.442384 0.925490
vt 0.447328 0.925371
vt 0.444963 0.927818
vt 0.442914 0.929258
vt 0.441769 0.928498
vt 0.440624 0.927738
vt 0.437206 0.957500
vt 0.436449 0.955079
vt 0.433455 0.957621
vt 0.433238 0.955288
vt 0.433025 0.953321
vt 0.435719 0.952778
vt 0.447770 0.939206
vt 0.447619 0.942966
vt 0.447049 0.942419
vt 0.447229 0.939206
vt 0.447468 0.946726
vt 0.446614 0.945526
vt 0.446013 0.944595
vt 0.446541 0.941899
vt 0.447069 0.939203
vt 0.447398 0.949927
vt 0.445879 0.948366
vt 0.444493 0.946883
vt 0.429692 0.957498
vt 0.430024 0.955085
vt 0.425930 0.957374
vt 0.426917 0.954403
vt 0.427631 0.952263
vt 0.430328 0.952792
vt 0.447398 0.928538
vt 0.445894 0.930102
vt 0.447468 0.931705
vt 0.446598 0.932900
vt 0.445981 0.933818
vt 0.444447 0.931538
vt 0.422745 0.955246
vt 0.424079 0.952768
vt 0.425342 0.950743
vt 0.043607 0.223407
vt 0.031525 0.229843
vt 0.027755 0.218115
vt 0.020975 0.213409
vt 0.422745 0.923236
vt 0.424148 0.925591
vt 0.425273 0.927778
vt 0.447619 0.935456
vt 0.447040 0.935997
vt 0.446525 0.936511
vt 0.969047 0.762998
vt 0.966632 0.765414
vt 0.965292 0.764127
vt 0.967066 0.762175
vt 0.964217 0.767830
vt 0.963003 0.766010
vt 0.962150 0.764734
vt 0.964155 0.762932
vt 0.965953 0.760930
vt 0.185864 0.931134
vt 0.183627 0.931085
vt 0.182792 0.910182
vt 0.185424 0.910229
vt 0.181391 0.931035
vt 0.180270 0.910127
vt 0.179149 0.889220
vt 0.181929 0.889281
vt 0.184710 0.889343
vt 0.025752 0.930527
vt 0.026264 0.909554
vt 0.023116 0.930521
vt 0.023680 0.909550
vt 0.023452 0.888574
vt 0.026729 0.888581
vt 0.680341 0.889871
vt 0.682985 0.889913
vt 0.683704 0.910685
vt 0.680729 0.910660
vt 0.685629 0.889954
vt 0.686535 0.910751
vt 0.687745 0.931499
vt 0.684458 0.931448
vt 0.681171 0.931396
vt 0.020383 0.930525
vt 0.019017 0.930527
vt 0.018654 0.909555
vt 0.020219 0.909552
vt 0.017650 0.930529
vt 0.016827 0.909560
vt 0.016657 0.888584
vt 0.018356 0.888581
vt 0.020054 0.888579
vt 0.670081 0.890190
vt 0.672481 0.890072
vt 0.671951 0.910861
vt 0.669249 0.910991
vt 0.674881 0.889954
vt 0.674736 0.910751
vt 0.674384 0.931499
vt 0.671401 0.931646
vt 0.668417 0.931792
vt 0.909019 0.231541
vt 0.911618 0.231442
vt 0.911395 0.252277
vt 0.908476 0.252386
vt 0.914216 0.231343
vt 0.914350 0.252183
vt 0.914394 0.272984
vt 0.911164 0.273107
vt 0.907934 0.273230
vt 0.196641 0.931134
vt 0.193930 0.931152
vt 0.194323 0.910256
vt 0.197256 0.910229
vt 0.191219 0.931169
vt 0.191303 0.910267
vt 0.191367 0.889386
vt 0.194737 0.889365
vt 0.198107 0.889343
vt 0.188542 0.931152
vt 0.188305 0.910256
vt 0.188038 0.889365
vt 0.916959 0.231308
vt 0.917378 0.252129
vt 0.919702 0.231273
vt 0.920373 0.252107
vt 0.921214 0.272897
vt 0.917804 0.272941
vt 0.015236 0.930542
vt 0.014413 0.909571
vt 0.012822 0.930555
vt 0.011738 0.909585
vt 0.010654 0.888616
vt 0.013656 0.888600
vt 0.922171 0.231308
vt 0.923199 0.252129
vt 0.924641 0.231343
vt 0.925795 0.252183
vt 0.927354 0.272984
vt 0.924284 0.272941
vt 0.926461 0.231442
vt 0.928018 0.252277
vt 0.928281 0.231541
vt 0.930080 0.252386
vt 0.931879 0.273230
vt 0.929616 0.273107
vt 0.687784 0.890072
vt 0.689089 0.910861
vt 0.689940 0.890190
vt 0.691522 0.910991
vt 0.693104 0.931792
vt 0.690425 0.931646
vt 0.201304 0.931035
vt 0.198973 0.931085
vt 0.199977 0.910182
vt 0.202604 0.910127
vt 0.201005 0.889282
vt 0.203904 0.889220
vt 0.677611 0.889913
vt 0.677702 0.910685
vt 0.677778 0.931448
vt 0.951083 0.736093
vt 0.954498 0.736093
vt 0.954498 0.737983
vt 0.951510 0.738240
vt 0.957913 0.736093
vt 0.957485 0.738243
vt 0.957186 0.739744
vt 0.954497 0.739745
vt 0.951809 0.739744
vt 0.944773 0.738707
vt 0.947928 0.737400
vt 0.948651 0.739138
vt 0.945998 0.740538
vt 0.949312 0.740681
vt 0.946967 0.741959
vt 0.939943 0.743539
vt 0.942358 0.741123
vt 0.943689 0.742454
vt 0.941763 0.744755
vt 0.944886 0.743640
vt 0.943037 0.745608
vt 0.961068 0.737400
vt 0.960344 0.739147
vt 0.964222 0.738707
vt 0.963007 0.740528
vt 0.962154 0.741803
vt 0.959670 0.740774
vt 0.957907 0.770445
vt 0.954492 0.770445
vt 0.954492 0.768554
vt 0.957480 0.768295
vt 0.951077 0.770445
vt 0.951505 0.768295
vt 0.951804 0.766793
vt 0.954493 0.766793
vt 0.957181 0.766793
vt 0.937328 0.749852
vt 0.938636 0.746696
vt 0.940382 0.747419
vt 0.939475 0.750280
vt 0.942008 0.748093
vt 0.940978 0.750579
vt 0.950030 0.742298
vt 0.947941 0.743366
vt 0.952146 0.741078
vt 0.952483 0.742412
vt 0.951357 0.745407
vt 0.949259 0.745353
vt 0.970354 0.759842
vt 0.969701 0.761420
vt 0.968040 0.760575
vt 0.968668 0.759143
vt 0.966468 0.759687
vt 0.966982 0.758444
vt 0.969050 0.743539
vt 0.970357 0.746696
vt 0.968611 0.747419
vt 0.967231 0.744755
vt 0.971663 0.749852
vt 0.969513 0.750280
vt 0.968013 0.750579
vt 0.966984 0.748093
vt 0.965956 0.745608
vt 0.971662 0.753269
vt 0.969789 0.753230
vt 0.971662 0.756685
vt 0.969675 0.755866
vt 0.968012 0.755959
vt 0.968012 0.753269
vt 0.947923 0.769138
vt 0.948646 0.767391
vt 0.944768 0.767830
vt 0.945984 0.766010
vt 0.946836 0.764734
vt 0.949320 0.765764
vt 0.961062 0.769138
vt 0.960339 0.767391
vt 0.959666 0.765764
vt 0.966636 0.741123
vt 0.965312 0.742451
vt 0.964163 0.743621
vt 0.937327 0.756685
vt 0.937328 0.753269
vt 0.939210 0.753269
vt 0.939488 0.756257
vt 0.940899 0.753268
vt 0.941182 0.755927
vt 0.942354 0.765414
vt 0.943686 0.764086
vt 0.939940 0.762998
vt 0.941772 0.761776
vt 0.943211 0.760832
vt 0.944889 0.762911
vt 0.946167 0.761711
vt 0.947660 0.763624
vt 0.944646 0.759922
vt 0.946604 0.758696
vt 0.948551 0.759507
vt 0.948483 0.762514
vt 0.938634 0.759842
vt 0.940377 0.759121
vt 0.941956 0.758479
vt 0.923730 0.974983
vt 0.923810 0.972396
vt 0.925366 0.972800
vt 0.925312 0.975153
vt 0.923889 0.969809
vt 0.925436 0.970464
vt 0.926983 0.971119
vt 0.926919 0.973200
vt 0.926855 0.975281
vt 0.964725 0.137162
vt 0.964721 0.134486
vt 0.966173 0.134621
vt 0.966177 0.137035
vt 0.964717 0.131811
vt 0.966170 0.132207
vt 0.967623 0.132603
vt 0.967626 0.134755
vt 0.967629 0.136907
vt 0.946155 0.744889
vt 0.944232 0.746368
vt 0.948487 0.747325
vt 0.945427 0.747129
vt 0.956805 0.764170
vt 0.954642 0.764171
vt 0.954662 0.753711
vt 0.958804 0.763342
vt 0.952480 0.764170
vt 0.950482 0.763342
vt 0.946803 0.756622
vt 0.945169 0.755228
vt 0.945997 0.753336
vt 0.943771 0.751127
vt 0.944600 0.749128
vt 0.954646 0.742412
vt 0.956809 0.742412
vt 0.958807 0.743240
vt 0.960805 0.744068
vt 0.960820 0.747226
vt 0.963863 0.747129
vt 0.964690 0.751292
vt 0.965517 0.755455
vt 0.965103 0.756455
vt 0.964689 0.757455
vt 0.964275 0.758454
vt 0.963861 0.759454
vt 0.960807 0.759614
vt 0.960802 0.762514
vt 0.980806 0.706351
vt 0.980773 0.707559
vt 0.979240 0.706870
vt 0.979269 0.705780
vt 0.980741 0.708767
vt 0.979210 0.707960
vt 0.977680 0.707154
vt 0.977706 0.706182
vt 0.977732 0.705210
vt 0.572900 0.970948
vt 0.572903 0.964943
vt 0.578244 0.964506
vt 0.578242 0.969219
vt 0.572906 0.958938
vt 0.578246 0.958882
vt 0.583587 0.958826
vt 0.583584 0.964297
vt 0.583582 0.969767
vt 0.923730 0.980328
vt 0.923730 0.977655
vt 0.925296 0.977537
vt 0.925312 0.979874
vt 0.926855 0.977431
vt 0.926855 0.979580
vt 0.942678 0.753281
vt 0.942865 0.755619
vt 0.942375 0.750853
vt 0.923889 0.985029
vt 0.923810 0.982679
vt 0.925366 0.982067
vt 0.925436 0.984196
vt 0.926919 0.981471
vt 0.926983 0.983362
vt 0.867913 0.970431
vt 0.867930 0.973085
vt 0.866424 0.973329
vt 0.866409 0.970936
vt 0.867947 0.975738
vt 0.866431 0.975716
vt 0.864932 0.975710
vt 0.864918 0.973576
vt 0.864905 0.971441
vt 0.963015 0.744841
vt 0.961480 0.742936
vt 0.964910 0.746368
vt 0.943633 0.757825
vt 0.963012 0.761741
vt 0.964907 0.760192
vt 0.961476 0.763624
vt 0.867930 0.978359
vt 0.866424 0.978088
vt 0.867913 0.980980
vt 0.866409 0.980453
vt 0.864905 0.979927
vt 0.864918 0.977819
vt 0.964323 0.813299
vt 0.964323 0.807593
vt 0.965835 0.801178
vt 0.966591 0.811362
vt 0.964323 0.801888
vt 0.964323 0.799355
vt 0.964323 0.796821
vt 0.964323 0.794288
vt 0.964324 0.791754
vt 0.966592 0.792816
vt 0.968859 0.793878
vt 0.968860 0.801652
vt 0.968859 0.809426
vt 0.205155 0.973141
vt 0.205155 0.962810
vt 0.207505 0.962099
vt 0.207505 0.970993
vt 0.205155 0.952478
vt 0.207505 0.953205
vt 0.209854 0.953933
vt 0.209854 0.961388
vt 0.209854 0.968844
vt 0.598284 0.344814
vt 0.593062 0.359858
vt 0.592935 0.377489
vt 0.585895 0.402011
vt 0.586508 0.379737
vt 0.722736 0.556210
vt 0.549776 0.391710
vt 0.530688 0.380045
vt 0.511420 0.369455
vt 0.798696 0.598077
vt 0.782803 0.596483
vt 0.602467 0.338346
vt 0.600936 0.339096
vt 0.335696 0.972422
vt 0.335693 0.963717
vt 0.344572 0.964467
vt 0.343224 0.973271
vt 0.335690 0.955012
vt 0.343221 0.955827
vt 0.350752 0.956641
vt 0.348798 0.958474
vt 0.347401 0.960749
vt 0.346323 0.962218
vt 0.345380 0.964246
vt 0.346135 0.966382
vt 0.347101 0.968268
vt 0.348821 0.971319
vt 0.350752 0.974121
vt 0.951840 0.532089
vt 0.951840 0.542290
vt 0.949569 0.542585
vt 0.949570 0.533804
vt 0.951840 0.552492
vt 0.949570 0.551367
vt 0.947299 0.550242
vt 0.947299 0.542880
vt 0.947299 0.535519
vt 0.515164 0.077729
vt 0.513467 0.076530
vt 0.514732 0.045162
vt 0.516270 0.046579
vt 0.512100 0.080113
vt 0.513621 0.045384
vt 0.515142 0.010654
vt 0.516009 0.010678
vt 0.516876 0.010701
vt 0.752690 0.975492
vt 0.752690 0.960926
vt 0.758090 0.960565
vt 0.758090 0.974482
vt 0.752690 0.946361
vt 0.758090 0.946647
vt 0.763491 0.946934
vt 0.763491 0.960203
vt 0.763491 0.973473
vt 0.307721 0.952520
vt 0.310094 0.953204
vt 0.309843 0.962736
vt 0.307721 0.962387
vt 0.312468 0.953889
vt 0.311964 0.963085
vt 0.311461 0.972281
vt 0.309591 0.972268
vt 0.307721 0.972255
vt 0.645886 0.644230
vt 0.643560 0.646089
vt 0.643346 0.634465
vt 0.645458 0.632760
vt 0.641234 0.647949
vt 0.641234 0.636170
vt 0.641234 0.624392
vt 0.643132 0.622841
vt 0.645029 0.621290
vt 0.151385 0.863027
vt 0.150770 0.849786
vt 0.153954 0.849321
vt 0.154613 0.862625
vt 0.150155 0.836545
vt 0.152701 0.836205
vt 0.156734 0.835396
vt 0.157287 0.848810
vt 0.157840 0.862223
vt 0.147026 0.823889
vt 0.150301 0.823543
vt 0.153342 0.823087
vt 0.133795 0.325582
vt 0.132699 0.331583
vt 0.143532 0.333014
vt 0.142229 0.339974
vt 0.139834 0.343987
vt 0.131165 0.334483
vt 0.153851 0.339461
vt 0.152416 0.347706
vt 0.161447 0.357611
vt 0.160720 0.358267
vt 0.150854 0.350819
vt 0.104055 0.795322
vt 0.102756 0.795776
vt 0.107546 0.807754
vt 0.106913 0.809231
vt 0.102037 0.796016
vt 0.822026 0.447292
vt 0.825054 0.446979
vt 0.824970 0.465091
vt 0.822094 0.464754
vt 0.827666 0.447017
vt 0.827734 0.464479
vt 0.823389 0.411101
vt 0.826209 0.410963
vt 0.825548 0.429042
vt 0.822707 0.429197
vt 0.829029 0.410826
vt 0.828347 0.428922
vt 0.143016 0.682215
vt 0.136171 0.693504
vt 0.146941 0.699462
vt 0.140363 0.710672
vt 0.132936 0.722181
vt 0.128891 0.704943
vt 0.475900 0.765566
vt 0.478653 0.766205
vt 0.473297 0.764588
vt 0.479166 0.754629
vt 0.481844 0.755438
vt 0.484522 0.756246
vt 0.152390 0.716172
vt 0.145492 0.727512
vt 0.157840 0.732881
vt 0.150962 0.744232
vt 0.144083 0.755583
vt 0.138510 0.738882
vt 0.937327 0.791754
vt 0.940171 0.791841
vt 0.940981 0.802914
vt 0.938948 0.802851
vt 0.943014 0.791929
vt 0.943014 0.802976
vt 0.943014 0.814024
vt 0.941791 0.813986
vt 0.940568 0.813948
vt 0.300330 0.708679
vt 0.307355 0.731049
vt 0.300697 0.719890
vt 0.294659 0.698622
vt 0.314381 0.753418
vt 0.307844 0.741779
vt 0.301307 0.730140
vt 0.293762 0.708577
vt 0.286217 0.687014
vt 0.298033 0.689506
vt 0.291286 0.678804
vt 0.283921 0.667841
vt 0.747230 0.512823
vt 0.748241 0.497605
vt 0.936087 0.080666
vt 0.938528 0.081644
vt 0.936132 0.095771
vt 0.932110 0.094235
vt 0.940968 0.082622
vt 0.939410 0.097130
vt 0.939711 0.112082
vt 0.933922 0.109943
vt 0.928132 0.107804
vt 0.942188 0.083111
vt 0.941874 0.098869
vt 0.941014 0.098088
vt 0.941578 0.082866
vt 0.941559 0.114628
vt 0.940635 0.113355
vt 0.954034 0.969809
vt 0.953488 0.975305
vt 0.951259 0.975305
vt 0.951163 0.969809
vt 0.954085 0.980801
vt 0.951469 0.980801
vt 0.948853 0.980801
vt 0.948572 0.975305
vt 0.948291 0.969809
vt 0.074714 0.782209
vt 0.076907 0.782713
vt 0.079200 0.784436
vt 0.077114 0.784079
vt 0.081196 0.786337
vt 0.079513 0.785950
vt 0.101291 0.814791
vt 0.102409 0.815031
vt 0.101035 0.812727
vt 0.101716 0.812489
vt 0.536442 0.202494
vt 0.527670 0.192179
vt 0.526957 0.172495
vt 0.534628 0.182245
vt 0.518755 0.181351
vt 0.519103 0.162399
vt 0.518185 0.136047
vt 0.526082 0.147448
vt 0.533978 0.158848
vt 0.821544 0.949039
vt 0.821544 0.963266
vt 0.816177 0.962635
vt 0.816177 0.949041
vt 0.821544 0.977493
vt 0.816177 0.976229
vt 0.810811 0.974965
vt 0.810811 0.962004
vt 0.810811 0.949043
vt 0.572903 0.974382
vt 0.572902 0.972665
vt 0.578243 0.971884
vt 0.578244 0.973639
vt 0.583583 0.971331
vt 0.583584 0.972895
vt 0.955469 0.969809
vt 0.956187 0.969809
vt 0.956117 0.975305
vt 0.955431 0.975305
vt 0.956905 0.969809
vt 0.956803 0.975305
vt 0.956700 0.980801
vt 0.956046 0.980801
vt 0.955392 0.980801
vt 0.104149 0.955021
vt 0.105916 0.955460
vt 0.105916 0.957887
vt 0.104149 0.957828
vt 0.107683 0.955503
vt 0.107683 0.957901
vt 0.107683 0.960649
vt 0.105916 0.960645
vt 0.104149 0.960635
vt 0.109449 0.955460
vt 0.109449 0.957887
vt 0.111215 0.955021
vt 0.111215 0.957828
vt 0.111215 0.960635
vt 0.109449 0.960645
vt 0.641234 0.718596
vt 0.641234 0.717801
vt 0.642884 0.717819
vt 0.642884 0.718766
vt 0.641234 0.717005
vt 0.642884 0.717007
vt 0.644534 0.717008
vt 0.644534 0.717803
vt 0.644534 0.718598
vt 0.510466 0.171549
vt 0.508101 0.171026
vt 0.509380 0.152266
vt 0.511534 0.153508
vt 0.505383 0.177237
vt 0.507427 0.151955
vt 0.509471 0.126672
vt 0.510608 0.134283
vt 0.512554 0.136283
vt 0.641234 0.599981
vt 0.640851 0.586203
vt 0.641476 0.584903
vt 0.642101 0.598205
vt 0.640467 0.572425
vt 0.640851 0.571602
vt 0.641234 0.570779
vt 0.642101 0.583604
vt 0.642967 0.596428
vt 0.544162 0.219148
vt 0.541453 0.208663
vt 0.538902 0.187574
vt 0.541126 0.190062
vt 0.536432 0.167270
vt 0.538286 0.168494
vt 0.518312 0.134001
vt 0.518249 0.135024
vt 0.515501 0.130632
vt 0.515866 0.123123
vt 0.515091 0.138889
vt 0.513070 0.127332
vt 0.513452 0.119126
vt 0.175355 0.400926
vt 0.177804 0.419213
vt 0.175128 0.424841
vt 0.172207 0.406351
vt 0.180143 0.436672
vt 0.177928 0.442568
vt 0.177721 0.454445
vt 0.173590 0.429215
vt 0.169460 0.403985
vt 0.189486 0.380293
vt 0.190114 0.402168
vt 0.188781 0.402561
vt 0.188059 0.380778
vt 0.190714 0.423054
vt 0.189471 0.423359
vt 0.187391 0.425487
vt 0.186388 0.405309
vt 0.185339 0.384175
vt 0.603646 0.123685
vt 0.603909 0.130513
vt 0.603044 0.130958
vt 0.602969 0.119977
vt 0.604172 0.137341
vt 0.603026 0.143283
vt 0.602455 0.137341
vt 0.602196 0.131091
vt 0.601938 0.124840
vt 0.534503 0.136804
vt 0.538824 0.142879
vt 0.538476 0.150009
vt 0.535901 0.146009
vt 0.543530 0.149108
vt 0.542833 0.154071
vt 0.542136 0.159034
vt 0.537935 0.155532
vt 0.536799 0.153060
vt 0.182152 0.411757
vt 0.180411 0.392090
vt 0.183815 0.430533
vt 0.602361 0.077662
vt 0.601860 0.104015
vt 0.599725 0.109840
vt 0.600524 0.081633
vt 0.598989 0.134831
vt 0.596041 0.144822
vt 0.597177 0.117540
vt 0.598314 0.090257
vt 0.604431 0.079688
vt 0.604039 0.101687
vt 0.603175 0.101481
vt 0.603583 0.076348
vt 0.520190 0.112612
vt 0.516651 0.106404
vt 0.517622 0.081467
vt 0.514160 0.102625
vt 0.511151 0.125930
vt 0.509557 0.125603
vt 0.509644 0.124534
vt 0.511544 0.118298
vt 0.529225 0.218777
vt 0.530090 0.229230
vt 0.528544 0.209990
vt 0.538924 0.218957
vt 0.540857 0.224216
vt 0.543420 0.229686
vt 0.534510 0.157549
vt 0.535765 0.157627
vt 0.533202 0.157446
vt 0.532427 0.156043
vt 0.532930 0.148183
vt 0.533691 0.147543
vt 0.181302 0.445738
vt 0.179168 0.450795
vt 0.182025 0.454009
vt 0.179936 0.458342
vt 0.178070 0.456579
vt 0.177895 0.455512
vt 0.191011 0.433819
vt 0.189813 0.434080
vt 0.191197 0.443151
vt 0.190026 0.443384
vt 0.188197 0.445014
vt 0.187887 0.435901
vt 0.184639 0.440252
vt 0.185153 0.448931
vt 0.183405 0.343452
vt 0.176975 0.354036
vt 0.184149 0.360403
vt 0.178439 0.369851
vt 0.172587 0.380255
vt 0.170309 0.365648
vt 0.187627 0.312868
vt 0.187773 0.319275
vt 0.186708 0.318287
vt 0.186220 0.313167
vt 0.187957 0.327656
vt 0.186457 0.325093
vt 0.166575 0.372752
vt 0.169181 0.387126
vt 0.168035 0.395287
vt 0.164955 0.376469
vt 0.544127 0.232194
vt 0.546466 0.227374
vt 0.549448 0.228831
vt 0.545135 0.223553
vt 0.548821 0.225162
vt 0.528115 0.203015
vt 0.537748 0.213461
vt 0.518470 0.192099
vt 0.504550 0.223698
vt 0.505779 0.205448
vt 0.501630 0.223667
vt 0.503154 0.204811
vt 0.504679 0.185954
vt 0.506791 0.190548
vt 0.512790 0.185477
vt 0.513372 0.174640
vt 0.509816 0.182535
vt 0.603352 0.185807
vt 0.603221 0.200331
vt 0.602007 0.200706
vt 0.602129 0.186890
vt 0.600973 0.201176
vt 0.600888 0.193454
vt 0.241040 0.972713
vt 0.236164 0.965540
vt 0.236475 0.959198
vt 0.241040 0.963448
vt 0.231288 0.958367
vt 0.231910 0.954948
vt 0.232532 0.951529
vt 0.236786 0.952856
vt 0.241040 0.954182
vt 0.600901 0.167277
vt 0.597903 0.172603
vt 0.599458 0.142254
vt 0.596502 0.202578
vt 0.592117 0.211702
vt 0.594289 0.179435
vt 0.596461 0.147167
vt 0.603752 0.164101
vt 0.602540 0.165195
vt 0.514301 0.156597
vt 0.184699 0.371317
vt 0.179350 0.380111
vt 0.173863 0.389788
vt 0.188794 0.356617
vt 0.189106 0.367100
vt 0.187620 0.367573
vt 0.187248 0.356650
vt 0.170577 0.395993
vt 0.168748 0.399636
vt 0.543420 0.219083
vt 0.546492 0.222155
vt 0.107033 0.812841
vt 0.104762 0.814208
vt 0.103078 0.812015
vt 0.105803 0.811065
vt 0.507395 0.181545
vt 0.505031 0.181596
vt 0.090347 0.083062
vt 0.090347 0.090007
vt 0.087406 0.091567
vt 0.087396 0.084778
vt 0.090347 0.096952
vt 0.087402 0.098373
vt 0.084489 0.099672
vt 0.084537 0.093000
vt 0.084446 0.086494
vt 0.090347 0.103897
vt 0.087593 0.105727
vt 0.084589 0.107050
vt 0.081541 0.107957
vt 0.081621 0.100768
vt 0.081650 0.119271
vt 0.078416 0.114736
vt 0.078553 0.108240
vt 0.078690 0.101743
vt 0.081821 0.094183
vt 0.082046 0.087614
vt 0.079168 0.095239
vt 0.079646 0.088734
vt 0.368112 0.870475
vt 0.359943 0.853114
vt 0.362645 0.808186
vt 0.368112 0.819812
vt 0.351775 0.835752
vt 0.357196 0.796555
vt 0.362571 0.757371
vt 0.365341 0.763260
vt 0.368112 0.769148
vt 0.878816 0.448909
vt 0.871696 0.468160
vt 0.864639 0.442757
vt 0.869406 0.429867
vt 0.857582 0.417355
vt 0.859997 0.410826
vt 0.081845 0.138487
vt 0.075877 0.139623
vt 0.343732 0.818354
vt 0.351790 0.784912
vt 0.335690 0.800957
vt 0.346402 0.773263
vt 0.357115 0.745569
vt 0.359843 0.751470
vt 0.192136 0.357936
vt 0.192357 0.367263
vt 0.190637 0.367179
vt 0.190369 0.357259
vt 0.192648 0.380290
vt 0.190975 0.380292
vt 0.607201 0.137341
vt 0.606783 0.163086
vt 0.605188 0.163545
vt 0.605686 0.137341
vt 0.606510 0.184546
vt 0.604839 0.185214
vt 0.606466 0.199424
vt 0.604749 0.199904
vt 0.606484 0.213378
vt 0.604728 0.213545
vt 0.191181 0.314079
vt 0.191304 0.322912
vt 0.189402 0.320991
vt 0.189285 0.313433
vt 0.191519 0.332870
vt 0.189623 0.330169
vt 0.193594 0.423052
vt 0.193823 0.433817
vt 0.192335 0.433818
vt 0.192070 0.423053
vt 0.193966 0.443149
vt 0.192501 0.443150
vt 0.832728 0.800334
vt 0.832766 0.824903
vt 0.827551 0.825635
vt 0.827446 0.800993
vt 0.832756 0.842891
vt 0.828177 0.843915
vt 0.822373 0.849140
vt 0.822200 0.827134
vt 0.822026 0.805129
vt 0.832482 0.854603
vt 0.829779 0.855103
vt 0.832036 0.862862
vt 0.831785 0.862884
vt 0.831534 0.862905
vt 0.826954 0.856023
vt 0.193132 0.402166
vt 0.191535 0.402167
vt 0.641234 0.721403
vt 0.641234 0.719999
vt 0.642884 0.720017
vt 0.642884 0.721404
vt 0.644534 0.720002
vt 0.644534 0.721405
vt 0.107684 0.947838
vt 0.109449 0.947828
vt 0.109449 0.948643
vt 0.107683 0.948652
vt 0.111215 0.947817
vt 0.111215 0.948612
vt 0.111215 0.949407
vt 0.109449 0.949603
vt 0.107683 0.949624
vt 0.104149 0.947817
vt 0.105916 0.947828
vt 0.105916 0.948643
vt 0.104149 0.948612
vt 0.105916 0.949603
vt 0.104149 0.949407
vt 0.606073 0.323700
vt 0.606044 0.338346
vt 0.604151 0.338346
vt 0.604180 0.323700
vt 0.606022 0.349482
vt 0.604129 0.349482
vt 0.202361 0.181768
vt 0.202341 0.192475
vt 0.198570 0.192500
vt 0.198592 0.181794
vt 0.202345 0.203383
vt 0.198573 0.203406
vt 0.195284 0.203458
vt 0.195282 0.192555
vt 0.195305 0.181852
vt 0.392728 0.745576
vt 0.392728 0.746370
vt 0.391074 0.746383
vt 0.391074 0.745573
vt 0.392728 0.747163
vt 0.391074 0.747329
vt 0.389420 0.747157
vt 0.389420 0.746363
vt 0.389420 0.745569
vt 0.950527 0.488368
vt 0.950749 0.489122
vt 0.950296 0.487619
vt 0.951092 0.487619
vt 0.951485 0.488744
vt 0.951709 0.489868
vt 0.974108 0.162517
vt 0.973324 0.166298
vt 0.969295 0.164637
vt 0.970504 0.160657
vt 0.972540 0.170080
vt 0.968649 0.169970
vt 0.963350 0.166478
vt 0.965125 0.162638
vt 0.966900 0.158797
vt 0.887598 0.937864
vt 0.886919 0.934077
vt 0.891595 0.934206
vt 0.892338 0.938085
vt 0.886633 0.929391
vt 0.891258 0.929408
vt 0.892683 0.929410
vt 0.893332 0.934262
vt 0.893981 0.939113
vt 0.864934 0.940880
vt 0.878821 0.941333
vt 0.879462 0.942889
vt 0.864919 0.942811
vt 0.889338 0.941543
vt 0.890676 0.942805
vt 0.896130 0.944175
vt 0.880517 0.944458
vt 0.864905 0.944741
vt 0.190884 0.236960
vt 0.188997 0.237030
vt 0.190918 0.248135
vt 0.189031 0.248204
vt 0.191128 0.140925
vt 0.191043 0.151126
vt 0.189159 0.151198
vt 0.189244 0.140994
vt 0.190950 0.161253
vt 0.189066 0.161327
vt 0.191250 0.094729
vt 0.191229 0.108625
vt 0.189345 0.108686
vt 0.189366 0.094787
vt 0.191208 0.119800
vt 0.189324 0.119865
vt 0.191297 0.060615
vt 0.191276 0.077007
vt 0.189391 0.077063
vt 0.189413 0.060671
vt 0.191229 0.011042
vt 0.191244 0.016615
vt 0.189357 0.016678
vt 0.189313 0.011107
vt 0.191260 0.022189
vt 0.189378 0.022251
vt 0.605802 0.461177
vt 0.605751 0.487355
vt 0.603858 0.487263
vt 0.603909 0.461092
vt 0.605707 0.509575
vt 0.603814 0.509490
vt 0.605921 0.401138
vt 0.605863 0.430511
vt 0.603970 0.430458
vt 0.604027 0.401120
vt 0.605992 0.364811
vt 0.605964 0.379056
vt 0.604071 0.379054
vt 0.604099 0.364811
vt 0.606008 0.356699
vt 0.604115 0.356699
vt 0.606140 0.289657
vt 0.606106 0.307127
vt 0.604212 0.307127
vt 0.604247 0.289657
vt 0.606262 0.252706
vt 0.606181 0.271824
vt 0.604291 0.271824
vt 0.604395 0.252706
vt 0.953414 0.668754
vt 0.963286 0.667637
vt 0.961560 0.669447
vt 0.949975 0.670460
vt 0.973157 0.666520
vt 0.973145 0.668435
vt 0.973134 0.670350
vt 0.959834 0.671258
vt 0.946535 0.672166
vt 0.605667 0.529750
vt 0.603768 0.529670
vt 0.605629 0.549000
vt 0.603702 0.548922
vt 0.194524 0.488915
vt 0.194853 0.522465
vt 0.193523 0.522466
vt 0.193146 0.488916
vt 0.195182 0.559137
vt 0.193885 0.559138
vt 0.190992 0.270523
vt 0.191035 0.281770
vt 0.189146 0.281828
vt 0.189104 0.270588
vt 0.191077 0.293006
vt 0.189187 0.293054
vt 0.606395 0.232005
vt 0.604581 0.232025
vt 0.950749 0.479155
vt 0.950296 0.480553
vt 0.951202 0.477752
vt 0.951937 0.477751
vt 0.951677 0.479152
vt 0.951092 0.480553
vt 0.617214 0.212585
vt 0.617477 0.231905
vt 0.613860 0.231922
vt 0.613712 0.212720
vt 0.617670 0.252706
vt 0.613947 0.252706
vt 0.610699 0.252706
vt 0.610705 0.231955
vt 0.610657 0.212982
vt 0.202557 0.270366
vt 0.202604 0.281632
vt 0.198825 0.281642
vt 0.198778 0.270378
vt 0.202652 0.292893
vt 0.198871 0.292900
vt 0.195574 0.292922
vt 0.195529 0.281668
vt 0.195484 0.270409
vt 0.202944 0.488909
vt 0.202956 0.522459
vt 0.200303 0.522461
vt 0.200196 0.488911
vt 0.202969 0.559132
vt 0.200373 0.559134
vt 0.197778 0.559135
vt 0.197968 0.522463
vt 0.197798 0.488912
vt 0.617275 0.509980
vt 0.617235 0.530138
vt 0.613446 0.530067
vt 0.613499 0.509912
vt 0.617197 0.549471
vt 0.613341 0.549314
vt 0.609485 0.549157
vt 0.610112 0.529938
vt 0.610205 0.509778
vt 0.961991 0.655146
vt 0.967367 0.655088
vt 0.967113 0.659478
vt 0.961142 0.660244
vt 0.973228 0.655029
vt 0.973204 0.658860
vt 0.973181 0.662690
vt 0.966379 0.663279
vt 0.960293 0.665342
vt 0.617730 0.271824
vt 0.613961 0.271824
vt 0.617709 0.289657
vt 0.613933 0.289657
vt 0.610639 0.289657
vt 0.610672 0.271824
vt 0.617674 0.307127
vt 0.613898 0.307127
vt 0.617642 0.323700
vt 0.613866 0.323700
vt 0.610572 0.323700
vt 0.610605 0.307127
vt 0.617591 0.349482
vt 0.617577 0.356699
vt 0.613801 0.356699
vt 0.613815 0.349482
vt 0.617561 0.364811
vt 0.613785 0.364811
vt 0.610491 0.364811
vt 0.610507 0.356699
vt 0.610521 0.349482
vt 0.617533 0.379067
vt 0.613757 0.379065
vt 0.617489 0.401222
vt 0.613713 0.401208
vt 0.610419 0.401180
vt 0.610463 0.379062
vt 0.617431 0.430761
vt 0.613655 0.430718
vt 0.617370 0.461578
vt 0.613594 0.461510
vt 0.610301 0.461378
vt 0.610361 0.430636
vt 0.617318 0.487791
vt 0.613543 0.487717
vt 0.610249 0.487573
vt 0.202725 0.010654
vt 0.202742 0.016310
vt 0.198976 0.016368
vt 0.198893 0.010784
vt 0.202759 0.021897
vt 0.199006 0.021948
vt 0.195732 0.022044
vt 0.195662 0.016469
vt 0.195061 0.010913
vt 0.202807 0.060353
vt 0.202789 0.076746
vt 0.199031 0.076790
vt 0.199050 0.060398
vt 0.202767 0.094459
vt 0.199007 0.094505
vt 0.195728 0.094593
vt 0.195753 0.076875
vt 0.195773 0.060485
vt 0.202746 0.108333
vt 0.198985 0.108384
vt 0.202724 0.119487
vt 0.198964 0.119542
vt 0.195685 0.119645
vt 0.195707 0.108479
vt 0.202649 0.140618
vt 0.202570 0.150848
vt 0.198805 0.150889
vt 0.198886 0.140669
vt 0.202482 0.161002
vt 0.198715 0.161035
vt 0.195430 0.161104
vt 0.195522 0.150973
vt 0.195606 0.140766
vt 0.202402 0.225599
vt 0.202439 0.236774
vt 0.198663 0.236791
vt 0.198628 0.225618
vt 0.202476 0.247955
vt 0.198700 0.247970
vt 0.195407 0.248009
vt 0.195372 0.236832
vt 0.195337 0.225663
vt 0.865021 0.929295
vt 0.877239 0.929350
vt 0.877403 0.933682
vt 0.864992 0.933157
vt 0.877798 0.937319
vt 0.864963 0.937018
vt 0.470768 0.987784
vt 0.470264 0.988565
vt 0.470094 0.984394
vt 0.470768 0.983345
vt 0.469761 0.989346
vt 0.469420 0.985442
vt 0.469079 0.981539
vt 0.469924 0.980223
vt 0.470768 0.978907
vt 0.720581 0.850820
vt 0.728275 0.849630
vt 0.729881 0.852849
vt 0.721034 0.853963
vt 0.735969 0.848440
vt 0.737320 0.851554
vt 0.739446 0.854238
vt 0.731288 0.855626
vt 0.721487 0.857106
vt 0.617613 0.338346
vt 0.613837 0.338346
vt 0.610543 0.338346
vt 0.641234 0.729824
vt 0.641234 0.727017
vt 0.642884 0.727057
vt 0.642884 0.729825
vt 0.641234 0.724210
vt 0.642884 0.724601
vt 0.644534 0.724212
vt 0.644534 0.727019
vt 0.644534 0.729826
vt 0.202871 0.380283
vt 0.202890 0.402159
vt 0.199705 0.402161
vt 0.199534 0.380285
vt 0.202908 0.423045
vt 0.199868 0.423048
vt 0.197216 0.423049
vt 0.196927 0.402163
vt 0.196623 0.380287
vt 0.616868 0.114057
vt 0.616650 0.127588
vt 0.613625 0.127991
vt 0.613892 0.115040
vt 0.616477 0.142065
vt 0.613385 0.141875
vt 0.610231 0.137341
vt 0.610599 0.128790
vt 0.610968 0.120239
vt 0.616940 0.072749
vt 0.616949 0.096267
vt 0.614047 0.097050
vt 0.614138 0.073521
vt 0.611148 0.099260
vt 0.611328 0.078281
vt 0.202916 0.433811
vt 0.199949 0.433813
vt 0.202922 0.443143
vt 0.199999 0.443145
vt 0.197449 0.443146
vt 0.197360 0.433815
vt 0.202727 0.315392
vt 0.202760 0.326816
vt 0.199056 0.326737
vt 0.198970 0.315368
vt 0.202791 0.338331
vt 0.199162 0.338220
vt 0.195976 0.337424
vt 0.195811 0.326169
vt 0.195687 0.315178
vt 0.616719 0.181375
vt 0.616956 0.197145
vt 0.613533 0.197532
vt 0.613388 0.181913
vt 0.610546 0.198285
vt 0.610481 0.182960
vt 0.616523 0.161496
vt 0.613332 0.161784
vt 0.610522 0.162099
vt 0.202846 0.359297
vt 0.202859 0.367427
vt 0.199433 0.367426
vt 0.199363 0.359271
vt 0.196444 0.367403
vt 0.196319 0.359074
vt 0.107683 0.952229
vt 0.109449 0.952224
vt 0.109449 0.953676
vt 0.107683 0.953691
vt 0.111215 0.952214
vt 0.111215 0.953618
vt 0.104149 0.952214
vt 0.105916 0.952224
vt 0.105916 0.953676
vt 0.104149 0.953618
vt 0.392728 0.749965
vt 0.392728 0.751365
vt 0.391074 0.751401
vt 0.391074 0.749961
vt 0.389420 0.751359
vt 0.389420 0.749958
vt 0.954216 0.494110
vt 0.954057 0.490864
vt 0.955482 0.492084
vt 0.955623 0.496549
vt 0.953898 0.487619
vt 0.955302 0.487619
vt 0.953898 0.480553
vt 0.954216 0.479152
vt 0.955604 0.479152
vt 0.955302 0.480553
vt 0.954533 0.477751
vt 0.955830 0.477752
vt 0.940574 0.165218
vt 0.940377 0.166122
vt 0.936855 0.166265
vt 0.937050 0.165252
vt 0.940181 0.167025
vt 0.936672 0.168152
vt 0.933133 0.167092
vt 0.933330 0.166189
vt 0.933526 0.165285
vt 0.939336 0.423784
vt 0.940030 0.427139
vt 0.936463 0.427636
vt 0.935749 0.424142
vt 0.940723 0.430494
vt 0.937384 0.432075
vt 0.933538 0.431248
vt 0.932845 0.427893
vt 0.932151 0.424538
vt 0.942041 0.158797
vt 0.941504 0.161104
vt 0.937989 0.161099
vt 0.938517 0.158830
vt 0.940966 0.163411
vt 0.937537 0.163055
vt 0.933919 0.163478
vt 0.934456 0.161171
vt 0.934994 0.158864
vt 0.942328 0.438183
vt 0.938761 0.438680
vt 0.943933 0.445872
vt 0.940341 0.446249
vt 0.936748 0.446625
vt 0.935143 0.438937
vt 0.888436 0.940153
vt 0.893255 0.940175
vt 0.894236 0.941345
vt 0.894872 0.940008
vt 0.895763 0.940903
vt 0.902416 0.949122
vt 0.899273 0.946649
vt 0.899677 0.945850
vt 0.902418 0.948191
vt 0.897231 0.943805
vt 0.897545 0.942693
vt 0.899983 0.944977
vt 0.902421 0.947260
vt 0.953369 0.934645
vt 0.952302 0.926041
vt 0.954461 0.927441
vt 0.955584 0.934882
vt 0.950786 0.915598
vt 0.952651 0.918554
vt 0.954516 0.921510
vt 0.956734 0.928973
vt 0.958953 0.936435
vt 0.953554 0.943892
vt 0.953686 0.940187
vt 0.955295 0.939608
vt 0.954320 0.942888
vt 0.957020 0.939160
vt 0.955086 0.941884
vt 0.942663 0.948485
vt 0.941918 0.943046
vt 0.946146 0.942308
vt 0.947342 0.947193
vt 0.940886 0.935544
vt 0.944942 0.935013
vt 0.948488 0.934653
vt 0.949731 0.941501
vt 0.952021 0.945900
vt 0.939291 0.924006
vt 0.943584 0.923628
vt 0.937309 0.909686
vt 0.942183 0.909686
vt 0.947056 0.909686
vt 0.947374 0.923765
vt 0.942316 0.376735
vt 0.942402 0.371711
vt 0.946465 0.371934
vt 0.946418 0.376771
vt 0.943007 0.367145
vt 0.946596 0.367159
vt 0.950185 0.367174
vt 0.950110 0.371951
vt 0.950034 0.376729
vt 0.940038 0.171884
vt 0.936524 0.172006
vt 0.939895 0.176742
vt 0.936451 0.176731
vt 0.932847 0.176727
vt 0.932991 0.171910
vt 0.965433 0.860685
vt 0.965694 0.855549
vt 0.971046 0.858358
vt 0.970808 0.863375
vt 0.965954 0.850413
vt 0.971173 0.853021
vt 0.976671 0.856428
vt 0.976427 0.861246
vt 0.976182 0.866064
vt 0.539106 0.977094
vt 0.537186 0.976050
vt 0.537255 0.969100
vt 0.539106 0.970101
vt 0.535266 0.975007
vt 0.535482 0.968180
vt 0.535503 0.961151
vt 0.537305 0.962130
vt 0.539106 0.963109
vt 0.898929 0.059277
vt 0.897007 0.054565
vt 0.891389 0.059357
vt 0.890693 0.055155
vt 0.890820 0.051027
vt 0.895785 0.050975
vt 0.883321 0.010654
vt 0.886484 0.010681
vt 0.886974 0.015385
vt 0.883924 0.020401
vt 0.887589 0.018971
vt 0.885507 0.018954
vt 0.872740 0.059197
vt 0.878031 0.034926
vt 0.880314 0.034934
vt 0.879006 0.049487
vt 0.882022 0.034938
vt 0.879637 0.049213
vt 0.882065 0.059277
vt 0.883667 0.054565
vt 0.884679 0.050975
vt 0.964113 0.603901
vt 0.958353 0.603852
vt 0.959697 0.588838
vt 0.963370 0.588855
vt 0.952592 0.603802
vt 0.955860 0.588807
vt 0.959129 0.573812
vt 0.961083 0.573829
vt 0.963037 0.573846
vt 0.973429 0.603802
vt 0.968771 0.603852
vt 0.966673 0.588839
vt 0.969813 0.588807
vt 0.964617 0.573829
vt 0.966196 0.573812
vt 0.965694 0.843791
vt 0.971046 0.846963
vt 0.965433 0.837168
vt 0.970808 0.840585
vt 0.976182 0.844003
vt 0.976427 0.850216
vt 0.533706 0.974340
vt 0.533883 0.967443
vt 0.532146 0.973673
vt 0.532362 0.966786
vt 0.532577 0.959900
vt 0.534040 0.960526
vt 0.909456 0.410826
vt 0.909456 0.429734
vt 0.904790 0.434219
vt 0.904790 0.415896
vt 0.909456 0.448643
vt 0.904790 0.452543
vt 0.900125 0.456443
vt 0.900125 0.438705
vt 0.900125 0.420966
vt 0.927777 0.044088
vt 0.927777 0.027371
vt 0.933086 0.031447
vt 0.933086 0.047647
vt 0.927777 0.010654
vt 0.933086 0.015247
vt 0.938396 0.019841
vt 0.938396 0.035523
vt 0.938396 0.051205
vt 0.598405 0.752366
vt 0.598401 0.771074
vt 0.610562 0.713361
vt 0.617220 0.692092
vt 0.619926 0.691379
vt 0.617242 0.712529
vt 0.900125 0.542436
vt 0.901779 0.542446
vt 0.901636 0.545918
vt 0.900125 0.545909
vt 0.903433 0.542456
vt 0.902249 0.544185
vt 0.901828 0.545869
vt 0.902249 0.547659
vt 0.903433 0.549403
vt 0.901779 0.549392
vt 0.900125 0.549382
vt 0.180068 0.282252
vt 0.179959 0.271228
vt 0.180503 0.292777
vt 0.175746 0.281954
vt 0.175470 0.271368
vt 0.198737 0.259158
vt 0.195443 0.259194
vt 0.202514 0.259145
vt 0.148699 0.251588
vt 0.148730 0.262653
vt 0.142251 0.262987
vt 0.154618 0.262381
vt 0.148720 0.275324
vt 0.185900 0.259543
vt 0.183671 0.259740
vt 0.187388 0.259453
vt 0.134310 0.263244
vt 0.170096 0.249809
vt 0.169801 0.261173
vt 0.165399 0.258751
vt 0.175091 0.260540
vt 0.171394 0.271337
vt 0.168612 0.271947
vt 0.167355 0.266222
vt 0.165705 0.263542
vt 0.192921 0.248067
vt 0.192956 0.259249
vt 0.190954 0.259315
vt 0.192996 0.270461
vt 0.198595 0.214468
vt 0.195305 0.214517
vt 0.202368 0.214447
vt 0.134339 0.220658
vt 0.142226 0.219942
vt 0.188915 0.192782
vt 0.190800 0.192703
vt 0.188939 0.182082
vt 0.190823 0.182003
vt 0.148654 0.208531
vt 0.148658 0.219269
vt 0.154290 0.218722
vt 0.148664 0.230024
vt 0.185930 0.214873
vt 0.184809 0.214937
vt 0.637505 0.814546
vt 0.632098 0.814497
vt 0.634350 0.803701
vt 0.640124 0.803774
vt 0.628712 0.803630
vt 0.631874 0.792836
vt 0.637308 0.792919
vt 0.642743 0.793002
vt 0.198641 0.171313
vt 0.195355 0.171375
vt 0.202409 0.171285
vt 0.185854 0.171768
vt 0.183700 0.171971
vt 0.187315 0.171678
vt 0.192949 0.161178
vt 0.192873 0.171448
vt 0.190874 0.171524
vt 0.192823 0.181925
vt 0.642743 0.857946
vt 0.638496 0.857984
vt 0.634834 0.847071
vt 0.639954 0.847067
vt 0.634248 0.858021
vt 0.629501 0.847071
vt 0.632036 0.836176
vt 0.637165 0.836188
vt 0.134314 0.178164
vt 0.142219 0.177259
vt 0.148659 0.165763
vt 0.148654 0.176422
vt 0.154289 0.175775
vt 0.148651 0.187103
vt 0.134598 0.135916
vt 0.142238 0.134786
vt 0.193207 0.119731
vt 0.193178 0.130386
vt 0.191180 0.130458
vt 0.195657 0.130298
vt 0.193127 0.140852
vt 0.186129 0.130644
vt 0.183880 0.130767
vt 0.187619 0.130585
vt 0.198935 0.130194
vt 0.202697 0.130139
vt 0.148692 0.123220
vt 0.148684 0.133860
vt 0.154336 0.133225
vt 0.148676 0.144495
vt 0.170313 0.121005
vt 0.170295 0.131676
vt 0.165181 0.132098
vt 0.175268 0.131328
vt 0.170268 0.142272
vt 0.193084 0.292959
vt 0.193126 0.304075
vt 0.191117 0.304028
vt 0.195617 0.304107
vt 0.193197 0.314712
vt 0.186098 0.303964
vt 0.184128 0.303509
vt 0.187545 0.303945
vt 0.198913 0.304117
vt 0.202692 0.304114
vt 0.181462 0.301107
vt 0.150138 0.306103
vt 0.154306 0.322381
vt 0.143808 0.320278
vt 0.168973 0.290652
vt 0.171593 0.286796
vt 0.168092 0.280903
vt 0.169800 0.281860
vt 0.134400 0.314791
vt 0.631296 0.825321
vt 0.637335 0.825367
vt 0.180057 0.131009
vt 0.170231 0.152754
vt 0.170202 0.163166
vt 0.172110 0.279957
vt 0.169537 0.277763
vt 0.179882 0.260107
vt 0.623397 0.803566
vt 0.626894 0.792763
vt 0.618172 0.803504
vt 0.621913 0.792689
vt 0.170167 0.238879
vt 0.170173 0.227847
vt 0.175008 0.183435
vt 0.175057 0.172990
vt 0.179830 0.172420
vt 0.179905 0.182802
vt 0.170465 0.110138
vt 0.159780 0.218126
vt 0.165265 0.217481
vt 0.148667 0.155126
vt 0.159783 0.175089
vt 0.165270 0.174351
vt 0.148675 0.240798
vt 0.148877 0.290447
vt 0.148862 0.112391
vt 0.148651 0.197808
vt 0.160954 0.262139
vt 0.164535 0.266818
vt 0.159831 0.132633
vt 0.193526 0.335489
vt 0.193775 0.347556
vt 0.191831 0.345672
vt 0.196158 0.348948
vt 0.194008 0.358590
vt 0.186737 0.340719
vt 0.188352 0.341885
vt 0.199271 0.349520
vt 0.202822 0.349599
vt 0.167999 0.276542
vt 0.166909 0.272694
vt 0.166219 0.268619
vt 0.165036 0.035427
vt 0.174931 0.034418
vt 0.174942 0.039930
vt 0.165048 0.040920
vt 0.182333 0.033782
vt 0.182343 0.039306
vt 0.182349 0.044794
vt 0.174949 0.045406
vt 0.165055 0.046376
vt 0.108490 0.051076
vt 0.117189 0.046982
vt 0.117202 0.052265
vt 0.108502 0.056284
vt 0.125889 0.043627
vt 0.125902 0.048970
vt 0.125909 0.054278
vt 0.117210 0.057512
vt 0.108510 0.061456
vt 0.134687 0.040842
vt 0.134700 0.046235
vt 0.144076 0.038575
vt 0.144088 0.044009
vt 0.144096 0.049407
vt 0.134708 0.051592
vt 0.099986 0.055909
vt 0.099799 0.060998
vt 0.100005 0.065858
vt 0.154401 0.036793
vt 0.154414 0.042260
vt 0.154421 0.047690
vt 0.174917 0.028879
vt 0.165021 0.029907
vt 0.182319 0.028230
vt 0.117174 0.041672
vt 0.108474 0.045841
vt 0.125874 0.038257
vt 0.134672 0.035422
vt 0.144060 0.033114
vt 0.099772 0.051067
vt 0.154386 0.031299
vt 0.186035 0.033510
vt 0.186044 0.039040
vt 0.187732 0.033435
vt 0.187742 0.038966
vt 0.187748 0.044460
vt 0.186050 0.044533
vt 0.191289 0.033323
vt 0.193286 0.033260
vt 0.193297 0.038795
vt 0.191300 0.038856
vt 0.195763 0.033183
vt 0.195774 0.038718
vt 0.195781 0.044218
vt 0.193304 0.044293
vt 0.191306 0.044353
vt 0.199038 0.033090
vt 0.199049 0.038627
vt 0.202792 0.033041
vt 0.202804 0.038579
vt 0.202812 0.044081
vt 0.199057 0.044129
vt 0.186021 0.027953
vt 0.187719 0.027877
vt 0.193256 0.022125
vt 0.193272 0.027699
vt 0.191275 0.027763
vt 0.195748 0.027620
vt 0.199023 0.027525
vt 0.202776 0.027475
vt 0.186050 0.050666
vt 0.182348 0.050974
vt 0.187747 0.050587
vt 0.174950 0.051656
vt 0.165057 0.052584
vt 0.154424 0.053893
vt 0.144099 0.055491
vt 0.193304 0.050423
vt 0.191306 0.050482
vt 0.195782 0.050349
vt 0.193295 0.060557
vt 0.117213 0.063248
vt 0.108513 0.066648
vt 0.125913 0.060201
vt 0.199058 0.050262
vt 0.202814 0.050215
vt 0.134711 0.057579
vt 0.099744 0.070876
vt 0.099814 0.076183
vt 0.744593 0.857955
vt 0.733038 0.859097
vt 0.732212 0.857565
vt 0.741125 0.856134
vt 0.721483 0.860240
vt 0.721485 0.858673
vt 0.751373 0.852600
vt 0.747983 0.855277
vt 0.746481 0.854014
vt 0.750050 0.851554
vt 0.744721 0.852356
vt 0.748756 0.850534
vt 0.762586 0.833041
vt 0.760369 0.840143
vt 0.758406 0.839621
vt 0.759441 0.833041
vt 0.758153 0.847245
vt 0.756204 0.845285
vt 0.754945 0.845618
vt 0.756733 0.839328
vt 0.758522 0.833038
vt 0.070704 0.962041
vt 0.070517 0.956951
vt 0.076428 0.955925
vt 0.076591 0.962017
vt 0.070330 0.951861
vt 0.076120 0.949839
vt 0.081911 0.947816
vt 0.082376 0.954897
vt 0.082840 0.961977
vt 0.973324 0.178613
vt 0.969270 0.178345
vt 0.974108 0.187147
vt 0.970454 0.188073
vt 0.966801 0.188998
vt 0.965075 0.177738
vt 0.938847 0.419687
vt 0.942991 0.417306
vt 0.943317 0.420811
vt 0.937949 0.417074
vt 0.942624 0.413950
vt 0.947298 0.410826
vt 0.947298 0.414332
vt 0.947298 0.417838
vt 0.937535 0.371049
vt 0.937713 0.365580
vt 0.937462 0.376598
vt 0.932067 0.376342
vt 0.932243 0.370179
vt 0.932419 0.364016
vt 0.604721 0.643600
vt 0.600134 0.643465
vt 0.600197 0.633768
vt 0.604871 0.633906
vt 0.595638 0.643288
vt 0.595617 0.633587
vt 0.595593 0.622968
vt 0.600266 0.623154
vt 0.605035 0.623295
vt 0.613756 0.643758
vt 0.609260 0.643691
vt 0.609495 0.634025
vt 0.614073 0.634220
vt 0.609751 0.623492
vt 0.614390 0.624681
vt 0.697870 0.488008
vt 0.694115 0.488506
vt 0.692789 0.478914
vt 0.696607 0.478379
vt 0.690347 0.488968
vt 0.688969 0.479513
vt 0.687591 0.470058
vt 0.691344 0.468462
vt 0.695224 0.467839
vt 0.058848 0.334721
vt 0.065785 0.334782
vt 0.065638 0.344435
vt 0.058571 0.344368
vt 0.072942 0.334907
vt 0.072931 0.344569
vt 0.072918 0.355146
vt 0.065476 0.355002
vt 0.058268 0.354928
vt 0.292846 0.847392
vt 0.293058 0.837635
vt 0.299610 0.837552
vt 0.299278 0.847286
vt 0.293290 0.826955
vt 0.299970 0.826946
vt 0.308109 0.827942
vt 0.307634 0.837550
vt 0.307159 0.847158
vt 0.082638 0.335382
vt 0.086499 0.335827
vt 0.086646 0.345288
vt 0.082776 0.344987
vt 0.090052 0.335955
vt 0.090364 0.345499
vt 0.090677 0.355043
vt 0.086904 0.355793
vt 0.082964 0.355571
vt 0.050494 0.334827
vt 0.053990 0.334749
vt 0.053625 0.344367
vt 0.050073 0.344318
vt 0.053229 0.354848
vt 0.049652 0.353810
vt 0.713925 0.485511
vt 0.709674 0.486178
vt 0.708608 0.476506
vt 0.712938 0.475823
vt 0.705529 0.486831
vt 0.704392 0.477175
vt 0.703147 0.466604
vt 0.707442 0.465918
vt 0.711857 0.465218
vt 0.722052 0.484243
vt 0.718097 0.484858
vt 0.717189 0.475154
vt 0.721224 0.474523
vt 0.716196 0.464531
vt 0.720319 0.463884
vt 0.729212 0.483148
vt 0.725717 0.483680
vt 0.724970 0.473972
vt 0.728552 0.473555
vt 0.724156 0.463394
vt 0.727891 0.463961
vt 0.701630 0.487448
vt 0.700428 0.477805
vt 0.699113 0.467251
vt 0.286268 0.847508
vt 0.283946 0.847551
vt 0.283990 0.837826
vt 0.286356 0.837755
vt 0.281624 0.847594
vt 0.281624 0.837999
vt 0.281624 0.828403
vt 0.284038 0.827228
vt 0.286451 0.827079
vt 0.078408 0.335082
vt 0.078497 0.344744
vt 0.078600 0.355328
vt 0.591360 0.643076
vt 0.591259 0.633395
vt 0.587216 0.642846
vt 0.587040 0.633286
vt 0.586865 0.623727
vt 0.591150 0.622846
vt 0.591442 0.652903
vt 0.595654 0.653147
vt 0.587391 0.652406
vt 0.078373 0.325277
vt 0.072988 0.325031
vt 0.082558 0.325930
vt 0.286096 0.866707
vt 0.283860 0.866746
vt 0.283903 0.857149
vt 0.286182 0.857108
vt 0.281624 0.866786
vt 0.281624 0.857190
vt 0.702932 0.497124
vt 0.706787 0.496518
vt 0.699204 0.497680
vt 0.726519 0.493409
vt 0.729873 0.492742
vt 0.722951 0.493989
vt 0.719087 0.494591
vt 0.715012 0.495228
vt 0.710856 0.495879
vt 0.054312 0.324952
vt 0.050915 0.325336
vt 0.059095 0.324855
vt 0.086687 0.318063
vt 0.086552 0.326879
vt 0.090966 0.319944
vt 0.090509 0.327949
vt 0.290568 0.866628
vt 0.292483 0.856998
vt 0.298911 0.856893
vt 0.298389 0.866501
vt 0.306685 0.856766
vt 0.306210 0.866374
vt 0.065934 0.324908
vt 0.695479 0.498143
vt 0.691725 0.498423
vt 0.609056 0.653440
vt 0.613439 0.653297
vt 0.604600 0.653409
vt 0.600084 0.653299
vt 0.600345 0.611010
vt 0.605223 0.611155
vt 0.595567 0.610818
vt 0.610050 0.611277
vt 0.614829 0.611474
vt 0.689667 0.456342
vt 0.693642 0.455780
vt 0.685683 0.456967
vt 0.065292 0.367092
vt 0.057921 0.367009
vt 0.072904 0.367247
vt 0.293554 0.814735
vt 0.300391 0.814647
vt 0.308766 0.814638
vt 0.087217 0.368002
vt 0.083184 0.367693
vt 0.091109 0.368257
vt 0.052767 0.367002
vt 0.049069 0.366952
vt 0.706108 0.453804
vt 0.710620 0.453084
vt 0.701722 0.454511
vt 0.715059 0.452377
vt 0.719283 0.451711
vt 0.723212 0.451126
vt 0.726976 0.450677
vt 0.697609 0.455175
vt 0.284092 0.814939
vt 0.286561 0.814864
vt 0.281624 0.815116
vt 0.078718 0.367440
vt 0.591022 0.610613
vt 0.586623 0.610490
vt 0.616917 0.011286
vt 0.616926 0.043582
vt 0.614230 0.043882
vt 0.614327 0.011286
vt 0.611532 0.044784
vt 0.611737 0.011286
vt 0.202931 0.461537
vt 0.200084 0.461539
vt 0.197600 0.461541
vt 0.194208 0.461544
vt 0.192780 0.461545
vt 0.191510 0.461546
vt 0.833135 0.736490
vt 0.832869 0.769976
vt 0.827617 0.770120
vt 0.827905 0.736292
vt 0.822351 0.770611
vt 0.822675 0.736093
vt 0.518707 0.050539
vt 0.519807 0.016478
vt 0.605265 0.010654
vt 0.604848 0.045171
vt 0.604042 0.044979
vt 0.604531 0.010654
vt 0.602958 0.045723
vt 0.603797 0.010654
vt 0.601356 0.047621
vt 0.602216 0.010654
vt 0.599475 0.050456
vt 0.600636 0.010654
vt 0.512355 0.101387
vt 0.510872 0.102324
vt 0.531409 0.127379
vt 0.532150 0.127483
vt 0.529443 0.125873
vt 0.525083 0.119992
vt 0.525369 0.145022
vt 0.183193 0.470125
vt 0.181367 0.474653
vt 0.183158 0.495851
vt 0.182104 0.500901
vt 0.180087 0.478740
vt 0.190386 0.461733
vt 0.188721 0.463039
vt 0.186008 0.466124
vt 0.534347 0.148212
vt 0.532691 0.127758
vt 0.533120 0.129099
vt 0.531753 0.098197
vt 0.532018 0.102138
vt 0.289117 0.827028
vt 0.289287 0.814811
vt 0.289469 0.801670
vt 0.288332 0.866668
vt 0.288660 0.857063
vt 0.288832 0.847462
vt 0.288968 0.837706
vt 0.954533 0.500601
vt 0.954374 0.497355
vt 0.955745 0.501049
vt 0.955830 0.505691
vt 0.957428 0.503859
vt 0.957128 0.510780
vt 0.950466 0.490421
vt 0.950011 0.489705
vt 0.950972 0.489842
vt 0.951202 0.490421
vt 0.951901 0.490851
vt 0.951739 0.490833
vt 0.891811 0.386934
vt 0.891081 0.383518
vt 0.891188 0.380121
vt 0.891811 0.382681
vt 0.890351 0.380102
vt 0.890565 0.377561
vt 0.890778 0.375019
vt 0.891295 0.376724
vt 0.891811 0.378428
vt 0.552252 0.229957
vt 0.555474 0.231007
vt 0.552286 0.226214
vt 0.555751 0.227266
vt 0.540036 0.167991
vt 0.536969 0.157457
vt 0.547622 0.223613
vt 0.545892 0.221381
vt 0.542992 0.191209
vt 0.544879 0.191324
vt 0.954752 0.969809
vt 0.954688 0.975305
vt 0.954739 0.980801
vt 0.572906 0.977815
vt 0.572905 0.976098
vt 0.578245 0.975279
vt 0.578246 0.976920
vt 0.583586 0.974460
vt 0.583587 0.976024
vt 0.102667 0.819532
vt 0.103298 0.814720
vt 0.102397 0.812252
vt 0.072522 0.781704
vt 0.075617 0.784090
vt 0.077830 0.785562
vt 0.943408 0.083600
vt 0.943408 0.100387
vt 0.942641 0.099628
vt 0.942798 0.083355
vt 0.943408 0.117174
vt 0.942484 0.115901
vt 0.980838 0.705142
vt 0.979305 0.704588
vt 0.977758 0.704238
vt 0.971008 0.758264
vt 0.969236 0.757687
vt 0.967497 0.757202
vt 0.021750 0.930523
vt 0.021791 0.909550
vt 0.021753 0.888577
vt 0.442551 0.922179
vt 0.440872 0.924612
vt 0.439479 0.926978
vt 0.919867 0.477806
vt 0.919200 0.499402
vt 0.918881 0.520989
vt 0.531404 0.061859
vt 0.532062 0.062322
vt 0.531325 0.022486
vt 0.532106 0.022507
vt 0.959717 0.504866
vt 0.959724 0.510781
vt 0.962319 0.504990
vt 0.962319 0.510780
vt 0.947299 0.490421
vt 0.947299 0.489629
vt 0.948738 0.489673
vt 0.948883 0.490421
vt 0.900177 0.838636
vt 0.899007 0.840406
vt 0.898259 0.842097
vt 0.289609 0.788377
vt 0.289564 0.775086
vt 0.094731 0.839332
vt 0.099521 0.828239
vt 0.533422 0.238896
vt 0.532037 0.237929
vt 0.518466 0.246597
vt 0.516347 0.246250
vt 0.953070 0.493662
vt 0.953235 0.495511
vt 0.952889 0.491671
vt 0.843596 0.736888
vt 0.843347 0.770384
vt 0.838115 0.770006
vt 0.838366 0.736689
vt 0.843098 0.803881
vt 0.837982 0.800369
vt 0.195722 0.461542
vt 0.195521 0.443148
vt 0.195986 0.488914
vt 0.739150 0.846992
vt 0.742115 0.849889
vt 0.742331 0.845544
vt 0.745543 0.848039
vt 0.754763 0.849922
vt 0.753272 0.848885
vt 0.751850 0.848076
vt 0.189423 0.044410
vt 0.189423 0.050538
vt 0.189393 0.027823
vt 0.189407 0.033382
vt 0.189417 0.038914
vt 0.189993 0.343724
vt 0.189224 0.303981
vt 0.189296 0.130525
vt 0.188990 0.171601
vt 0.192801 0.203526
vt 0.192800 0.192626
vt 0.189066 0.259383
vt 0.952020 0.940810
vt 0.952788 0.944896
vt 0.951184 0.934567
vt 0.950100 0.924720
vt 0.948921 0.912642
vt 0.895379 0.942421
vt 0.896654 0.941798
vt 0.935071 0.420732
vt 0.934357 0.417451
vt 0.931458 0.421183
vt 0.930765 0.417827
vt 0.940770 0.164315
vt 0.937256 0.164309
vt 0.933723 0.164382
vt 0.952881 0.479152
vt 0.952495 0.480553
vt 0.953235 0.477752
vt 0.952701 0.489645
vt 0.952495 0.487619
vt 0.392728 0.748564
vt 0.391074 0.748577
vt 0.389420 0.748558
vt 0.105916 0.950842
vt 0.104149 0.950811
vt 0.107683 0.950850
vt 0.109449 0.950842
vt 0.111215 0.950811
vt 0.608319 0.231982
vt 0.608347 0.213201
vt 0.608243 0.252706
vt 0.193040 0.281714
vt 0.196251 0.522464
vt 0.196480 0.559136
vt 0.607662 0.529834
vt 0.607715 0.509666
vt 0.607557 0.549079
vt 0.964975 0.665753
vt 0.956854 0.667048
vt 0.973169 0.664605
vt 0.608186 0.271824
vt 0.608149 0.289657
vt 0.608114 0.307127
vt 0.608082 0.323700
vt 0.608017 0.356699
vt 0.608031 0.349482
vt 0.608001 0.364811
vt 0.607973 0.379059
vt 0.607929 0.401157
vt 0.607871 0.430566
vt 0.607811 0.461266
vt 0.607759 0.487452
vt 0.193227 0.016550
vt 0.193145 0.010978
vt 0.193274 0.076948
vt 0.193249 0.094668
vt 0.193228 0.108559
vt 0.193042 0.151053
vt 0.192886 0.236892
vt 0.192852 0.225724
vt 0.878290 0.939673
vt 0.864948 0.938949
vt 0.976659 0.376555
vt 0.974077 0.378348
vt 0.973740 0.372283
vt 0.975986 0.370285
vt 0.971494 0.380141
vt 0.971494 0.374281
vt 0.971494 0.368421
vt 0.973403 0.366218
vt 0.975312 0.364015
vt 0.608053 0.338346
vt 0.641234 0.722806
vt 0.642884 0.722847
vt 0.644534 0.722809
vt 0.194826 0.402165
vt 0.194423 0.380289
vt 0.195211 0.423051
vt 0.843596 0.845848
vt 0.838067 0.854334
vt 0.835194 0.854295
vt 0.837374 0.842633
vt 0.832537 0.862820
vt 0.832286 0.862841
vt 0.843347 0.824864
vt 0.837983 0.824536
vt 0.195402 0.433816
vt 0.193328 0.324785
vt 0.608287 0.198916
vt 0.608283 0.183838
vt 0.608459 0.162600
vt 0.608716 0.137341
vt 0.194182 0.367344
vt 0.192821 0.214581
vt 0.470465 0.733321
vt 0.477400 0.723238
vt 0.487009 0.723445
vt 0.484187 0.733301
vt 0.481814 0.713530
vt 0.489082 0.713362
vt 0.497608 0.713377
vt 0.497759 0.723330
vt 0.497910 0.733282
vt 0.323523 0.316011
vt 0.298832 0.313165
vt 0.295993 0.297342
vt 0.315486 0.297579
vt 0.283265 0.318054
vt 0.281748 0.307562
vt 0.278196 0.299367
vt 0.281659 0.289593
vt 0.282627 0.275511
vt 0.297525 0.276990
vt 0.313802 0.278518
vt 0.420526 0.522195
vt 0.441580 0.534686
vt 0.443674 0.549385
vt 0.420954 0.541293
vt 0.463010 0.550484
vt 0.466419 0.557754
vt 0.469829 0.565024
vt 0.445605 0.562708
vt 0.421381 0.560392
vt 0.216483 0.489906
vt 0.218796 0.491700
vt 0.217622 0.523936
vt 0.215770 0.522954
vt 0.221688 0.490775
vt 0.219839 0.524948
vt 0.217989 0.559121
vt 0.216406 0.559122
vt 0.214822 0.559123
vt 0.222286 0.319405
vt 0.227001 0.307672
vt 0.233066 0.318300
vt 0.230730 0.335114
vt 0.230083 0.294418
vt 0.235027 0.303507
vt 0.240869 0.308455
vt 0.241179 0.325538
vt 0.240533 0.346891
vt 0.633341 0.208898
vt 0.637916 0.212139
vt 0.639401 0.225515
vt 0.635521 0.229646
vt 0.642490 0.215381
vt 0.644249 0.219093
vt 0.646007 0.222805
vt 0.640489 0.242331
vt 0.636422 0.249703
vt 0.038822 0.607222
vt 0.039171 0.594019
vt 0.043899 0.593858
vt 0.043454 0.607070
vt 0.039700 0.580850
vt 0.044361 0.580650
vt 0.049021 0.580451
vt 0.048477 0.593670
vt 0.047933 0.606889
vt 0.967933 0.480553
vt 0.965126 0.480553
vt 0.964983 0.479153
vt 0.967347 0.479153
vt 0.964915 0.477752
vt 0.967510 0.477752
vt 0.036741 0.700375
vt 0.036967 0.688532
vt 0.041277 0.689302
vt 0.040143 0.705578
vt 0.037204 0.674286
vt 0.041423 0.674088
vt 0.045272 0.671513
vt 0.045733 0.689507
vt 0.046193 0.707501
vt 0.347007 0.285659
vt 0.351711 0.281349
vt 0.352037 0.297341
vt 0.346927 0.297562
vt 0.357289 0.279805
vt 0.356031 0.297717
vt 0.354773 0.315629
vt 0.351698 0.312883
vt 0.346823 0.312558
vt 0.483954 0.703223
vt 0.489963 0.702786
vt 0.483922 0.693000
vt 0.489441 0.692434
vt 0.496903 0.691213
vt 0.497256 0.702295
vt 0.482043 0.683614
vt 0.487323 0.683075
vt 0.479125 0.674772
vt 0.484366 0.674247
vt 0.490869 0.673722
vt 0.493886 0.682468
vt 0.475937 0.666015
vt 0.481176 0.665489
vt 0.472599 0.657246
vt 0.477846 0.656722
vt 0.484400 0.656200
vt 0.487634 0.664961
vt 0.468872 0.648145
vt 0.474119 0.647670
vt 0.463719 0.637114
vt 0.468769 0.636762
vt 0.477181 0.638625
vt 0.480790 0.647412
vt 0.240544 0.276164
vt 0.245506 0.275542
vt 0.245909 0.291630
vt 0.240776 0.291816
vt 0.251119 0.275334
vt 0.251240 0.290622
vt 0.251262 0.302593
vt 0.247160 0.307721
vt 0.263390 0.275104
vt 0.271552 0.275005
vt 0.271410 0.288207
vt 0.263312 0.289423
vt 0.270989 0.301685
vt 0.262772 0.304929
vt 0.282064 0.233007
vt 0.295878 0.235318
vt 0.294341 0.255795
vt 0.281156 0.245897
vt 0.311515 0.237993
vt 0.312271 0.258354
vt 0.281260 0.261901
vt 0.277940 0.253426
vt 0.890351 0.339204
vt 0.900555 0.323067
vt 0.900587 0.337012
vt 0.890415 0.346457
vt 0.910759 0.306930
vt 0.910759 0.327568
vt 0.910759 0.348205
vt 0.900619 0.350958
vt 0.890478 0.353711
vt 0.849978 0.052048
vt 0.839640 0.049201
vt 0.843106 0.030782
vt 0.850705 0.031351
vt 0.826940 0.043645
vt 0.835272 0.029942
vt 0.843603 0.016238
vt 0.847517 0.013446
vt 0.851432 0.010654
vt 0.682889 0.362918
vt 0.704377 0.339588
vt 0.695356 0.370006
vt 0.684745 0.376218
vt 0.709625 0.345758
vt 0.704702 0.366478
vt 0.704447 0.382487
vt 0.695524 0.386002
vt 0.686601 0.389517
vt 0.722328 0.331156
vt 0.715685 0.360164
vt 0.733256 0.333884
vt 0.729154 0.353600
vt 0.722356 0.371263
vt 0.713401 0.376875
vt 0.436058 0.233652
vt 0.446723 0.239982
vt 0.444619 0.241720
vt 0.433471 0.234904
vt 0.461603 0.247299
vt 0.459480 0.247642
vt 0.457356 0.247985
vt 0.442502 0.251157
vt 0.426691 0.234899
vt 0.672697 0.806064
vt 0.680920 0.815177
vt 0.679428 0.815145
vt 0.670557 0.805939
vt 0.686921 0.822520
vt 0.686038 0.822805
vt 0.685890 0.825155
vt 0.678211 0.815312
vt 0.668417 0.805815
vt 0.027790 0.972601
vt 0.019222 0.971805
vt 0.016748 0.962322
vt 0.022841 0.963205
vt 0.010654 0.971009
vt 0.010654 0.961439
vt 0.010654 0.951870
vt 0.014274 0.952839
vt 0.017893 0.953809
vt 0.977340 0.480919
vt 0.976176 0.481253
vt 0.976007 0.479298
vt 0.977340 0.479335
vt 0.975138 0.480553
vt 0.974814 0.479191
vt 0.974172 0.477752
vt 0.975756 0.477752
vt 0.977340 0.477752
vt 0.631257 0.213694
vt 0.632506 0.213350
vt 0.633398 0.231705
vt 0.631985 0.232044
vt 0.634097 0.252330
vt 0.632606 0.252706
vt 0.217741 0.270632
vt 0.219248 0.270715
vt 0.219295 0.281933
vt 0.217791 0.281865
vt 0.221518 0.270896
vt 0.221542 0.282049
vt 0.221425 0.292865
vt 0.219322 0.293092
vt 0.217840 0.293082
vt 0.213967 0.488901
vt 0.215029 0.489026
vt 0.214562 0.522514
vt 0.213581 0.522452
vt 0.214087 0.559124
vt 0.213351 0.559124
vt 0.632422 0.509414
vt 0.633758 0.509458
vt 0.633724 0.529568
vt 0.632405 0.529598
vt 0.634883 0.510546
vt 0.634846 0.529650
vt 0.634808 0.548755
vt 0.633715 0.548799
vt 0.632623 0.548844
vt 0.867748 0.333753
vt 0.862768 0.332414
vt 0.860737 0.320354
vt 0.862978 0.320538
vt 0.859101 0.333991
vt 0.858629 0.320460
vt 0.858157 0.306930
vt 0.858182 0.307127
vt 0.858353 0.307300
vt 0.634365 0.271644
vt 0.632850 0.271824
vt 0.636763 0.270382
vt 0.636821 0.291002
vt 0.634379 0.289825
vt 0.632855 0.289657
vt 0.634349 0.307578
vt 0.632820 0.307127
vt 0.636825 0.310736
vt 0.636823 0.329011
vt 0.634320 0.324364
vt 0.632788 0.323700
vt 0.632737 0.349482
vt 0.634106 0.349914
vt 0.634059 0.356674
vt 0.632723 0.356699
vt 0.635193 0.352967
vt 0.635186 0.356549
vt 0.635179 0.360132
vt 0.634044 0.364421
vt 0.632707 0.364811
vt 0.634015 0.378834
vt 0.632679 0.379052
vt 0.635145 0.377751
vt 0.635110 0.395369
vt 0.633972 0.400616
vt 0.632635 0.401105
vt 0.633914 0.430338
vt 0.632577 0.430411
vt 0.635042 0.430125
vt 0.634973 0.464881
vt 0.633853 0.461288
vt 0.632517 0.461017
vt 0.633802 0.487225
vt 0.632466 0.487181
vt 0.634928 0.487714
vt 0.218053 0.011150
vt 0.219138 0.011185
vt 0.219437 0.016783
vt 0.217818 0.016713
vt 0.220224 0.011220
vt 0.222949 0.017047
vt 0.223214 0.022636
vt 0.219512 0.022360
vt 0.217815 0.022284
vt 0.217880 0.060699
vt 0.219578 0.060826
vt 0.219545 0.077291
vt 0.217871 0.077091
vt 0.223279 0.061489
vt 0.223064 0.078457
vt 0.222159 0.095513
vt 0.219423 0.094934
vt 0.217861 0.094817
vt 0.219354 0.108780
vt 0.217851 0.108719
vt 0.221668 0.108957
vt 0.221589 0.120073
vt 0.219335 0.119955
vt 0.217840 0.119901
vt 0.217777 0.141036
vt 0.219274 0.141099
vt 0.219201 0.151318
vt 0.217702 0.151244
vt 0.221531 0.141233
vt 0.221463 0.151485
vt 0.221385 0.161666
vt 0.219119 0.161465
vt 0.217617 0.161378
vt 0.213978 0.225777
vt 0.213941 0.214636
vt 0.215840 0.214707
vt 0.215877 0.225845
vt 0.213915 0.203584
vt 0.215813 0.203657
vt 0.217502 0.203732
vt 0.217530 0.214778
vt 0.217568 0.225915
vt 0.219073 0.226007
vt 0.219115 0.237171
vt 0.217609 0.237080
vt 0.221345 0.226226
vt 0.221387 0.237381
vt 0.221430 0.248546
vt 0.219159 0.248344
vt 0.217652 0.248254
vt 0.685692 0.832475
vt 0.679346 0.846454
vt 0.678211 0.846686
vt 0.687857 0.829481
vt 0.680339 0.846275
vt 0.673935 0.861455
vt 0.673502 0.860169
vt 0.668417 0.868563
vt 0.668946 0.082360
vt 0.679909 0.089308
vt 0.683754 0.113696
vt 0.668784 0.114431
vt 0.690873 0.096256
vt 0.698772 0.113754
vt 0.702933 0.132258
vt 0.686178 0.137545
vt 0.668623 0.146502
vt 0.686710 0.159612
vt 0.668520 0.167081
vt 0.705196 0.151273
vt 0.711228 0.177194
vt 0.686409 0.181072
vt 0.668417 0.187660
vt 0.668439 0.220544
vt 0.683881 0.214437
vt 0.683894 0.223272
vt 0.668428 0.224734
vt 0.698256 0.218968
vt 0.703094 0.231469
vt 0.696817 0.237109
vt 0.682889 0.232525
vt 0.668417 0.228923
vt 0.682566 0.249199
vt 0.668425 0.249559
vt 0.701166 0.252750
vt 0.692718 0.269505
vt 0.680576 0.269850
vt 0.668434 0.270194
vt 0.851432 0.134736
vt 0.838707 0.136112
vt 0.838324 0.114053
vt 0.850388 0.114080
vt 0.825983 0.137488
vt 0.826222 0.114028
vt 0.826462 0.090567
vt 0.838092 0.091991
vt 0.849345 0.093423
vt 0.838318 0.070056
vt 0.849662 0.072736
vt 0.826701 0.067106
vt 0.441517 0.277798
vt 0.423117 0.274232
vt 0.459584 0.280060
vt 0.461812 0.312136
vt 0.441976 0.309680
vt 0.419544 0.313566
vt 0.444771 0.336687
vt 0.423873 0.341552
vt 0.465486 0.332729
vt 0.469160 0.353322
vt 0.448300 0.360063
vt 0.428202 0.369539
vt 0.440527 0.406422
vt 0.453484 0.395876
vt 0.455019 0.403967
vt 0.439279 0.408115
vt 0.472122 0.386217
vt 0.472711 0.390409
vt 0.473300 0.394601
vt 0.456412 0.414189
vt 0.440883 0.418050
vt 0.458540 0.432800
vt 0.443093 0.437200
vt 0.475242 0.415243
vt 0.477183 0.435886
vt 0.461062 0.455242
vt 0.445962 0.460880
vt 0.463438 0.477028
vt 0.449164 0.484335
vt 0.477290 0.456582
vt 0.477397 0.477277
vt 0.465832 0.497184
vt 0.452457 0.505597
vt 0.468534 0.515901
vt 0.456014 0.524694
vt 0.478859 0.497933
vt 0.480321 0.518590
vt 0.471666 0.534537
vt 0.297220 0.029290
vt 0.305968 0.035146
vt 0.306055 0.040903
vt 0.297237 0.035154
vt 0.314716 0.041003
vt 0.315571 0.050596
vt 0.312648 0.051633
vt 0.305806 0.045714
vt 0.297254 0.040459
vt 0.885071 0.080665
vt 0.885071 0.090358
vt 0.881019 0.104811
vt 0.878905 0.104803
vt 0.886723 0.088918
vt 0.882662 0.104815
vt 0.880525 0.119019
vt 0.878844 0.119283
vt 0.872740 0.128941
vt 0.297311 0.152896
vt 0.306421 0.132027
vt 0.311939 0.134560
vt 0.304917 0.153487
vt 0.315531 0.111158
vt 0.316680 0.116977
vt 0.320376 0.118795
vt 0.318015 0.136817
vt 0.314677 0.157559
vt 0.282013 0.190762
vt 0.295713 0.193445
vt 0.293459 0.214215
vt 0.280909 0.203827
vt 0.311219 0.197646
vt 0.310980 0.217810
vt 0.280918 0.219803
vt 0.277770 0.211258
vt 0.217509 0.182139
vt 0.219013 0.182238
vt 0.218999 0.192938
vt 0.217494 0.192839
vt 0.221284 0.182471
vt 0.221271 0.193174
vt 0.221280 0.204063
vt 0.219007 0.203830
vt 0.280265 0.148320
vt 0.289732 0.149661
vt 0.294239 0.169544
vt 0.280708 0.161050
vt 0.311676 0.177261
vt 0.281047 0.177066
vt 0.277862 0.168657
vt 0.279724 0.021607
vt 0.288472 0.025448
vt 0.288489 0.030882
vt 0.279741 0.027347
vt 0.288506 0.036228
vt 0.279758 0.032764
vt 0.279815 0.069925
vt 0.288563 0.072480
vt 0.288511 0.088916
vt 0.279791 0.086008
vt 0.297311 0.070990
vt 0.297311 0.091466
vt 0.297311 0.111943
vt 0.288150 0.108620
vt 0.279620 0.104221
vt 0.286730 0.129286
vt 0.278800 0.119056
vt 0.297311 0.132419
vt 0.278879 0.135237
vt 0.276604 0.126763
vt 0.389006 0.891784
vt 0.389006 0.912615
vt 0.386226 0.911328
vt 0.387127 0.891793
vt 0.389006 0.933445
vt 0.385325 0.930864
vt 0.381644 0.928282
vt 0.383446 0.910042
vt 0.385248 0.891802
vt 0.262228 0.016257
vt 0.270976 0.018932
vt 0.270913 0.024442
vt 0.261538 0.022052
vt 0.270914 0.029892
vt 0.261491 0.027556
vt 0.261547 0.065824
vt 0.270971 0.067461
vt 0.270996 0.083650
vt 0.261776 0.082655
vt 0.271099 0.101121
vt 0.262773 0.099702
vt 0.271050 0.114862
vt 0.263307 0.113081
vt 0.270825 0.125495
vt 0.263379 0.124088
vt 0.263368 0.145310
vt 0.271245 0.146679
vt 0.271292 0.157490
vt 0.263362 0.155920
vt 0.271012 0.167728
vt 0.263357 0.166538
vt 0.263367 0.230554
vt 0.271475 0.231486
vt 0.271359 0.242372
vt 0.263373 0.241262
vt 0.271040 0.252652
vt 0.263380 0.251976
vt 0.240105 0.013010
vt 0.251166 0.014633
vt 0.251142 0.020202
vt 0.240465 0.018766
vt 0.251151 0.025723
vt 0.240514 0.024320
vt 0.240569 0.063453
vt 0.251206 0.064866
vt 0.251234 0.084623
vt 0.240539 0.080972
vt 0.255494 0.100284
vt 0.251245 0.103656
vt 0.247086 0.099369
vt 0.240426 0.097393
vt 0.245879 0.111097
vt 0.240360 0.110367
vt 0.251239 0.112070
vt 0.251230 0.122503
vt 0.245713 0.121909
vt 0.240340 0.121376
vt 0.240306 0.142671
vt 0.245686 0.143213
vt 0.245663 0.153821
vt 0.240263 0.153230
vt 0.251209 0.143800
vt 0.251196 0.154428
vt 0.251183 0.165057
vt 0.245627 0.164415
vt 0.240059 0.163734
vt 0.263354 0.187825
vt 0.271458 0.189028
vt 0.271315 0.199918
vt 0.263355 0.198492
vt 0.271000 0.210182
vt 0.263358 0.209169
vt 0.240049 0.228409
vt 0.245622 0.228952
vt 0.245621 0.239834
vt 0.240237 0.239295
vt 0.251183 0.229464
vt 0.251180 0.240296
vt 0.251086 0.251144
vt 0.245408 0.250608
vt 0.240219 0.249745
vt 0.331869 0.126019
vt 0.330453 0.106844
vt 0.356678 0.115803
vt 0.361094 0.134459
vt 0.329037 0.087669
vt 0.347888 0.096196
vt 0.375933 0.107476
vt 0.384186 0.125207
vt 0.392439 0.142939
vt 0.332682 0.164326
vt 0.332276 0.145173
vt 0.363036 0.152859
vt 0.364061 0.171266
vt 0.394065 0.160550
vt 0.395690 0.178162
vt 0.339888 0.203462
vt 0.339533 0.184636
vt 0.364874 0.189650
vt 0.364296 0.206883
vt 0.395690 0.195738
vt 0.395690 0.213313
vt 0.753754 0.105235
vt 0.757859 0.105353
vt 0.756250 0.118401
vt 0.751999 0.118321
vt 0.762383 0.104134
vt 0.760285 0.118542
vt 0.758313 0.132815
vt 0.757266 0.132964
vt 0.752593 0.133810
vt 0.722993 0.138764
vt 0.728538 0.150499
vt 0.717275 0.128045
vt 0.724985 0.124582
vt 0.729383 0.127431
vt 0.733738 0.125321
vt 0.734440 0.129181
vt 0.738287 0.132653
vt 0.321922 0.084376
vt 0.328311 0.071223
vt 0.314807 0.081084
vt 0.315359 0.073310
vt 0.312691 0.068582
vt 0.314922 0.065429
vt 0.312674 0.060150
vt 0.314901 0.057916
vt 0.331452 0.054733
vt 0.348188 0.068463
vt 0.362060 0.087969
vt 0.332617 0.279329
vt 0.334421 0.261113
vt 0.348955 0.265280
vt 0.341693 0.281072
vt 0.336609 0.241526
vt 0.354448 0.243842
vt 0.374514 0.246210
vt 0.365901 0.263007
vt 0.783006 0.314045
vt 0.750621 0.316888
vt 0.740002 0.263390
vt 0.791676 0.296585
vt 0.685346 0.339565
vt 0.687803 0.316212
vt 0.690261 0.292858
vt 0.706532 0.212308
vt 0.743311 0.190321
vt 0.783749 0.175080
vt 0.783774 0.191748
vt 0.783798 0.208416
vt 0.794236 0.208573
vt 0.804675 0.208729
vt 0.804427 0.226343
vt 0.804179 0.243957
vt 0.802262 0.261541
vt 0.800346 0.279124
vt 0.526621 0.586455
vt 0.527339 0.605277
vt 0.524494 0.605146
vt 0.523793 0.586366
vt 0.528057 0.624098
vt 0.525055 0.623599
vt 0.522401 0.623920
vt 0.521683 0.605098
vt 0.520965 0.586277
vt 0.528149 0.641443
vt 0.525292 0.641319
vt 0.528241 0.658788
vt 0.525300 0.658759
vt 0.522585 0.658610
vt 0.522493 0.641265
vt 0.527925 0.676348
vt 0.525081 0.676266
vt 0.527608 0.693907
vt 0.524731 0.693832
vt 0.521953 0.693729
vt 0.522269 0.676170
vt 0.527115 0.711518
vt 0.524282 0.711430
vt 0.526621 0.729128
vt 0.523793 0.729039
vt 0.520965 0.728950
vt 0.521459 0.711340
vt 0.230164 0.012115
vt 0.230529 0.017722
vt 0.230617 0.023287
vt 0.230677 0.062721
vt 0.230530 0.082564
vt 0.234031 0.098120
vt 0.230239 0.101680
vt 0.226715 0.097530
vt 0.225578 0.109427
vt 0.230232 0.110134
vt 0.230221 0.120618
vt 0.225421 0.120308
vt 0.225368 0.141498
vt 0.225307 0.151810
vt 0.230174 0.141846
vt 0.230124 0.152236
vt 0.230059 0.162506
vt 0.225238 0.162054
vt 0.240003 0.184861
vt 0.245592 0.185685
vt 0.245588 0.196418
vt 0.240003 0.195654
vt 0.251166 0.186388
vt 0.251165 0.197110
vt 0.251167 0.207868
vt 0.245592 0.207211
vt 0.240002 0.206446
vt 0.225207 0.226651
vt 0.225247 0.237787
vt 0.230042 0.227192
vt 0.230087 0.238310
vt 0.230174 0.249424
vt 0.225295 0.248932
vt 0.640956 0.267150
vt 0.646283 0.262162
vt 0.646559 0.301520
vt 0.641111 0.294175
vt 0.641194 0.318523
vt 0.646724 0.329492
vt 0.646888 0.357463
vt 0.641259 0.340454
vt 0.416999 0.364666
vt 0.426379 0.389389
vt 0.427240 0.393254
vt 0.417079 0.368248
vt 0.428198 0.402467
vt 0.417159 0.371829
vt 0.429713 0.420103
vt 0.417554 0.389442
vt 0.431753 0.443199
vt 0.417948 0.407055
vt 0.434164 0.469709
vt 0.418726 0.441800
vt 0.436660 0.495168
vt 0.419504 0.476545
vt 0.439077 0.516315
vt 0.420015 0.499370
vt 0.908017 0.203393
vt 0.905981 0.201511
vt 0.908203 0.197691
vt 0.909778 0.198975
vt 0.905316 0.200576
vt 0.906856 0.196810
vt 0.908396 0.193045
vt 0.909515 0.192256
vt 0.911539 0.194558
vt 0.332969 0.380077
vt 0.332822 0.393244
vt 0.326816 0.393469
vt 0.327003 0.380291
vt 0.331221 0.406401
vt 0.326466 0.406640
vt 0.321710 0.406880
vt 0.322171 0.393747
vt 0.322445 0.380562
vt 0.203374 0.802800
vt 0.203256 0.789499
vt 0.205837 0.789553
vt 0.205896 0.802853
vt 0.203137 0.776197
vt 0.205777 0.776254
vt 0.208418 0.776311
vt 0.208418 0.789608
vt 0.208418 0.802905
vt 0.756399 0.038913
vt 0.756767 0.025666
vt 0.761230 0.025968
vt 0.760782 0.039203
vt 0.757353 0.012426
vt 0.761699 0.012733
vt 0.766045 0.013040
vt 0.765513 0.026264
vt 0.764982 0.039487
vt 0.729170 0.037274
vt 0.728857 0.023964
vt 0.733034 0.024199
vt 0.733247 0.037501
vt 0.728544 0.010654
vt 0.732801 0.010894
vt 0.737058 0.011134
vt 0.737390 0.024450
vt 0.737509 0.037745
vt 0.742093 0.024736
vt 0.742085 0.038019
vt 0.742077 0.011450
vt 0.747096 0.011766
vt 0.747001 0.025041
vt 0.746875 0.038313
vt 0.751960 0.025355
vt 0.751714 0.038614
vt 0.752225 0.012096
vt 0.357563 0.379875
vt 0.358133 0.393016
vt 0.354251 0.392944
vt 0.353723 0.379803
vt 0.358704 0.406157
vt 0.354952 0.406076
vt 0.351199 0.405994
vt 0.348931 0.392935
vt 0.348396 0.379797
vt 0.917374 0.638284
vt 0.916649 0.659727
vt 0.912925 0.659729
vt 0.913308 0.638269
vt 0.915995 0.681204
vt 0.912572 0.681192
vt 0.909148 0.681180
vt 0.909080 0.659712
vt 0.909241 0.638255
vt 0.888672 0.209965
vt 0.888732 0.207670
vt 0.893557 0.207261
vt 0.893900 0.208949
vt 0.888784 0.205847
vt 0.893254 0.205721
vt 0.897724 0.205595
vt 0.898224 0.206259
vt 0.899128 0.207933
vt 0.828516 0.644537
vt 0.827596 0.662075
vt 0.824509 0.679826
vt 0.825432 0.648381
vt 0.826677 0.679612
vt 0.825567 0.697198
vt 0.824457 0.714784
vt 0.823242 0.714731
vt 0.822026 0.714679
vt 0.822318 0.697057
vt 0.822609 0.679436
vt 0.822736 0.661864
vt 0.822862 0.644293
vt 0.303374 0.320438
vt 0.295365 0.319720
vt 0.283225 0.324865
vt 0.283599 0.323985
vt 0.762998 0.146454
vt 0.759492 0.152192
vt 0.771031 0.153948
vt 0.730700 0.102344
vt 0.733747 0.103876
vt 0.732321 0.116243
vt 0.725948 0.115258
vt 0.737465 0.104228
vt 0.736199 0.116346
vt 0.741382 0.104469
vt 0.739559 0.117004
vt 0.745471 0.104722
vt 0.743340 0.117696
vt 0.749622 0.104980
vt 0.747592 0.118118
vt 0.745385 0.134110
vt 0.323737 0.239844
vt 0.323893 0.259673
vt 0.324497 0.279050
vt 0.225146 0.182917
vt 0.225134 0.193631
vt 0.229971 0.183396
vt 0.229972 0.194206
vt 0.229972 0.205016
vt 0.225143 0.204511
vt 0.324146 0.200776
vt 0.323913 0.220185
vt 0.338913 0.221996
vt 0.323943 0.160596
vt 0.324142 0.181178
vt 0.864476 0.651052
vt 0.869243 0.618952
vt 0.874074 0.631824
vt 0.871690 0.670275
vt 0.874010 0.586852
vt 0.876457 0.593372
vt 0.878904 0.599892
vt 0.878904 0.644695
vt 0.878904 0.689498
vt 0.890232 0.080717
vt 0.890319 0.084823
vt 0.887968 0.085369
vt 0.887651 0.080691
vt 0.890121 0.088952
vt 0.888422 0.088935
vt 0.747124 0.343116
vt 0.738499 0.361586
vt 0.768824 0.332977
vt 0.754642 0.351910
vt 0.339862 0.312607
vt 0.339911 0.297097
vt 0.332695 0.312773
vt 0.332262 0.297065
vt 0.447614 0.606714
vt 0.456351 0.622919
vt 0.453385 0.623743
vt 0.445687 0.609244
vt 0.460494 0.637705
vt 0.457777 0.638432
vt 0.450351 0.624466
vt 0.442257 0.608353
vt 0.325591 0.297387
vt 0.327110 0.313235
vt 0.450293 0.605895
vt 0.460298 0.622253
vt 0.452972 0.605075
vt 0.465076 0.621850
vt 0.909900 0.184144
vt 0.911539 0.184160
vt 0.908440 0.184129
vt 0.908484 0.175212
vt 0.909565 0.176023
vt 0.911539 0.173763
vt 0.289705 0.888094
vt 0.298394 0.888094
vt 0.298609 0.909627
vt 0.291815 0.909633
vt 0.307083 0.888094
vt 0.305256 0.909633
vt 0.306173 0.931156
vt 0.298860 0.931156
vt 0.291546 0.931156
vt 0.563059 0.694114
vt 0.562647 0.711727
vt 0.556342 0.711535
vt 0.556771 0.693936
vt 0.562234 0.729339
vt 0.555892 0.729145
vt 0.549550 0.728950
vt 0.550043 0.711340
vt 0.550537 0.693729
vt 0.431542 0.611631
vt 0.436899 0.609992
vt 0.446441 0.625635
vt 0.442214 0.627191
vt 0.454601 0.639581
vt 0.452886 0.642751
vt 0.908313 0.170550
vt 0.909873 0.169298
vt 0.906982 0.171419
vt 0.905479 0.167625
vt 0.906147 0.166609
vt 0.908207 0.164832
vt 0.902526 0.163584
vt 0.903794 0.161858
vt 0.901708 0.165084
vt 0.897937 0.162542
vt 0.897105 0.161468
vt 0.899381 0.158884
vt 0.869264 0.194340
vt 0.870705 0.193389
vt 0.870912 0.197654
vt 0.869340 0.198785
vt 0.872201 0.192840
vt 0.872266 0.196639
vt 0.872330 0.200438
vt 0.871990 0.201455
vt 0.869415 0.203231
vt 0.836637 0.884214
vt 0.834497 0.905861
vt 0.827744 0.905819
vt 0.827765 0.884214
vt 0.835116 0.927410
vt 0.827649 0.927411
vt 0.820181 0.927410
vt 0.821290 0.905837
vt 0.818893 0.884214
vt 0.869605 0.164671
vt 0.871590 0.166834
vt 0.870990 0.170255
vt 0.869486 0.169071
vt 0.872492 0.167487
vt 0.872391 0.171247
vt 0.872289 0.175007
vt 0.870798 0.174447
vt 0.869367 0.173471
vt 0.875097 0.204485
vt 0.873828 0.206205
vt 0.876101 0.202979
vt 0.879872 0.205520
vt 0.879263 0.206661
vt 0.878241 0.209179
vt 0.870618 0.179091
vt 0.869132 0.178680
vt 0.872088 0.179459
vt 0.871886 0.183910
vt 0.870499 0.183904
vt 0.868896 0.183890
vt 0.870570 0.188725
vt 0.869080 0.189115
vt 0.872044 0.188375
vt 0.317999 0.394116
vt 0.318358 0.380914
vt 0.317622 0.407312
vt 0.313534 0.407744
vt 0.313980 0.394529
vt 0.314427 0.381314
vt 0.977340 0.487254
vt 0.976208 0.486712
vt 0.976229 0.484066
vt 0.977340 0.484086
vt 0.975138 0.487619
vt 0.975138 0.484086
vt 0.902457 0.204276
vt 0.903572 0.205663
vt 0.901520 0.203085
vt 0.883913 0.207535
vt 0.883456 0.209572
vt 0.884328 0.205683
vt 0.874047 0.161734
vt 0.875168 0.163356
vt 0.873163 0.164793
vt 0.871826 0.163202
vt 0.876288 0.164977
vt 0.874390 0.166232
vt 0.029749 0.742522
vt 0.028673 0.723377
vt 0.036232 0.724301
vt 0.033644 0.744038
vt 0.027720 0.704998
vt 0.033133 0.704624
vt 0.043860 0.725002
vt 0.041527 0.742503
vt 0.038078 0.744591
vt 0.035744 0.749491
vt 0.038432 0.764657
vt 0.035396 0.763002
vt 0.041638 0.759177
vt 0.041748 0.775852
vt 0.040187 0.778144
vt 0.038625 0.780436
vt 0.036610 0.780527
vt 0.034596 0.780617
vt 0.017646 0.776162
vt 0.017346 0.759492
vt 0.021364 0.764831
vt 0.019439 0.778411
vt 0.017046 0.742821
vt 0.021014 0.744209
vt 0.024059 0.749300
vt 0.025012 0.763079
vt 0.026429 0.780718
vt 0.023830 0.780689
vt 0.021232 0.780660
vt 0.025969 0.743643
vt 0.027713 0.761919
vt 0.030311 0.761658
vt 0.030533 0.780717
vt 0.028481 0.780718
vt 0.563843 0.658999
vt 0.563451 0.676556
vt 0.557143 0.676371
vt 0.557447 0.658865
vt 0.550853 0.676169
vt 0.551169 0.658610
vt 0.084537 0.626167
vt 0.090318 0.636714
vt 0.093722 0.656834
vt 0.086854 0.645588
vt 0.098904 0.648949
vt 0.101221 0.668369
vt 0.103538 0.687790
vt 0.094600 0.675793
vt 0.089171 0.665009
vt 0.564586 0.624330
vt 0.564215 0.641665
vt 0.557600 0.641429
vt 0.557389 0.623710
vt 0.551077 0.641265
vt 0.550985 0.623920
vt 0.179149 0.602834
vt 0.186760 0.591643
vt 0.192259 0.608388
vt 0.184733 0.619545
vt 0.194370 0.580451
vt 0.199872 0.597202
vt 0.205373 0.613953
vt 0.197411 0.625246
vt 0.190318 0.636255
vt 0.560862 0.586633
vt 0.562724 0.605482
vt 0.556456 0.605249
vt 0.555206 0.586455
vt 0.550267 0.605098
vt 0.549550 0.586277
vt 0.070330 0.580451
vt 0.076990 0.592638
vt 0.084215 0.615014
vt 0.077433 0.603309
vt 0.083650 0.604826
vt 0.091277 0.626887
vt 0.868889 0.356955
vt 0.863557 0.371945
vt 0.862600 0.366293
vt 0.868966 0.353405
vt 0.858224 0.386934
vt 0.858190 0.386737
vt 0.858157 0.386539
vt 0.858500 0.368466
vt 0.858843 0.350393
vt 0.863568 0.352025
vt 0.869042 0.349855
vt 0.201604 0.642417
vt 0.194335 0.653476
vt 0.209310 0.631215
vt 0.213248 0.648476
vt 0.204042 0.660162
vt 0.198353 0.670698
vt 0.460152 0.660330
vt 0.456519 0.651541
vt 0.459881 0.650291
vt 0.463614 0.659320
vt 0.462988 0.649359
vt 0.466728 0.658446
vt 0.863574 0.342071
vt 0.868395 0.341804
vt 0.858972 0.342192
vt 0.977340 0.488837
vt 0.976021 0.488925
vt 0.976131 0.488106
vt 0.977340 0.488046
vt 0.974847 0.488990
vt 0.975034 0.488261
vt 0.868896 0.251698
vt 0.874766 0.241486
vt 0.880696 0.253139
vt 0.877761 0.266970
vt 0.880637 0.231273
vt 0.883631 0.239307
vt 0.886625 0.247341
vt 0.886625 0.264791
vt 0.886625 0.282242
vt 0.867768 0.815859
vt 0.866336 0.810648
vt 0.866688 0.777196
vt 0.868423 0.781715
vt 0.864905 0.805437
vt 0.864905 0.770765
vt 0.864905 0.736093
vt 0.867238 0.751390
vt 0.869078 0.747570
vt 0.249203 0.862505
vt 0.241880 0.844504
vt 0.241781 0.838690
vt 0.244945 0.844820
vt 0.234556 0.826503
vt 0.239723 0.826986
vt 0.240686 0.827135
vt 0.196194 0.802687
vt 0.189133 0.802616
vt 0.188724 0.789307
vt 0.196093 0.789381
vt 0.180470 0.802538
vt 0.179809 0.789227
vt 0.179149 0.775917
vt 0.188502 0.775999
vt 0.197855 0.776082
vt 0.463585 0.200649
vt 0.469552 0.194778
vt 0.470444 0.208890
vt 0.464363 0.213087
vt 0.472605 0.192071
vt 0.473480 0.206545
vt 0.474461 0.223924
vt 0.471940 0.226467
vt 0.469419 0.229009
vt 0.340991 0.393053
vt 0.340800 0.379900
vt 0.341210 0.406197
vt 0.868231 0.742790
vt 0.870640 0.747573
vt 0.865772 0.736095
vt 0.866640 0.736096
vt 0.869421 0.741836
vt 0.872202 0.747576
vt 0.460721 0.086628
vt 0.456647 0.091937
vt 0.456372 0.058638
vt 0.459873 0.055217
vt 0.453137 0.095941
vt 0.453395 0.060767
vt 0.452737 0.022421
vt 0.455850 0.022332
vt 0.458962 0.022243
vt 0.466639 0.677853
vt 0.463395 0.669091
vt 0.466952 0.668088
vt 0.470147 0.676847
vt 0.470069 0.667214
vt 0.473261 0.675972
vt 0.465572 0.648690
vt 0.469290 0.657785
vt 0.472683 0.695345
vt 0.469661 0.686599
vt 0.473010 0.685664
vt 0.474301 0.694930
vt 0.476119 0.684807
vt 0.477566 0.694145
vt 0.472630 0.666553
vt 0.475820 0.675311
vt 0.463182 0.715609
vt 0.467948 0.705859
vt 0.472096 0.704944
vt 0.465145 0.714642
vt 0.476326 0.704177
vt 0.471218 0.713810
vt 0.478711 0.684150
vt 0.480397 0.693514
vt 0.499848 0.946741
vt 0.498568 0.949917
vt 0.497462 0.942655
vt 0.499848 0.939236
vt 0.497287 0.953092
vt 0.495294 0.949614
vt 0.493795 0.949202
vt 0.495207 0.946770
vt 0.496283 0.944339
vt 0.496735 0.941739
vt 0.497249 0.939323
vt 0.497301 0.936507
vt 0.496895 0.933874
vt 0.497803 0.934514
vt 0.499848 0.931730
vt 0.479861 0.703641
vt 0.476396 0.713569
vt 0.416999 0.733321
vt 0.440106 0.724846
vt 0.451470 0.722950
vt 0.434817 0.730323
vt 0.461945 0.721853
vt 0.452634 0.727325
vt 0.764331 0.118881
vt 0.763012 0.133537
vt 0.765678 0.104217
vt 0.768974 0.104299
vt 0.768342 0.119280
vt 0.767710 0.134260
vt 0.017672 0.701768
vt 0.018705 0.686810
vt 0.023119 0.687699
vt 0.022314 0.703467
vt 0.019739 0.671852
vt 0.023797 0.673715
vt 0.028216 0.674052
vt 0.027731 0.688294
vt 0.032466 0.688617
vt 0.032748 0.674195
vt 0.967272 0.498352
vt 0.964964 0.499094
vt 0.965026 0.493356
vt 0.967408 0.492985
vt 0.965126 0.487619
vt 0.967933 0.487619
vt 0.392728 0.763972
vt 0.391074 0.763579
vt 0.391074 0.761128
vt 0.392728 0.761170
vt 0.389420 0.763965
vt 0.389420 0.761164
vt 0.676213 0.864070
vt 0.679192 0.862264
vt 0.685310 0.861894
vt 0.685018 0.864650
vt 0.678805 0.859621
vt 0.685564 0.860066
vt 0.691054 0.857434
vt 0.691580 0.857819
vt 0.693823 0.865229
vt 0.011296 0.606888
vt 0.010975 0.593670
vt 0.014991 0.593879
vt 0.015226 0.607089
vt 0.010654 0.580451
vt 0.014726 0.580673
vt 0.018798 0.580896
vt 0.019254 0.594050
vt 0.019412 0.607251
vt 0.024004 0.594142
vt 0.024031 0.607342
vt 0.023943 0.580951
vt 0.029087 0.581006
vt 0.029038 0.594166
vt 0.028944 0.607364
vt 0.034160 0.594122
vt 0.033940 0.607323
vt 0.034394 0.580928
vt 0.450507 0.097853
vt 0.450997 0.061760
vt 0.451811 0.061623
vt 0.451297 0.097605
vt 0.451181 0.022466
vt 0.451959 0.022444
vt 0.889030 0.160787
vt 0.888936 0.158841
vt 0.889011 0.162505
vt 0.880085 0.162468
vt 0.881406 0.161022
vt 0.878490 0.158797
vt 0.469805 0.722351
vt 0.461550 0.730323
vt 0.287024 0.909656
vt 0.285664 0.888127
vt 0.288145 0.931183
vt 0.284744 0.931211
vt 0.283184 0.909685
vt 0.281624 0.888160
vt 0.905026 0.659683
vt 0.904727 0.638218
vt 0.905349 0.681149
vt 0.901549 0.681117
vt 0.900881 0.659649
vt 0.900213 0.638180
vt 0.736187 0.924918
vt 0.736889 0.903374
vt 0.740837 0.903424
vt 0.740521 0.924963
vt 0.737532 0.881851
vt 0.741180 0.881889
vt 0.744829 0.881927
vt 0.744672 0.903462
vt 0.744856 0.925008
vt 0.843596 0.884594
vt 0.842285 0.906162
vt 0.838943 0.905992
vt 0.840117 0.884404
vt 0.840974 0.927730
vt 0.838045 0.927570
vt 0.748200 0.903480
vt 0.748525 0.925030
vt 0.747917 0.881945
vt 0.751006 0.881964
vt 0.751558 0.903439
vt 0.752195 0.925052
vt 0.720581 0.924559
vt 0.722488 0.903054
vt 0.725804 0.903138
vt 0.724164 0.924650
vt 0.724396 0.881549
vt 0.727411 0.881625
vt 0.730427 0.881702
vt 0.729250 0.903221
vt 0.727746 0.924741
vt 0.490917 0.921110
vt 0.489159 0.924234
vt 0.483734 0.924037
vt 0.483404 0.921116
vt 0.489295 0.926243
vt 0.486601 0.925702
vt 0.483908 0.925160
vt 0.481211 0.925690
vt 0.478514 0.926220
vt 0.478551 0.923976
vt 0.475891 0.921121
vt 0.754824 0.903274
vt 0.755699 0.924806
vt 0.753956 0.881756
vt 0.756906 0.881549
vt 0.758055 0.903054
vt 0.759204 0.924559
vt 0.732992 0.903302
vt 0.731967 0.924830
vt 0.733979 0.881777
vt 0.814852 0.884404
vt 0.815816 0.905987
vt 0.813955 0.906075
vt 0.812831 0.884499
vt 0.816779 0.927570
vt 0.815079 0.927650
vt 0.813378 0.927730
vt 0.812094 0.906162
vt 0.810811 0.884594
vt 0.313734 0.888160
vt 0.312753 0.909685
vt 0.309553 0.909656
vt 0.310408 0.888127
vt 0.311772 0.931211
vt 0.308973 0.931183
vt 0.925227 0.638180
vt 0.923915 0.659649
vt 0.920296 0.659695
vt 0.921301 0.638232
vt 0.922604 0.681117
vt 0.919299 0.681161
vt 0.155310 0.884353
vt 0.156575 0.905336
vt 0.154127 0.905370
vt 0.153140 0.884384
vt 0.157840 0.926319
vt 0.155143 0.926358
vt 0.152446 0.926396
vt 0.151559 0.905398
vt 0.150971 0.884414
vt 0.980262 0.914807
vt 0.980339 0.912246
vt 0.981559 0.914956
vt 0.980262 0.917488
vt 0.980416 0.909686
vt 0.981959 0.910356
vt 0.983501 0.911027
vt 0.983439 0.915243
vt 0.983377 0.919460
vt 0.981774 0.918860
vt 0.980261 0.920170
vt 0.469521 0.953113
vt 0.472236 0.950882
vt 0.474498 0.952896
vt 0.472706 0.955237
vt 0.473875 0.949159
vt 0.476156 0.950689
vt 0.478436 0.952219
vt 0.477299 0.954374
vt 0.475890 0.957360
vt 0.496871 0.930289
vt 0.498568 0.928543
vt 0.495375 0.931589
vt 0.493855 0.929303
vt 0.495201 0.927582
vt 0.497287 0.925356
vt 0.472706 0.923249
vt 0.474465 0.925495
vt 0.473112 0.926457
vt 0.471113 0.924313
vt 0.476225 0.927740
vt 0.475080 0.928500
vt 0.473935 0.929260
vt 0.471886 0.927822
vt 0.469521 0.925377
vt 0.480399 0.955060
vt 0.479642 0.957479
vt 0.481130 0.952760
vt 0.483823 0.953301
vt 0.483610 0.955267
vt 0.483393 0.957598
vt 0.469079 0.939204
vt 0.469620 0.939204
vt 0.469801 0.942414
vt 0.469230 0.942961
vt 0.469780 0.939200
vt 0.470308 0.941894
vt 0.470836 0.944587
vt 0.470235 0.945519
vt 0.469381 0.946718
vt 0.470970 0.948356
vt 0.469451 0.949916
vt 0.472356 0.946873
vt 0.486824 0.955063
vt 0.487155 0.957473
vt 0.486520 0.952772
vt 0.489216 0.952242
vt 0.489930 0.954380
vt 0.490917 0.957349
vt 0.470955 0.930105
vt 0.469451 0.928543
vt 0.472402 0.931539
vt 0.470868 0.933818
vt 0.470251 0.932901
vt 0.469381 0.931708
vt 0.492769 0.952744
vt 0.494102 0.955221
vt 0.491506 0.950722
vt 0.362580 0.223181
vt 0.385336 0.213151
vt 0.377500 0.218414
vt 0.374748 0.229599
vt 0.492700 0.925587
vt 0.494102 0.923233
vt 0.491575 0.927773
vt 0.469809 0.935997
vt 0.469230 0.935456
vt 0.470324 0.936509
vt 0.615017 0.970795
vt 0.616997 0.969971
vt 0.618769 0.971923
vt 0.617431 0.973211
vt 0.618108 0.968726
vt 0.619898 0.970729
vt 0.621909 0.972530
vt 0.621057 0.973806
vt 0.619845 0.975626
vt 0.233779 0.929771
vt 0.232534 0.908933
vt 0.234899 0.909094
vt 0.235874 0.929917
vt 0.231288 0.888094
vt 0.233892 0.888276
vt 0.236495 0.888457
vt 0.237394 0.909239
vt 0.237968 0.930063
vt 0.148761 0.905414
vt 0.148321 0.884423
vt 0.149152 0.926407
vt 0.145857 0.926418
vt 0.146165 0.905420
vt 0.145671 0.884432
vt 0.348464 0.891784
vt 0.348019 0.912569
vt 0.345056 0.912595
vt 0.345835 0.891826
vt 0.347507 0.933303
vt 0.344238 0.933355
vt 0.340970 0.933407
vt 0.342245 0.912661
vt 0.343205 0.891868
vt 0.142944 0.884419
vt 0.142705 0.905410
vt 0.141144 0.905401
vt 0.141580 0.884412
vt 0.142467 0.926401
vt 0.140772 0.926392
vt 0.139077 0.926384
vt 0.139327 0.905386
vt 0.140217 0.884405
vt 0.358784 0.892106
vt 0.359560 0.912905
vt 0.356831 0.912773
vt 0.356359 0.891987
vt 0.360336 0.933703
vt 0.357322 0.933555
vt 0.354308 0.933407
vt 0.354025 0.912661
vt 0.353935 0.891868
vt 0.240186 0.909344
vt 0.240584 0.930142
vt 0.239747 0.888555
vt 0.242999 0.888653
vt 0.243138 0.909412
vt 0.243200 0.930221
vt 0.539490 0.938591
vt 0.539000 0.917678
vt 0.542005 0.917685
vt 0.542236 0.938591
vt 0.538355 0.896783
vt 0.541769 0.896783
vt 0.545183 0.896783
vt 0.545030 0.917678
vt 0.544983 0.938591
vt 0.547969 0.917654
vt 0.547560 0.938563
vt 0.548387 0.896748
vt 0.551592 0.896712
vt 0.550865 0.917623
vt 0.550138 0.938534
vt 0.246166 0.909432
vt 0.245939 0.930221
vt 0.246404 0.888653
vt 0.249810 0.888653
vt 0.249153 0.909412
vt 0.248678 0.930221
vt 0.136935 0.905355
vt 0.137828 0.884370
vt 0.136107 0.926341
vt 0.133137 0.926298
vt 0.134288 0.905317
vt 0.135439 0.884336
vt 0.251957 0.909344
vt 0.251124 0.930142
vt 0.252850 0.888555
vt 0.255890 0.888457
vt 0.254522 0.909239
vt 0.253570 0.930063
vt 0.256705 0.909094
vt 0.255349 0.929917
vt 0.258103 0.888276
vt 0.260315 0.888094
vt 0.258722 0.908933
vt 0.257129 0.929771
vt 0.339721 0.912773
vt 0.341082 0.891987
vt 0.338330 0.933555
vt 0.335690 0.933703
vt 0.337324 0.912905
vt 0.338958 0.892106
vt 0.534496 0.938534
vt 0.533321 0.917623
vt 0.536130 0.917654
vt 0.536993 0.938563
vt 0.532146 0.896712
vt 0.535251 0.896748
vt 0.351047 0.912595
vt 0.351200 0.891826
vt 0.350908 0.933355
vt 0.632962 0.943889
vt 0.632536 0.946036
vt 0.629550 0.945780
vt 0.629550 0.943889
vt 0.632238 0.947541
vt 0.629551 0.947541
vt 0.626864 0.947541
vt 0.626566 0.946040
vt 0.626138 0.943889
vt 0.639268 0.946504
vt 0.638043 0.948335
vt 0.635392 0.946934
vt 0.636115 0.945197
vt 0.637068 0.949757
vt 0.634724 0.948479
vt 0.644095 0.951336
vt 0.642276 0.952551
vt 0.640351 0.950251
vt 0.641681 0.948920
vt 0.641004 0.953404
vt 0.639148 0.951437
vt 0.623709 0.946943
vt 0.622986 0.945197
vt 0.624383 0.948570
vt 0.621901 0.949600
vt 0.621048 0.948325
vt 0.619834 0.946504
vt 0.626150 0.978241
vt 0.626577 0.976091
vt 0.629562 0.976350
vt 0.629563 0.978241
vt 0.626874 0.974589
vt 0.629561 0.974590
vt 0.632248 0.974589
vt 0.632547 0.976091
vt 0.632975 0.978241
vt 0.646709 0.957649
vt 0.644564 0.958076
vt 0.643658 0.955216
vt 0.645402 0.954492
vt 0.643062 0.958375
vt 0.642033 0.955890
vt 0.636078 0.951165
vt 0.633989 0.950097
vt 0.634747 0.953154
vt 0.632646 0.953208
vt 0.631510 0.950214
vt 0.631874 0.948878
vt 0.613710 0.967638
vt 0.615395 0.966939
vt 0.616023 0.968371
vt 0.614364 0.969216
vt 0.617079 0.966241
vt 0.617594 0.967483
vt 0.615010 0.951336
vt 0.616828 0.952551
vt 0.615450 0.955216
vt 0.613706 0.954492
vt 0.618103 0.953404
vt 0.617076 0.955890
vt 0.616048 0.958375
vt 0.614549 0.958076
vt 0.612401 0.957649
vt 0.614274 0.961026
vt 0.612402 0.961065
vt 0.616049 0.961065
vt 0.616050 0.963755
vt 0.614389 0.963662
vt 0.612403 0.964482
vt 0.635403 0.975187
vt 0.636127 0.976934
vt 0.634730 0.973560
vt 0.637211 0.972530
vt 0.638063 0.973806
vt 0.639278 0.975626
vt 0.623720 0.975187
vt 0.622998 0.976934
vt 0.624392 0.973560
vt 0.618745 0.950247
vt 0.617422 0.948920
vt 0.619886 0.951419
vt 0.646711 0.964482
vt 0.644551 0.964053
vt 0.644828 0.961065
vt 0.646710 0.961065
vt 0.642851 0.963724
vt 0.643134 0.961065
vt 0.640358 0.971882
vt 0.641690 0.973211
vt 0.639149 0.970708
vt 0.640824 0.968629
vt 0.642270 0.969572
vt 0.644102 0.970795
vt 0.636361 0.971423
vt 0.637853 0.969510
vt 0.635511 0.970316
vt 0.635452 0.967308
vt 0.637402 0.966496
vt 0.639373 0.967721
vt 0.643664 0.966918
vt 0.645407 0.967638
vt 0.642078 0.966276
vt 0.980262 0.956371
vt 0.981845 0.956173
vt 0.981899 0.958518
vt 0.980342 0.958944
vt 0.983388 0.956027
vt 0.983452 0.958097
vt 0.983517 0.960166
vt 0.981970 0.960842
vt 0.980422 0.961517
vt 0.419870 0.984269
vt 0.418434 0.984172
vt 0.418434 0.981764
vt 0.419870 0.981600
vt 0.416999 0.984075
vt 0.416999 0.981928
vt 0.416999 0.979781
vt 0.418434 0.979355
vt 0.419870 0.978930
vt 0.639783 0.954168
vt 0.637862 0.952688
vt 0.638562 0.954931
vt 0.635514 0.955126
vt 0.627196 0.971972
vt 0.625199 0.971144
vt 0.629337 0.961512
vt 0.629357 0.971972
vt 0.623202 0.970316
vt 0.623204 0.967415
vt 0.620145 0.967256
vt 0.619731 0.966256
vt 0.619317 0.965256
vt 0.618903 0.964257
vt 0.618489 0.963257
vt 0.619315 0.959094
vt 0.620140 0.954931
vt 0.623188 0.955027
vt 0.623195 0.951870
vt 0.625192 0.951042
vt 0.627188 0.950214
vt 0.629349 0.950214
vt 0.639390 0.956930
vt 0.640217 0.958929
vt 0.638003 0.961137
vt 0.638835 0.963029
vt 0.637200 0.964423
vt 0.633515 0.971144
vt 0.631519 0.971972
vt 0.980339 0.922563
vt 0.981889 0.921975
vt 0.981924 0.923054
vt 0.980377 0.923761
vt 0.983439 0.921386
vt 0.983470 0.922348
vt 0.983501 0.923311
vt 0.981959 0.924134
vt 0.980416 0.924958
vt 0.392350 0.967007
vt 0.387007 0.965250
vt 0.386996 0.960496
vt 0.392330 0.960945
vt 0.381680 0.965801
vt 0.381662 0.960278
vt 0.381644 0.954754
vt 0.386977 0.954818
vt 0.392311 0.954882
vt 0.980262 0.951015
vt 0.981845 0.951443
vt 0.981829 0.953788
vt 0.980262 0.953693
vt 0.983388 0.951719
vt 0.983388 0.953873
vt 0.641151 0.963418
vt 0.641337 0.961080
vt 0.641640 0.958652
vt 0.980422 0.946266
vt 0.981970 0.947083
vt 0.981899 0.949232
vt 0.980342 0.948641
vt 0.983517 0.947899
vt 0.983452 0.949809
vt 0.892253 0.980854
vt 0.890754 0.980507
vt 0.890767 0.978086
vt 0.892267 0.978166
vt 0.889256 0.980161
vt 0.889268 0.977998
vt 0.889279 0.975836
vt 0.890773 0.975698
vt 0.892281 0.975477
vt 0.622548 0.950735
vt 0.621014 0.952640
vt 0.619122 0.954168
vt 0.640384 0.965624
vt 0.619127 0.967991
vt 0.621020 0.969540
vt 0.622556 0.971423
vt 0.890767 0.973384
vt 0.892267 0.972954
vt 0.889268 0.973806
vt 0.889256 0.971777
vt 0.890754 0.971104
vt 0.892253 0.970431
vt 0.789304 0.968105
vt 0.787052 0.966160
vt 0.787803 0.955879
vt 0.789305 0.962348
vt 0.784799 0.964216
vt 0.784799 0.956370
vt 0.784799 0.948525
vt 0.787052 0.947443
vt 0.789304 0.946361
vt 0.789304 0.948919
vt 0.789305 0.951476
vt 0.789305 0.954033
vt 0.789305 0.956591
vt 0.179149 0.952478
vt 0.181498 0.954604
vt 0.181498 0.963526
vt 0.179149 0.962843
vt 0.183847 0.956731
vt 0.183847 0.964210
vt 0.183847 0.971690
vt 0.181498 0.972449
vt 0.179149 0.973207
vt 0.641275 0.359858
vt 0.636685 0.344814
vt 0.646998 0.379737
vt 0.647108 0.402011
vt 0.641151 0.377489
vt 0.744032 0.155235
vt 0.451221 0.380260
vt 0.431981 0.391825
vt 0.470641 0.369770
vt 0.685292 0.201015
vt 0.668428 0.204102
vt 0.634261 0.339096
vt 0.632759 0.338346
vt 0.683474 0.970511
vt 0.675946 0.971360
vt 0.674598 0.962555
vt 0.683477 0.961806
vt 0.668417 0.972210
vt 0.670494 0.969348
vt 0.672002 0.966450
vt 0.673035 0.964471
vt 0.673789 0.962335
vt 0.672888 0.960450
vt 0.671721 0.958989
vt 0.670372 0.956563
vt 0.668417 0.954730
vt 0.675949 0.953916
vt 0.683481 0.953101
vt 0.973146 0.431692
vt 0.970877 0.430139
vt 0.970877 0.421158
vt 0.973146 0.421259
vt 0.968607 0.428586
vt 0.968607 0.421058
vt 0.968607 0.413529
vt 0.970877 0.412177
vt 0.973146 0.410826
vt 0.466560 0.077751
vt 0.465450 0.046590
vt 0.466990 0.045174
vt 0.468261 0.076555
vt 0.464848 0.010704
vt 0.465712 0.010679
vt 0.466576 0.010654
vt 0.468100 0.045396
vt 0.469623 0.080138
vt 0.720581 0.946361
vt 0.725981 0.947377
vt 0.725981 0.961494
vt 0.720581 0.961135
vt 0.731382 0.948392
vt 0.731382 0.961852
vt 0.731382 0.975312
vt 0.725981 0.975611
vt 0.720581 0.975910
vt 0.286412 0.952520
vt 0.286412 0.962488
vt 0.284278 0.962797
vt 0.284018 0.953159
vt 0.286412 0.972457
vt 0.284539 0.972436
vt 0.282666 0.972416
vt 0.282145 0.963107
vt 0.281624 0.953798
vt 0.641234 0.691962
vt 0.641665 0.680610
vt 0.643769 0.682327
vt 0.643554 0.693829
vt 0.642096 0.669258
vt 0.643985 0.670826
vt 0.645873 0.672394
vt 0.645873 0.684045
vt 0.645873 0.695697
vt 0.243028 0.775990
vt 0.246116 0.776166
vt 0.245121 0.789001
vt 0.242038 0.788692
vt 0.249203 0.776342
vt 0.248338 0.789329
vt 0.247472 0.802316
vt 0.243596 0.801754
vt 0.241048 0.801394
vt 0.241073 0.814311
vt 0.237802 0.813949
vt 0.244079 0.814726
vt 0.272982 0.331483
vt 0.271881 0.325484
vt 0.274522 0.334381
vt 0.265819 0.343897
vt 0.263439 0.339888
vt 0.262128 0.332930
vt 0.253276 0.347634
vt 0.251822 0.339392
vt 0.254856 0.350746
vt 0.244810 0.357838
vt 0.244282 0.357552
vt 0.695173 0.845180
vt 0.696548 0.845234
vt 0.694415 0.845161
vt 0.695046 0.831195
vt 0.696298 0.832399
vt 0.699272 0.825239
vt 0.828739 0.609847
vt 0.828628 0.627192
vt 0.825754 0.627549
vt 0.825734 0.609572
vt 0.822974 0.626948
vt 0.823086 0.609603
vt 0.827680 0.574057
vt 0.828209 0.591952
vt 0.825365 0.591815
vt 0.824853 0.573935
vt 0.822556 0.591707
vt 0.822026 0.573812
vt 0.092136 0.693561
vt 0.085227 0.682250
vt 0.099481 0.705024
vt 0.095424 0.722259
vt 0.087928 0.710725
vt 0.081284 0.699491
vt 0.436398 0.598162
vt 0.439152 0.597513
vt 0.430539 0.587972
vt 0.433218 0.587153
vt 0.435897 0.586333
vt 0.441755 0.596524
vt 0.082776 0.727557
vt 0.075807 0.716191
vt 0.089830 0.738953
vt 0.084236 0.755647
vt 0.077283 0.744270
vt 0.070330 0.732892
vt 0.395108 0.838719
vt 0.393487 0.849954
vt 0.391454 0.850008
vt 0.392264 0.838794
vt 0.391866 0.861190
vt 0.390643 0.861222
vt 0.389420 0.861255
vt 0.389420 0.850062
vt 0.389420 0.838870
vt 0.193648 0.709319
vt 0.199661 0.699023
vt 0.193436 0.720534
vt 0.186398 0.731964
vt 0.208543 0.687097
vt 0.200761 0.708942
vt 0.192980 0.730788
vt 0.186064 0.742698
vt 0.179149 0.754608
vt 0.203129 0.679036
vt 0.196000 0.690009
vt 0.210895 0.667786
vt 0.710787 0.099300
vt 0.713947 0.114361
vt 0.936175 0.837168
vt 0.940150 0.850710
vt 0.936130 0.852252
vt 0.933736 0.838150
vt 0.944124 0.864252
vt 0.938338 0.866399
vt 0.932552 0.868545
vt 0.932855 0.853615
vt 0.931298 0.839131
vt 0.930079 0.839622
vt 0.930689 0.839377
vt 0.931252 0.854575
vt 0.930392 0.855357
vt 0.931629 0.869819
vt 0.930706 0.871092
vt 0.903089 0.702513
vt 0.905966 0.702513
vt 0.905886 0.708015
vt 0.903652 0.708015
vt 0.908842 0.702513
vt 0.908577 0.708015
vt 0.908312 0.713518
vt 0.905691 0.713518
vt 0.903071 0.713518
vt 0.672315 0.866317
vt 0.674064 0.863831
vt 0.675954 0.862880
vt 0.674264 0.865194
vt 0.675812 0.861345
vt 0.677309 0.860483
vt 0.689221 0.826913
vt 0.688222 0.827468
vt 0.689299 0.829536
vt 0.688578 0.829509
vt 0.445348 0.202583
vt 0.447132 0.182311
vt 0.454803 0.172560
vt 0.454119 0.192268
vt 0.447745 0.158884
vt 0.455639 0.147483
vt 0.463533 0.136081
vt 0.462661 0.162468
vt 0.463041 0.181446
vt 0.975453 0.110503
vt 0.970085 0.110453
vt 0.970085 0.096198
vt 0.975453 0.095584
vt 0.964717 0.110404
vt 0.964717 0.096813
vt 0.964717 0.083221
vt 0.970085 0.081943
vt 0.975453 0.080665
vt 0.392330 0.970433
vt 0.386996 0.969678
vt 0.387005 0.967925
vt 0.392340 0.968720
vt 0.381662 0.968922
vt 0.381671 0.967362
vt 0.901651 0.702513
vt 0.901706 0.708015
vt 0.901019 0.708015
vt 0.900932 0.702513
vt 0.901760 0.713518
vt 0.901105 0.713518
vt 0.900450 0.713518
vt 0.900331 0.708015
vt 0.900213 0.702513
vt 0.104149 0.966249
vt 0.104149 0.963442
vt 0.105916 0.963403
vt 0.105916 0.965830
vt 0.107683 0.963398
vt 0.107683 0.965796
vt 0.109449 0.963403
vt 0.109449 0.965830
vt 0.111215 0.963442
vt 0.111215 0.966249
vt 0.641234 0.741051
vt 0.642884 0.740884
vt 0.642884 0.741831
vt 0.641234 0.741847
vt 0.644534 0.741054
vt 0.644534 0.741849
vt 0.644534 0.742644
vt 0.642884 0.742643
vt 0.641234 0.742642
vt 0.471361 0.171664
vt 0.470260 0.153597
vt 0.472423 0.152362
vt 0.473738 0.171149
vt 0.469209 0.136348
vt 0.471162 0.134352
vt 0.472287 0.126732
vt 0.474381 0.152054
vt 0.476476 0.177376
vt 0.389906 0.817410
vt 0.389663 0.816342
vt 0.389703 0.804915
vt 0.389906 0.805958
vt 0.389420 0.815274
vt 0.389499 0.803872
vt 0.389579 0.792471
vt 0.389742 0.793488
vt 0.389906 0.794505
vt 0.437632 0.219241
vt 0.440633 0.190131
vt 0.442857 0.187642
vt 0.440336 0.208751
vt 0.443420 0.168554
vt 0.445274 0.167328
vt 0.463403 0.134033
vt 0.465863 0.123162
vt 0.466234 0.130676
vt 0.463468 0.135057
vt 0.468289 0.119172
vt 0.468679 0.127385
vt 0.466657 0.138944
vt 0.230429 0.400887
vt 0.233587 0.406307
vt 0.230686 0.424802
vt 0.228007 0.419177
vt 0.236335 0.403938
vt 0.232219 0.429174
vt 0.228103 0.454409
vt 0.227904 0.442532
vt 0.225694 0.436639
vt 0.216256 0.380274
vt 0.217684 0.380757
vt 0.216999 0.402541
vt 0.215665 0.402150
vt 0.220412 0.384150
vt 0.219398 0.405286
vt 0.218430 0.425465
vt 0.216345 0.423340
vt 0.215101 0.423037
vt 0.627737 0.123685
vt 0.628562 0.119977
vt 0.628946 0.130958
vt 0.628072 0.130513
vt 0.629441 0.124840
vt 0.629783 0.131091
vt 0.630125 0.137341
vt 0.629499 0.143283
vt 0.628408 0.137341
vt 0.447187 0.136855
vt 0.445900 0.146086
vt 0.443149 0.150029
vt 0.442798 0.142846
vt 0.445192 0.151839
vt 0.443693 0.155593
vt 0.439600 0.159075
vt 0.438852 0.154078
vt 0.438104 0.149082
vt 0.225356 0.392058
vt 0.223647 0.411727
vt 0.222016 0.430506
vt 0.628914 0.077662
vt 0.630731 0.081633
vt 0.631561 0.109840
vt 0.629458 0.104015
vt 0.632902 0.090257
vt 0.634070 0.117540
vt 0.635237 0.144822
vt 0.632339 0.134831
vt 0.626838 0.079689
vt 0.627699 0.076348
vt 0.628165 0.101481
vt 0.627287 0.101687
vt 0.464092 0.081483
vt 0.465069 0.106433
vt 0.461507 0.112640
vt 0.467572 0.102660
vt 0.470604 0.125987
vt 0.470204 0.118349
vt 0.472110 0.124591
vt 0.472199 0.125662
vt 0.451801 0.229391
vt 0.452629 0.218914
vt 0.438563 0.230506
vt 0.441004 0.224353
vt 0.442904 0.219072
vt 0.453281 0.210107
vt 0.445867 0.157703
vt 0.447120 0.157626
vt 0.447898 0.147628
vt 0.448654 0.148271
vt 0.449102 0.156161
vt 0.448424 0.157523
vt 0.226673 0.450761
vt 0.224547 0.445707
vt 0.227929 0.455476
vt 0.227755 0.456543
vt 0.225910 0.458309
vt 0.223832 0.453980
vt 0.216021 0.434061
vt 0.214822 0.433802
vt 0.217950 0.435880
vt 0.217650 0.444993
vt 0.215818 0.443366
vt 0.214647 0.443134
vt 0.221207 0.440226
vt 0.220702 0.448906
vt 0.228694 0.353999
vt 0.222216 0.343424
vt 0.235412 0.365601
vt 0.233164 0.380212
vt 0.227280 0.369817
vt 0.221542 0.360377
vt 0.217837 0.312846
vt 0.219253 0.313144
vt 0.218789 0.318264
vt 0.217725 0.319254
vt 0.219075 0.325070
vt 0.217584 0.327635
vt 0.239181 0.372700
vt 0.240824 0.376416
vt 0.237755 0.395237
vt 0.236592 0.387078
vt 0.432417 0.228967
vt 0.435400 0.227512
vt 0.437808 0.232378
vt 0.433001 0.225272
vt 0.436693 0.223668
vt 0.444060 0.213564
vt 0.453693 0.203118
vt 0.463343 0.192208
vt 0.476126 0.205623
vt 0.477391 0.223901
vt 0.475086 0.190701
vt 0.477198 0.186106
vt 0.478760 0.204992
vt 0.480321 0.223878
vt 0.468438 0.174744
vt 0.469040 0.185596
vt 0.472032 0.182666
vt 0.630069 0.185807
vt 0.631286 0.186890
vt 0.631890 0.200706
vt 0.630679 0.200331
vt 0.632493 0.193454
vt 0.632917 0.201176
vt 0.946535 0.714738
vt 0.946535 0.705416
vt 0.951117 0.701188
vt 0.951453 0.707592
vt 0.946535 0.696094
vt 0.950780 0.694785
vt 0.955025 0.693475
vt 0.955698 0.696961
vt 0.956371 0.700447
vt 0.633091 0.142254
vt 0.635031 0.172603
vt 0.632067 0.167277
vt 0.636057 0.147167
vt 0.638602 0.179435
vt 0.641147 0.211702
vt 0.636820 0.202578
vt 0.630439 0.165195
vt 0.629234 0.164101
vt 0.467479 0.156677
vt 0.226396 0.380078
vt 0.221027 0.371291
vt 0.231904 0.389747
vt 0.216886 0.356597
vt 0.218432 0.356627
vt 0.218098 0.367551
vt 0.216611 0.367081
vt 0.235206 0.395947
vt 0.237045 0.399588
vt 0.435317 0.222257
vt 0.438389 0.219184
vt 0.694480 0.827888
vt 0.695517 0.825096
vt 0.693624 0.829701
vt 0.690740 0.829591
vt 0.691884 0.827249
vt 0.691761 0.824952
vt 0.474464 0.181684
vt 0.476837 0.181741
vt 0.315531 0.083378
vt 0.318498 0.085089
vt 0.318489 0.091879
vt 0.315531 0.090323
vt 0.321465 0.086801
vt 0.321374 0.093308
vt 0.321422 0.099980
vt 0.318493 0.098685
vt 0.315531 0.097268
vt 0.318302 0.106031
vt 0.315531 0.104213
vt 0.321322 0.107347
vt 0.324306 0.101071
vt 0.324387 0.108252
vt 0.327252 0.102042
vt 0.327390 0.108539
vt 0.327528 0.115035
vt 0.324283 0.119502
vt 0.323878 0.087918
vt 0.324104 0.094487
vt 0.326292 0.089035
vt 0.326772 0.095538
vt 0.532146 0.875403
vt 0.532146 0.824800
vt 0.537613 0.813182
vt 0.540313 0.858054
vt 0.532146 0.774197
vt 0.534916 0.768312
vt 0.537686 0.762427
vt 0.543062 0.801563
vt 0.548480 0.840704
vt 0.850048 0.612607
vt 0.859582 0.593210
vt 0.864413 0.606081
vt 0.857262 0.631830
vt 0.869117 0.573812
vt 0.871564 0.580332
vt 0.324103 0.138553
vt 0.330105 0.139680
vt 0.548473 0.789938
vt 0.556533 0.823339
vt 0.540418 0.756538
vt 0.543149 0.750648
vt 0.553868 0.778311
vt 0.564587 0.805974
vt 0.213550 0.357921
vt 0.215313 0.357241
vt 0.215080 0.367162
vt 0.213360 0.367248
vt 0.214767 0.380275
vt 0.213094 0.380276
vt 0.625378 0.137341
vt 0.626893 0.137341
vt 0.627801 0.163545
vt 0.626208 0.163086
vt 0.628584 0.185214
vt 0.626916 0.184546
vt 0.629153 0.199904
vt 0.627438 0.199424
vt 0.629695 0.213545
vt 0.627940 0.213378
vt 0.214277 0.314063
vt 0.216177 0.313414
vt 0.216101 0.320972
vt 0.214204 0.322896
vt 0.215927 0.330150
vt 0.214042 0.332854
vt 0.212221 0.423039
vt 0.213745 0.423038
vt 0.213498 0.433803
vt 0.212009 0.433804
vt 0.213343 0.443135
vt 0.211877 0.443136
vt 0.836868 0.223023
vt 0.842159 0.223687
vt 0.842058 0.248327
vt 0.836833 0.247590
vt 0.847587 0.227825
vt 0.847419 0.249831
vt 0.847251 0.271837
vt 0.841437 0.266608
vt 0.836844 0.265577
vt 0.839841 0.277798
vt 0.837118 0.277287
vt 0.842686 0.278729
vt 0.838121 0.285621
vt 0.837841 0.285583
vt 0.837562 0.285544
vt 0.214244 0.402151
vt 0.212647 0.402152
vt 0.641234 0.738244
vt 0.642884 0.738246
vt 0.642884 0.739632
vt 0.641234 0.739648
vt 0.644534 0.738247
vt 0.644534 0.739650
vt 0.107684 0.973475
vt 0.107683 0.972648
vt 0.109449 0.972647
vt 0.109449 0.973464
vt 0.107683 0.971674
vt 0.109449 0.971687
vt 0.111215 0.971863
vt 0.111215 0.972658
vt 0.111215 0.973453
vt 0.104149 0.973453
vt 0.104149 0.972658
vt 0.105916 0.972647
vt 0.105916 0.973464
vt 0.104149 0.971863
vt 0.105916 0.971687
vt 0.629210 0.323700
vt 0.631103 0.323700
vt 0.631074 0.338346
vt 0.629181 0.338346
vt 0.631052 0.349482
vt 0.629159 0.349482
vt 0.206132 0.181788
vt 0.206112 0.192494
vt 0.209422 0.181842
vt 0.209404 0.192545
vt 0.209410 0.203448
vt 0.206117 0.203400
vt 0.392728 0.771162
vt 0.391074 0.771159
vt 0.391074 0.770348
vt 0.392728 0.770368
vt 0.389420 0.771155
vt 0.389420 0.770362
vt 0.389420 0.769568
vt 0.391074 0.769403
vt 0.392728 0.769574
vt 0.973889 0.489122
vt 0.974112 0.488368
vt 0.972929 0.489868
vt 0.973154 0.488744
vt 0.973547 0.487619
vt 0.974342 0.487619
vt 0.959705 0.014412
vt 0.963223 0.012533
vt 0.964439 0.016517
vt 0.960488 0.018195
vt 0.966742 0.010654
vt 0.968529 0.014501
vt 0.970317 0.018347
vt 0.965093 0.021854
vt 0.961272 0.021978
vt 0.887598 0.920916
vt 0.892338 0.920729
vt 0.891595 0.924609
vt 0.886919 0.924705
vt 0.893981 0.919705
vt 0.893332 0.924557
vt 0.864934 0.917698
vt 0.864919 0.915766
vt 0.879462 0.915803
vt 0.878821 0.917360
vt 0.864905 0.913833
vt 0.880517 0.914237
vt 0.896130 0.914640
vt 0.890676 0.915975
vt 0.889338 0.917235
vt 0.215918 0.237011
vt 0.214019 0.236944
vt 0.215960 0.248185
vt 0.214060 0.248118
vt 0.214201 0.140908
vt 0.216093 0.140975
vt 0.216017 0.151179
vt 0.214124 0.151110
vt 0.215931 0.161308
vt 0.214037 0.161237
vt 0.214295 0.094713
vt 0.216182 0.094768
vt 0.216171 0.108667
vt 0.214282 0.108608
vt 0.216158 0.119846
vt 0.214268 0.119784
vt 0.214319 0.060599
vt 0.216204 0.060652
vt 0.216194 0.077044
vt 0.214309 0.076991
vt 0.214221 0.011026
vt 0.216137 0.011088
vt 0.216127 0.016659
vt 0.214240 0.016599
vt 0.216141 0.022232
vt 0.214259 0.022173
vt 0.628939 0.461177
vt 0.630833 0.461092
vt 0.630781 0.487263
vt 0.628888 0.487355
vt 0.630737 0.509490
vt 0.628844 0.509575
vt 0.629057 0.401138
vt 0.630951 0.401120
vt 0.630893 0.430458
vt 0.629000 0.430511
vt 0.629129 0.364811
vt 0.631022 0.364811
vt 0.630994 0.379054
vt 0.629101 0.379056
vt 0.631038 0.356699
vt 0.629145 0.356699
vt 0.629277 0.289657
vt 0.631170 0.289657
vt 0.631136 0.307126
vt 0.629243 0.307127
vt 0.629078 0.252706
vt 0.630945 0.252706
vt 0.631168 0.271824
vt 0.629278 0.271824
vt 0.953414 0.641567
vt 0.949975 0.639874
vt 0.961560 0.640743
vt 0.963286 0.642548
vt 0.946535 0.638180
vt 0.959834 0.638938
vt 0.973134 0.639695
vt 0.973145 0.641612
vt 0.973157 0.643529
vt 0.630703 0.529670
vt 0.628804 0.529750
vt 0.630695 0.548922
vt 0.628766 0.549001
vt 0.211363 0.488903
vt 0.212741 0.488902
vt 0.212389 0.522452
vt 0.211059 0.522453
vt 0.212054 0.559125
vt 0.210756 0.559126
vt 0.214147 0.270507
vt 0.216049 0.270568
vt 0.216099 0.281808
vt 0.214198 0.281753
vt 0.216147 0.293035
vt 0.214246 0.292989
vt 0.630372 0.232025
vt 0.628558 0.232005
vt 0.974342 0.480554
vt 0.973889 0.479155
vt 0.973547 0.480553
vt 0.972962 0.479153
vt 0.972702 0.477752
vt 0.973437 0.477752
vt 0.620715 0.212720
vt 0.621094 0.231922
vt 0.623769 0.212982
vt 0.624249 0.231955
vt 0.624641 0.252706
vt 0.621393 0.252706
vt 0.206336 0.270372
vt 0.206385 0.281636
vt 0.209634 0.270399
vt 0.209684 0.281659
vt 0.209733 0.292912
vt 0.206433 0.292895
vt 0.205692 0.488907
vt 0.205610 0.522457
vt 0.208089 0.488905
vt 0.207944 0.522456
vt 0.208160 0.559128
vt 0.205565 0.559130
vt 0.621051 0.509912
vt 0.621024 0.530067
vt 0.624345 0.509778
vt 0.624358 0.529938
vt 0.624910 0.549157
vt 0.621053 0.549314
vt 0.961142 0.650050
vt 0.967113 0.650697
vt 0.960293 0.644953
vt 0.966379 0.646897
vt 0.973181 0.647362
vt 0.973204 0.651196
vt 0.621499 0.271824
vt 0.624787 0.271824
vt 0.624778 0.289657
vt 0.621484 0.289657
vt 0.621450 0.307126
vt 0.624744 0.307127
vt 0.624711 0.323700
vt 0.621417 0.323700
vt 0.621367 0.349482
vt 0.621352 0.356699
vt 0.624660 0.349482
vt 0.624646 0.356699
vt 0.624630 0.364811
vt 0.621336 0.364811
vt 0.621308 0.379065
vt 0.624602 0.379062
vt 0.624559 0.401180
vt 0.621265 0.401208
vt 0.621207 0.430718
vt 0.624501 0.430636
vt 0.624440 0.461378
vt 0.621146 0.461510
vt 0.621094 0.487717
vt 0.624388 0.487573
vt 0.206557 0.010778
vt 0.206508 0.016362
vt 0.210389 0.010902
vt 0.209821 0.016459
vt 0.209787 0.022034
vt 0.206512 0.021942
vt 0.206565 0.060393
vt 0.206549 0.076785
vt 0.209842 0.060475
vt 0.209828 0.076866
vt 0.209811 0.094583
vt 0.206528 0.094500
vt 0.206509 0.108378
vt 0.209795 0.108469
vt 0.209778 0.119635
vt 0.206490 0.119536
vt 0.206417 0.140663
vt 0.206338 0.150884
vt 0.209706 0.140756
vt 0.209627 0.150962
vt 0.209539 0.161094
vt 0.206250 0.161029
vt 0.206177 0.225613
vt 0.206214 0.236785
vt 0.209471 0.225653
vt 0.209510 0.236822
vt 0.209549 0.247999
vt 0.206253 0.247965
vt 0.864992 0.925430
vt 0.877404 0.925017
vt 0.864963 0.921564
vt 0.877798 0.921377
vt 0.493770 0.980467
vt 0.493770 0.984897
vt 0.493094 0.983849
vt 0.493265 0.979687
vt 0.493770 0.989326
vt 0.492923 0.988011
vt 0.492077 0.986696
vt 0.492418 0.982801
vt 0.492760 0.978907
vt 0.720581 0.815108
vt 0.721034 0.812028
vt 0.729881 0.813125
vt 0.728275 0.816268
vt 0.721487 0.808949
vt 0.731288 0.810406
vt 0.739446 0.811791
vt 0.737320 0.814408
vt 0.735969 0.817428
vt 0.621388 0.338346
vt 0.624682 0.338346
vt 0.642884 0.732593
vt 0.641234 0.732631
vt 0.644534 0.732633
vt 0.644534 0.735440
vt 0.642884 0.735049
vt 0.641234 0.735438
vt 0.206208 0.380281
vt 0.206074 0.402157
vt 0.209118 0.380279
vt 0.208853 0.402155
vt 0.208599 0.423041
vt 0.205947 0.423043
vt 0.619862 0.115040
vt 0.619672 0.127991
vt 0.623013 0.120239
vt 0.622681 0.128790
vt 0.622349 0.137341
vt 0.619537 0.141875
vt 0.619740 0.073521
vt 0.619854 0.097050
vt 0.622531 0.078281
vt 0.622772 0.099260
vt 0.205884 0.433809
vt 0.208473 0.433807
vt 0.208395 0.443139
vt 0.205845 0.443140
vt 0.206484 0.315362
vt 0.206463 0.326732
vt 0.209767 0.315168
vt 0.209707 0.326159
vt 0.209604 0.337415
vt 0.206420 0.338214
vt 0.620048 0.181913
vt 0.620378 0.197532
vt 0.622951 0.182960
vt 0.623362 0.198285
vt 0.619705 0.161784
vt 0.622480 0.162099
vt 0.206328 0.359266
vt 0.206285 0.367421
vt 0.209371 0.359064
vt 0.209274 0.367394
vt 0.107683 0.969070
vt 0.107683 0.967608
vt 0.109449 0.967613
vt 0.109449 0.969066
vt 0.111215 0.967652
vt 0.111215 0.969056
vt 0.104149 0.969056
vt 0.104149 0.967652
vt 0.105916 0.967613
vt 0.105916 0.969066
vt 0.392728 0.766773
vt 0.391074 0.766770
vt 0.391074 0.765330
vt 0.392728 0.765372
vt 0.389420 0.766767
vt 0.389420 0.765366
vt 0.970423 0.494110
vt 0.969016 0.496549
vt 0.969157 0.492084
vt 0.970582 0.490865
vt 0.969337 0.487619
vt 0.970740 0.487619
vt 0.970740 0.480553
vt 0.969337 0.480553
vt 0.969035 0.479153
vt 0.970423 0.479153
vt 0.968808 0.477752
vt 0.970106 0.477752
vt 0.940574 0.188210
vt 0.937050 0.188162
vt 0.936855 0.187165
vt 0.940377 0.187322
vt 0.933526 0.188114
vt 0.933330 0.187226
vt 0.933133 0.186339
vt 0.936672 0.185293
vt 0.940181 0.186435
vt 0.940095 0.319902
vt 0.943684 0.320247
vt 0.942978 0.323726
vt 0.939409 0.323241
vt 0.947284 0.320629
vt 0.946597 0.323969
vt 0.945911 0.327308
vt 0.942070 0.328156
vt 0.938722 0.326581
vt 0.942041 0.194511
vt 0.938517 0.194462
vt 0.937989 0.192238
vt 0.941504 0.192248
vt 0.934994 0.194414
vt 0.934456 0.192151
vt 0.933919 0.189888
vt 0.937537 0.190319
vt 0.940966 0.189984
vt 0.940718 0.334765
vt 0.937149 0.334280
vt 0.944337 0.335008
vt 0.942764 0.342707
vt 0.939170 0.342343
vt 0.935576 0.341979
vt 0.894236 0.917467
vt 0.893255 0.918638
vt 0.888437 0.918626
vt 0.895763 0.917913
vt 0.894872 0.918809
vt 0.902416 0.909686
vt 0.902418 0.910617
vt 0.899677 0.912961
vt 0.899273 0.912163
vt 0.902421 0.911548
vt 0.899983 0.913835
vt 0.897545 0.916121
vt 0.897231 0.915008
vt 0.928618 0.938021
vt 0.926550 0.938842
vt 0.925613 0.931375
vt 0.927311 0.929449
vt 0.923730 0.941239
vt 0.923840 0.933459
vt 0.923950 0.925679
vt 0.924942 0.922333
vt 0.925935 0.918987
vt 0.930936 0.946976
vt 0.929928 0.946215
vt 0.928106 0.943316
vt 0.929811 0.943443
vt 0.928920 0.945453
vt 0.926325 0.943346
vt 0.937807 0.948493
vt 0.937647 0.943468
vt 0.932952 0.948500
vt 0.933976 0.943650
vt 0.933321 0.936721
vt 0.936835 0.936118
vt 0.935053 0.924791
vt 0.931439 0.925938
vt 0.927920 0.912296
vt 0.932615 0.910991
vt 0.946465 0.381651
vt 0.942402 0.381813
vt 0.950110 0.381590
vt 0.950185 0.386450
vt 0.946596 0.386517
vt 0.943007 0.386584
vt 0.936524 0.181451
vt 0.940038 0.181589
vt 0.932990 0.181533
vt 0.144404 0.971332
vt 0.139015 0.973995
vt 0.138776 0.968958
vt 0.144142 0.966176
vt 0.133627 0.976659
vt 0.133382 0.971821
vt 0.133137 0.966984
vt 0.138650 0.963601
vt 0.143881 0.961019
vt 0.969966 0.324199
vt 0.969966 0.317208
vt 0.971879 0.316185
vt 0.971951 0.323133
vt 0.969966 0.310216
vt 0.971828 0.309216
vt 0.973690 0.308215
vt 0.973713 0.315244
vt 0.973936 0.322067
vt 0.882340 0.124331
vt 0.880349 0.129017
vt 0.883613 0.120761
vt 0.888623 0.120811
vt 0.888710 0.124917
vt 0.887957 0.129092
vt 0.896631 0.080665
vt 0.895920 0.090358
vt 0.892888 0.085369
vt 0.893431 0.080691
vt 0.894336 0.088918
vt 0.892229 0.088935
vt 0.906824 0.128941
vt 0.900589 0.119283
vt 0.899419 0.104811
vt 0.901727 0.104803
vt 0.899203 0.118942
vt 0.897692 0.104815
vt 0.895820 0.124331
vt 0.897390 0.129017
vt 0.894836 0.120761
vt 0.962588 0.261192
vt 0.963501 0.246231
vt 0.967215 0.246215
vt 0.968417 0.261145
vt 0.963994 0.231305
vt 0.965971 0.231289
vt 0.967948 0.231273
vt 0.971096 0.246186
vt 0.974245 0.261098
vt 0.953188 0.261098
vt 0.956997 0.246186
vt 0.960165 0.246215
vt 0.957888 0.261145
vt 0.960806 0.231273
vt 0.962400 0.231289
vt 0.138776 0.957521
vt 0.144142 0.954373
vt 0.133382 0.960749
vt 0.133627 0.954515
vt 0.139015 0.951121
vt 0.144404 0.947727
vt 0.975367 0.314487
vt 0.975550 0.321382
vt 0.975204 0.307573
vt 0.976719 0.306930
vt 0.976941 0.313813
vt 0.977164 0.320696
vt 0.783894 0.805815
vt 0.788563 0.810891
vt 0.788563 0.829317
vt 0.783894 0.824829
vt 0.793232 0.815968
vt 0.793232 0.833805
vt 0.793232 0.851643
vt 0.788563 0.847743
vt 0.783894 0.843844
vt 0.583526 0.930434
vt 0.578213 0.933976
vt 0.578213 0.917637
vt 0.583526 0.913573
vt 0.572900 0.937517
vt 0.572900 0.921700
vt 0.572900 0.905882
vt 0.578213 0.901297
vt 0.583526 0.896712
vt 0.032891 0.761917
vt 0.032564 0.780667
vt 0.021322 0.722494
vt 0.014586 0.721471
vt 0.012125 0.700120
vt 0.014899 0.700944
vt 0.644543 0.763953
vt 0.644543 0.767438
vt 0.643031 0.767443
vt 0.642889 0.763959
vt 0.644543 0.770922
vt 0.642889 0.770928
vt 0.641234 0.770934
vt 0.642419 0.769188
vt 0.642852 0.767417
vt 0.642419 0.765703
vt 0.641234 0.763965
vt 0.225335 0.271196
vt 0.225302 0.282220
vt 0.229907 0.271330
vt 0.229693 0.281915
vt 0.224930 0.292745
vt 0.209590 0.259184
vt 0.206292 0.259153
vt 0.263386 0.262901
vt 0.256872 0.262576
vt 0.256879 0.251511
vt 0.256901 0.275248
vt 0.250949 0.262312
vt 0.221473 0.259713
vt 0.219202 0.259519
vt 0.217695 0.259432
vt 0.271377 0.263147
vt 0.240065 0.258698
vt 0.235611 0.261127
vt 0.235243 0.249763
vt 0.239785 0.263490
vt 0.238128 0.266171
vt 0.236885 0.271898
vt 0.234054 0.271292
vt 0.230222 0.260501
vt 0.214102 0.259299
vt 0.212086 0.259235
vt 0.212045 0.248053
vt 0.212131 0.270447
vt 0.209435 0.214507
vt 0.206142 0.214463
vt 0.271322 0.220561
vt 0.263362 0.219856
vt 0.213908 0.192687
vt 0.215805 0.192762
vt 0.213924 0.181986
vt 0.215821 0.182063
vt 0.256869 0.219192
vt 0.256865 0.208455
vt 0.256875 0.229947
vt 0.251174 0.218653
vt 0.221307 0.215100
vt 0.219035 0.214874
vt 0.015875 0.823865
vt 0.013265 0.813103
vt 0.018980 0.812953
vt 0.021315 0.823738
vt 0.010654 0.802340
vt 0.015975 0.802184
vt 0.021296 0.802027
vt 0.024862 0.812801
vt 0.028428 0.823574
vt 0.209468 0.171365
vt 0.206179 0.171308
vt 0.221323 0.171974
vt 0.219054 0.171752
vt 0.217551 0.171656
vt 0.213968 0.171508
vt 0.211958 0.171434
vt 0.212028 0.161165
vt 0.211913 0.181911
vt 0.010654 0.867265
vt 0.013434 0.856382
vt 0.018441 0.856314
vt 0.014792 0.867232
vt 0.016213 0.845499
vt 0.021238 0.845414
vt 0.028391 0.845281
vt 0.023660 0.856240
vt 0.018929 0.867199
vt 0.271331 0.178066
vt 0.263355 0.177173
vt 0.256865 0.176345
vt 0.256870 0.165687
vt 0.256862 0.187027
vt 0.251173 0.175706
vt 0.271064 0.135819
vt 0.263373 0.134700
vt 0.214247 0.130441
vt 0.212241 0.130372
vt 0.212264 0.119717
vt 0.212194 0.140838
vt 0.209753 0.130288
vt 0.221571 0.130740
vt 0.219316 0.130620
vt 0.217820 0.130564
vt 0.206464 0.130188
vt 0.256895 0.133783
vt 0.256903 0.123143
vt 0.256887 0.144418
vt 0.251220 0.133157
vt 0.240325 0.132045
vt 0.235192 0.131630
vt 0.235208 0.120959
vt 0.235167 0.142226
vt 0.230205 0.131289
vt 0.214282 0.304012
vt 0.212266 0.304061
vt 0.212230 0.292946
vt 0.212260 0.314698
vt 0.209769 0.304097
vt 0.221316 0.303482
vt 0.219327 0.303940
vt 0.217870 0.303924
vt 0.206471 0.304111
vt 0.224003 0.301076
vt 0.261845 0.320194
vt 0.251348 0.322312
vt 0.255505 0.306029
vt 0.233932 0.286752
vt 0.236592 0.290604
vt 0.235730 0.281813
vt 0.237454 0.280854
vt 0.271274 0.314694
vt 0.022037 0.834559
vt 0.028410 0.834427
vt 0.016044 0.834682
vt 0.225404 0.130977
vt 0.235125 0.152708
vt 0.235059 0.163120
vt 0.233377 0.279913
vt 0.235978 0.277716
vt 0.225337 0.260075
vt 0.225170 0.215541
vt 0.230007 0.216104
vt 0.235045 0.227801
vt 0.235110 0.238833
vt 0.225183 0.172406
vt 0.230015 0.172951
vt 0.235083 0.110092
vt 0.245603 0.218066
vt 0.240026 0.217428
vt 0.256878 0.155049
vt 0.245605 0.175029
vt 0.240031 0.174298
vt 0.256882 0.240722
vt 0.256757 0.290371
vt 0.256747 0.112315
vt 0.256862 0.197731
vt 0.244570 0.262080
vt 0.240986 0.266764
vt 0.245701 0.132572
vt 0.213796 0.345657
vt 0.211860 0.347544
vt 0.212046 0.335476
vt 0.211680 0.358578
vt 0.209483 0.348939
vt 0.218871 0.340696
vt 0.217259 0.341865
vt 0.206373 0.349515
vt 0.238617 0.272643
vt 0.237532 0.276492
vt 0.239295 0.268567
vt 0.240547 0.035373
vt 0.240560 0.040866
vt 0.230666 0.039891
vt 0.230653 0.034378
vt 0.240569 0.046323
vt 0.230675 0.045367
vt 0.223276 0.044765
vt 0.223266 0.039277
vt 0.223251 0.033753
vt 0.297287 0.050942
vt 0.297300 0.056150
vt 0.288552 0.052143
vt 0.288539 0.046861
vt 0.297307 0.061322
vt 0.288559 0.057390
vt 0.279811 0.054168
vt 0.279804 0.048861
vt 0.279791 0.043518
vt 0.270959 0.046139
vt 0.270947 0.040746
vt 0.270967 0.051496
vt 0.261544 0.049323
vt 0.261536 0.043926
vt 0.261524 0.038492
vt 0.306050 0.060851
vt 0.305838 0.055763
vt 0.305858 0.065712
vt 0.251197 0.042191
vt 0.251184 0.036724
vt 0.251204 0.047622
vt 0.240531 0.029853
vt 0.230636 0.028839
vt 0.223234 0.028201
vt 0.297272 0.045707
vt 0.288524 0.041551
vt 0.279776 0.038147
vt 0.270931 0.035325
vt 0.261508 0.033031
vt 0.306023 0.050921
vt 0.251168 0.031230
vt 0.219564 0.039016
vt 0.219550 0.033486
vt 0.219575 0.044509
vt 0.217877 0.044439
vt 0.217867 0.038944
vt 0.217852 0.033413
vt 0.214295 0.033307
vt 0.214309 0.038840
vt 0.212312 0.038781
vt 0.212298 0.033247
vt 0.214318 0.044337
vt 0.212321 0.044279
vt 0.209844 0.044208
vt 0.209835 0.038708
vt 0.209822 0.033173
vt 0.206559 0.038622
vt 0.206546 0.033085
vt 0.206568 0.044123
vt 0.219532 0.027930
vt 0.217834 0.027855
vt 0.214278 0.027747
vt 0.212281 0.027686
vt 0.212262 0.022111
vt 0.209805 0.027610
vt 0.206530 0.027520
vt 0.223280 0.050945
vt 0.219579 0.050642
vt 0.217882 0.050566
vt 0.240572 0.052530
vt 0.230679 0.051616
vt 0.261547 0.055408
vt 0.251207 0.053824
vt 0.214323 0.050466
vt 0.212325 0.050409
vt 0.212321 0.060543
vt 0.209847 0.050339
vt 0.297311 0.066514
vt 0.288563 0.063127
vt 0.279815 0.060092
vt 0.206570 0.050256
vt 0.270970 0.057483
vt 0.306126 0.070729
vt 0.306059 0.076037
vt 0.744593 0.808105
vt 0.741125 0.809922
vt 0.732212 0.808489
vt 0.733038 0.806960
vt 0.721485 0.807382
vt 0.721483 0.805815
vt 0.751373 0.813475
vt 0.750050 0.814517
vt 0.746482 0.812048
vt 0.747983 0.810790
vt 0.748756 0.815535
vt 0.744721 0.813676
vt 0.758406 0.826461
vt 0.760369 0.825943
vt 0.756733 0.826751
vt 0.754945 0.820464
vt 0.756204 0.820798
vt 0.758153 0.818844
vt 0.076428 0.968123
vt 0.070517 0.967146
vt 0.082376 0.969098
vt 0.081911 0.976219
vt 0.076120 0.974235
vt 0.070330 0.972251
vt 0.964485 0.030234
vt 0.960488 0.030513
vt 0.968621 0.029616
vt 0.966926 0.040885
vt 0.963315 0.039966
vt 0.959705 0.039048
vt 0.936081 0.316882
vt 0.936403 0.313404
vt 0.940570 0.315807
vt 0.932067 0.313862
vt 0.932067 0.310396
vt 0.932067 0.306930
vt 0.936768 0.310076
vt 0.941468 0.313223
vt 0.937713 0.387853
vt 0.937535 0.382224
vt 0.932419 0.389121
vt 0.932243 0.382732
vt 0.028605 0.652835
vt 0.028677 0.643148
vt 0.033353 0.643111
vt 0.033194 0.652800
vt 0.028756 0.632545
vt 0.033527 0.632506
vt 0.038189 0.632413
vt 0.037923 0.643021
vt 0.037680 0.652712
vt 0.019854 0.652735
vt 0.019760 0.643046
vt 0.024080 0.643129
vt 0.024094 0.652816
vt 0.019657 0.632439
vt 0.024066 0.632524
vt 0.012402 0.652418
vt 0.012170 0.642871
vt 0.015844 0.642925
vt 0.016011 0.652594
vt 0.011938 0.633325
vt 0.015663 0.632390
vt 0.347150 0.334517
vt 0.347416 0.344163
vt 0.340302 0.344240
vt 0.340167 0.334587
vt 0.347706 0.354722
vt 0.340450 0.354807
vt 0.332973 0.354961
vt 0.332974 0.344384
vt 0.332976 0.334722
vt 0.197188 0.848521
vt 0.190702 0.848457
vt 0.190369 0.838717
vt 0.196976 0.838757
vt 0.182745 0.848386
vt 0.182268 0.838773
vt 0.181791 0.829160
vt 0.190007 0.828104
vt 0.196745 0.828069
vt 0.323346 0.335181
vt 0.323143 0.344812
vt 0.319322 0.345114
vt 0.319622 0.335583
vt 0.322935 0.355401
vt 0.319036 0.355628
vt 0.315319 0.354883
vt 0.315642 0.345339
vt 0.315964 0.335795
vt 0.355597 0.334610
vt 0.356009 0.344101
vt 0.352409 0.344155
vt 0.352055 0.334537
vt 0.356421 0.353592
vt 0.352795 0.354635
vt 0.746432 0.084024
vt 0.746527 0.074286
vt 0.751060 0.074555
vt 0.750883 0.084284
vt 0.746630 0.063626
vt 0.751254 0.063905
vt 0.755737 0.064180
vt 0.755458 0.074821
vt 0.755203 0.084541
vt 0.737848 0.083531
vt 0.737776 0.073777
vt 0.742046 0.074023
vt 0.742036 0.083769
vt 0.737697 0.063100
vt 0.742058 0.063354
vt 0.730248 0.083119
vt 0.730022 0.073507
vt 0.733809 0.073583
vt 0.733960 0.083318
vt 0.729796 0.063894
vt 0.733644 0.062976
vt 0.759582 0.075104
vt 0.759258 0.084790
vt 0.759934 0.064550
vt 0.763919 0.065934
vt 0.763535 0.075484
vt 0.763151 0.085034
vt 0.203784 0.848618
vt 0.203697 0.838857
vt 0.206057 0.838928
vt 0.206101 0.848661
vt 0.203601 0.828173
vt 0.206010 0.828323
vt 0.208418 0.829499
vt 0.208418 0.839102
vt 0.208418 0.848705
vt 0.327399 0.344566
vt 0.327507 0.334902
vt 0.327281 0.355152
vt 0.042261 0.642909
vt 0.041939 0.652578
vt 0.042611 0.632373
vt 0.046844 0.633326
vt 0.046451 0.642873
vt 0.046058 0.652419
vt 0.037441 0.662562
vt 0.041633 0.662394
vt 0.045665 0.661966
vt 0.332942 0.324846
vt 0.327563 0.325092
vt 0.323533 0.325681
vt 0.203956 0.867831
vt 0.203870 0.858225
vt 0.206144 0.858266
vt 0.206187 0.867871
vt 0.208418 0.858308
vt 0.208418 0.867911
vt 0.754834 0.094303
vt 0.758850 0.094513
vt 0.762767 0.094584
vt 0.730474 0.092732
vt 0.734060 0.093079
vt 0.737854 0.093318
vt 0.741947 0.093551
vt 0.746242 0.093800
vt 0.750595 0.094053
vt 0.355185 0.325120
vt 0.351742 0.324741
vt 0.346913 0.324651
vt 0.319991 0.326429
vt 0.320373 0.317358
vt 0.316594 0.327250
vt 0.317224 0.318706
vt 0.199493 0.867752
vt 0.191596 0.867682
vt 0.191070 0.858069
vt 0.197554 0.858132
vt 0.183699 0.867613
vt 0.183222 0.858000
vt 0.340029 0.324714
vt 0.012865 0.671511
vt 0.012633 0.661964
vt 0.016169 0.662136
vt 0.016302 0.671681
vt 0.019915 0.662317
vt 0.024068 0.662561
vt 0.028503 0.662638
vt 0.033021 0.662626
vt 0.028847 0.620413
vt 0.033726 0.620373
vt 0.038494 0.620276
vt 0.019539 0.620303
vt 0.024049 0.620392
vt 0.011617 0.620106
vt 0.015452 0.620173
vt 0.348039 0.366803
vt 0.340618 0.366897
vt 0.332971 0.367062
vt 0.189585 0.815797
vt 0.196480 0.815840
vt 0.181130 0.815849
vt 0.322699 0.367523
vt 0.318708 0.367838
vt 0.314873 0.368098
vt 0.356992 0.366733
vt 0.353243 0.366788
vt 0.746748 0.051430
vt 0.751476 0.051720
vt 0.756056 0.052006
vt 0.737606 0.050884
vt 0.742071 0.051148
vt 0.729483 0.050584
vt 0.733452 0.050675
vt 0.760344 0.052310
vt 0.764450 0.052711
vt 0.203492 0.815948
vt 0.205955 0.816024
vt 0.208418 0.816202
vt 0.327147 0.367264
vt 0.043018 0.620155
vt 0.047389 0.620107
vt 0.619508 0.011286
vt 0.619621 0.043882
vt 0.622098 0.011286
vt 0.622315 0.044784
vt 0.205779 0.461535
vt 0.208262 0.461534
vt 0.213082 0.461530
vt 0.211655 0.461531
vt 0.214353 0.461529
vt 0.836459 0.159188
vt 0.841697 0.158993
vt 0.841986 0.192817
vt 0.836725 0.192669
vt 0.846935 0.158797
vt 0.847261 0.193311
vt 0.461905 0.016474
vt 0.463004 0.050544
vt 0.625988 0.010654
vt 0.626722 0.010654
vt 0.627219 0.044979
vt 0.626413 0.045171
vt 0.627456 0.010654
vt 0.628300 0.045723
vt 0.629036 0.010654
vt 0.629893 0.047621
vt 0.630617 0.010654
vt 0.631760 0.050456
vt 0.469383 0.101426
vt 0.470867 0.102364
vt 0.449469 0.127544
vt 0.450210 0.127441
vt 0.452183 0.125932
vt 0.456253 0.145097
vt 0.456576 0.120034
vt 0.224489 0.474623
vt 0.222678 0.470097
vt 0.225745 0.478707
vt 0.223735 0.500871
vt 0.222712 0.495823
vt 0.215477 0.461715
vt 0.217145 0.463019
vt 0.219864 0.466100
vt 0.448492 0.129160
vt 0.448927 0.127819
vt 0.447236 0.148299
vt 0.449686 0.102147
vt 0.449926 0.098222
vt 0.200768 0.815898
vt 0.200938 0.828124
vt 0.200586 0.802747
vt 0.201395 0.858182
vt 0.201725 0.867792
vt 0.201222 0.848573
vt 0.201086 0.838811
vt 0.970106 0.500601
vt 0.968808 0.505691
vt 0.968894 0.501049
vt 0.970265 0.497355
vt 0.967510 0.510781
vt 0.967211 0.503859
vt 0.974172 0.490421
vt 0.973437 0.490421
vt 0.973667 0.489842
vt 0.974628 0.489705
vt 0.972915 0.490848
vt 0.972737 0.490852
vt 0.893511 0.815817
vt 0.893511 0.811567
vt 0.894144 0.809005
vt 0.894233 0.812397
vt 0.893511 0.807317
vt 0.894055 0.805613
vt 0.894598 0.803908
vt 0.894777 0.806443
vt 0.894956 0.808978
vt 0.426384 0.231138
vt 0.429611 0.230092
vt 0.426077 0.227377
vt 0.429539 0.226324
vt 0.444662 0.157531
vt 0.441674 0.168050
vt 0.434166 0.223701
vt 0.436883 0.191388
vt 0.438768 0.191276
vt 0.435899 0.221471
vt 0.902450 0.708015
vt 0.902370 0.702513
vt 0.902416 0.713518
vt 0.392311 0.973859
vt 0.386977 0.972952
vt 0.386987 0.971315
vt 0.392320 0.972146
vt 0.381644 0.972044
vt 0.381653 0.970483
vt 0.690195 0.826998
vt 0.688261 0.822765
vt 0.690020 0.829564
vt 0.672629 0.864259
vt 0.670366 0.867440
vt 0.674316 0.862207
vt 0.928860 0.840113
vt 0.929469 0.839868
vt 0.929626 0.856117
vt 0.928860 0.856877
vt 0.929783 0.872366
vt 0.928860 0.873640
vt 0.981848 0.920792
vt 0.980300 0.921367
vt 0.983408 0.920423
vt 0.614827 0.965483
vt 0.613057 0.966060
vt 0.616565 0.964998
vt 0.144275 0.905417
vt 0.144307 0.884426
vt 0.144162 0.926410
vt 0.475976 0.924616
vt 0.474298 0.922185
vt 0.477369 0.926980
vt 0.817852 0.905902
vt 0.816873 0.884309
vt 0.818480 0.927490
vt 0.449655 0.062329
vt 0.450309 0.061867
vt 0.449624 0.022510
vt 0.450403 0.022488
vt 0.964915 0.510781
vt 0.964922 0.504866
vt 0.977340 0.490421
vt 0.975756 0.490421
vt 0.975900 0.489673
vt 0.977340 0.489629
vt 0.877439 0.162033
vt 0.876269 0.160265
vt 0.878187 0.163723
vt 0.200447 0.789443
vt 0.200496 0.776139
vt 0.676976 0.806313
vt 0.684368 0.815633
vt 0.682534 0.815308
vt 0.674836 0.806188
vt 0.450016 0.238193
vt 0.448629 0.239158
vt 0.465850 0.246613
vt 0.463727 0.246956
vt 0.971404 0.495511
vt 0.971569 0.493662
vt 0.971749 0.491671
vt 0.825983 0.159580
vt 0.831221 0.159384
vt 0.831471 0.192696
vt 0.826231 0.193070
vt 0.831604 0.223055
vt 0.826478 0.226560
vt 0.210323 0.443137
vt 0.210140 0.461532
vt 0.209901 0.488904
vt 0.742115 0.816068
vt 0.739150 0.818864
vt 0.745543 0.817917
vt 0.742331 0.820300
vt 0.753272 0.817194
vt 0.754763 0.816159
vt 0.751850 0.818000
vt 0.216206 0.050519
vt 0.216202 0.044391
vt 0.216160 0.027804
vt 0.216177 0.033363
vt 0.216192 0.038895
vt 0.215626 0.343706
vt 0.216182 0.303962
vt 0.216138 0.130506
vt 0.215863 0.171582
vt 0.211896 0.192613
vt 0.211902 0.203512
vt 0.216003 0.259364
vt 0.931944 0.947738
vt 0.931584 0.943597
vt 0.930701 0.937360
vt 0.929074 0.927588
vt 0.926927 0.915642
vt 0.895379 0.916391
vt 0.896654 0.917017
vt 0.945063 0.313586
vt 0.944355 0.316850
vt 0.948657 0.313950
vt 0.947970 0.317290
vt 0.937256 0.189087
vt 0.940770 0.189097
vt 0.933723 0.189001
vt 0.972144 0.480553
vt 0.971758 0.479153
vt 0.971404 0.477752
vt 0.971938 0.489645
vt 0.972144 0.487619
vt 0.391074 0.768154
vt 0.392728 0.768174
vt 0.389420 0.768167
vt 0.104149 0.970459
vt 0.105916 0.970448
vt 0.107683 0.970448
vt 0.109449 0.970448
vt 0.111215 0.970459
vt 0.626078 0.213201
vt 0.626634 0.231982
vt 0.627097 0.252706
vt 0.212181 0.281700
vt 0.209662 0.522454
vt 0.209458 0.559127
vt 0.626835 0.509666
vt 0.626809 0.529834
vt 0.626838 0.549079
vt 0.956854 0.643260
vt 0.964976 0.644427
vt 0.973169 0.645446
vt 0.627273 0.271824
vt 0.627269 0.289657
vt 0.627234 0.307126
vt 0.627201 0.323700
vt 0.627151 0.349482
vt 0.627137 0.356699
vt 0.627121 0.364811
vt 0.627092 0.379059
vt 0.627049 0.401157
vt 0.626991 0.430566
vt 0.626931 0.461266
vt 0.626879 0.487452
vt 0.212305 0.010964
vt 0.212257 0.016536
vt 0.212308 0.076934
vt 0.212293 0.094654
vt 0.212279 0.108546
vt 0.212116 0.151039
vt 0.211965 0.225710
vt 0.212004 0.236878
vt 0.864948 0.919631
vt 0.878290 0.919021
vt 0.973148 0.544681
vt 0.973833 0.538385
vt 0.976046 0.540334
vt 0.975704 0.546436
vt 0.974517 0.532089
vt 0.976388 0.534233
vt 0.978259 0.536376
vt 0.978259 0.542284
vt 0.978259 0.548191
vt 0.627173 0.338346
vt 0.642884 0.736803
vt 0.641234 0.736841
vt 0.644534 0.736843
vt 0.211319 0.380277
vt 0.210953 0.402154
vt 0.210604 0.423040
vt 0.825983 0.268524
vt 0.832213 0.265313
vt 0.834385 0.276968
vt 0.831493 0.276996
vt 0.837282 0.285506
vt 0.837003 0.285467
vt 0.831605 0.247219
vt 0.826231 0.247542
vt 0.210431 0.433805
vt 0.212185 0.324772
vt 0.625146 0.183838
vt 0.625618 0.198916
vt 0.623864 0.137341
vt 0.624533 0.162600
vt 0.211536 0.367331
vt 0.211928 0.214567
s 1
usemtl Fighter232
f 171/1/1 1657/2/2 4075/3/3 1738/4/4
f 1657/2/2 30/5/5 1380/6/6 4075/3/3
f 4075/3/3 1380/6/6 4/7/7 1626/8/8
f 1738/4/4 4075/3/3 1626/8/8 145/9/9
f 18/10/10 1476/11/11 4076/12/12 1404/13/13
f 86/14/14 1541/15/15 4076/12/12 1476/11/11
f 77/16/16 1469/17/17 4076/12/12 1541/15/15
f 515/18/18 2356/19/19 4076/12/12 1469/17/17
f 19/20/20 1404/13/13 4076/12/12 2356/19/19
f 113/21/21 1500/22/22 4077/23/23 1570/24/24
f 1500/22/22 34/25/25 1425/26/26 4077/23/23
f 4077/23/23 1425/26/26 3/27/27 1381/28/28
f 1570/24/24 4077/23/23 1381/28/28 40/29/29
f 630/30/30 2574/31/31 4078/32/32 2591/33/33
f 2574/31/31 33/34/34 1424/35/35 4078/32/32
f 4078/32/32 1424/35/35 2/36/36 1382/37/37
f 2591/33/33 4078/32/32 1382/37/37 621/38/38
f 31/39/39 1385/40/40 4079/41/41 2353/42/42
f 1385/40/40 6/43/43 1384/44/44 4079/41/41
f 4079/41/41 1384/44/44 514/45/45 2365/46/46
f 2353/42/42 4079/41/41 2365/46/46 512/47/47
f 364/48/48 2037/49/49 4080/50/50 2050/51/51
f 2037/49/49 32/52/52 1386/53/53 4080/50/50
f 4080/50/50 1386/53/53 5/54/54 1383/55/55
f 2050/51/51 4080/50/50 1383/55/55 359/56/56
f 616/57/57 2564/58/58 4081/59/59 1734/60/60
f 2564/58/58 607/61/61 1575/62/62 4081/59/59
f 4081/59/59 1575/62/62 119/63/63 1678/64/64
f 1734/60/60 4081/59/59 1678/64/64 187/65/65
f 425/66/66 2225/67/66 4082/68/66 1731/69/66
f 2225/67/67 422/70/68 1388/71/68 4082/68/67
f 4082/68/67 1388/71/68 8/72/68 1634/73/67
f 1731/69/66 4082/68/66 1634/73/66 152/74/66
f 184/75/69 1675/76/70 4083/77/71 1728/78/72
f 1675/76/70 70/79/73 1397/80/74 4083/77/71
f 4083/77/71 1397/80/74 16/81/75 1638/82/76
f 1728/78/72 4083/77/71 1638/82/76 156/83/77
f 134/84/78 1623/85/79 4084/86/80 1554/87/81
f 1623/85/79 126/88/82 1581/89/83 4084/86/80
f 4084/86/80 1581/89/83 16/90/75 1397/91/74
f 1554/87/81 4084/86/80 1397/91/74 70/92/73
f 145/9/9 1626/8/8 4085/93/84 1725/94/85
f 1626/8/8 4/7/7 1401/95/86 4085/93/84
f 4085/93/84 1401/95/86 28/96/87 1641/97/88
f 1725/94/85 4085/93/84 1641/97/88 159/98/89
f 159/98/89 1641/97/88 4086/99/90 1723/100/91
f 1641/97/88 28/96/87 1412/101/92 4086/99/90
f 4086/99/90 1412/101/92 27/102/93 1644/103/94
f 1723/100/91 4086/99/90 1644/103/94 161/104/95
f 161/104/95 1644/103/94 4087/105/96 1721/106/97
f 1644/103/94 27/102/93 1411/107/98 4087/105/96
f 4087/105/96 1411/107/98 26/108/99 1647/109/100
f 1721/106/97 4087/105/96 1647/109/100 163/110/101
f 163/110/101 1647/109/100 4088/111/102 1719/112/103
f 1647/109/100 26/108/99 1410/113/104 4088/111/102
f 4088/111/102 1410/113/104 25/114/105 1650/115/106
f 1719/112/103 4088/111/102 1650/115/106 165/116/107
f 46/117/108 2355/118/109 4089/119/110 2391/120/111
f 2355/118/109 514/45/45 2385/121/112 4089/119/110
f 4089/119/110 2385/121/112 528/122/113 2399/123/114
f 2391/120/111 4089/119/110 2399/123/114 534/124/115
f 71/125/116 1464/126/117 4090/127/118 1547/128/119
f 1464/126/117 517/129/120 2366/130/121 4090/127/118
f 4090/127/118 2366/130/121 515/18/18 1469/17/17
f 1547/128/119 4090/127/118 1469/17/17 77/16/16
f 78/131/122 1470/132/123 4091/133/124 1540/134/125
f 483/135/126 2300/136/127 4091/133/124 1470/132/123
f 77/16/16 1541/15/15 4091/133/124 2300/136/127
f 86/14/14 1477/137/128 4091/133/124 1541/15/15
f 87/138/129 1540/134/125 4091/133/124 1477/137/128
f 40/139/29 1381/140/28 4092/141/130 1532/142/131
f 1381/140/28 3/143/27 1406/144/132 4092/141/130
f 4092/141/130 1406/144/132 21/145/133 1481/146/134
f 1532/142/131 4092/141/130 1481/146/134 92/147/135
f 92/148/136 1481/149/137 4093/150/138 1526/151/139
f 1481/149/137 21/152/133 1407/153/140 4093/150/138
f 4093/150/138 1407/153/140 22/154/141 1487/155/142
f 1526/151/139 4093/150/138 1487/155/142 98/156/143
f 98/157/143 1487/158/142 4094/159/144 1520/160/145
f 1487/158/142 22/161/141 1408/162/146 4094/159/144
f 4094/159/144 1408/162/146 23/163/147 1493/164/148
f 1520/160/145 4094/159/144 1493/164/148 104/165/149
f 104/165/149 1493/164/148 4095/166/150 1518/167/151
f 1493/164/148 23/163/147 1409/168/152 4095/166/150
f 4095/166/150 1409/168/152 24/169/153 1494/170/154
f 1518/167/151 4095/166/150 1494/170/154 105/171/155
f 635/172/156 1387/173/157 4096/174/158 2646/175/159
f 1387/173/157 5/176/54 1402/177/160 4096/174/158
f 4096/174/158 1402/177/160 17/178/161 2596/179/162
f 2646/175/159 4096/174/158 2596/179/162 639/180/163
f 639/181/163 2596/182/162 4097/183/164 2645/184/165
f 2596/182/162 17/185/161 2276/186/166 4097/183/164
f 4097/183/164 2276/186/166 315/187/167 2604/188/168
f 2645/184/165 4097/183/164 2604/188/168 647/189/169
f 167/190/170 2292/191/171 4098/192/172 1654/193/173
f 2292/191/171 316/194/174 2283/195/175 4098/192/172
f 4098/192/172 2283/195/175 319/196/176 2291/197/177
f 1654/193/173 4098/192/172 2291/197/177 168/198/178
f 144/199/179 1379/200/180 4099/201/181 1715/202/182
f 1379/200/183 2/203/36 1424/204/35 4099/201/184
f 4099/201/184 1424/204/35 33/205/34 1655/206/185
f 1715/202/186 4099/201/186 1655/206/187 169/207/188
f 419/208/189 2154/209/190 4100/210/191 2049/211/192
f 2154/209/190 392/212/193 1423/213/194 4100/210/191
f 4100/210/191 1423/213/194 32/52/52 2037/49/49
f 2049/211/192 4100/210/191 2037/49/49 364/48/48
f 404/214/195 2153/215/196 4101/216/197 1517/217/198
f 2153/215/196 511/218/199 2361/219/200 4101/216/197
f 4101/216/197 2361/219/200 516/220/201 1495/221/202
f 1517/217/198 4101/216/197 1495/221/202 107/222/203
f 632/223/204 2576/224/205 4102/225/206 2590/226/207
f 2576/224/205 90/227/208 2086/228/209 4102/225/206
f 4102/225/206 2086/228/209 33/34/34 2574/31/31
f 2590/226/207 4102/225/206 2574/31/31 630/30/30
f 398/229/210 2151/230/211 4103/231/212 1511/232/213
f 2151/230/211 388/233/214 2087/234/215 4103/231/212
f 4103/231/212 2087/234/215 34/235/25 1500/236/22
f 1511/232/216 4103/231/212 1500/236/22 113/237/21
f 407/238/217 2150/239/218 4104/240/219 1713/241/220
f 2150/239/221 390/242/222 1421/243/223 4104/240/224
f 4104/240/224 1421/243/223 30/244/5 1657/245/2
f 1713/241/225 4104/240/224 1657/245/2 171/246/1
f 392/212/193 2149/247/226 4105/248/227 1423/213/194
f 2149/247/226 393/249/228 1506/250/229 4105/248/227
f 4105/248/227 1506/250/229 118/251/230 1430/252/231
f 1423/213/194 4105/248/227 1430/252/231 32/52/52
f 393/249/228 2148/253/232 4106/254/233 1506/250/229
f 2148/253/232 394/255/234 1507/256/235 4106/254/233
f 4106/254/233 1507/256/235 117/257/236 1505/258/237
f 1506/250/229 4106/254/233 1505/258/237 118/251/230
f 410/259/238 2147/260/239 4107/261/240 1918/262/241
f 2147/260/239 395/263/242 1508/264/243 4107/261/240
f 4107/261/240 1508/264/243 116/265/244 1909/266/245
f 1918/262/241 4107/261/240 1909/266/245 289/267/246
f 395/263/242 2146/268/247 4108/269/248 1508/264/243
f 2146/268/247 396/270/249 1509/271/250 4108/269/248
f 4108/269/248 1509/271/251 115/272/252 1503/273/253
f 1508/264/243 4108/269/248 1503/273/253 116/265/244
f 396/270/249 2145/274/254 4109/275/255 1509/271/250
f 2145/274/254 397/276/256 1510/277/257 4109/275/255
f 4109/275/258 1510/277/259 114/278/260 1502/279/261
f 1509/271/251 4109/275/258 1502/279/261 115/272/252
f 397/276/256 2144/280/262 4110/281/263 1510/277/257
f 2144/280/262 398/229/210 1511/232/213 4110/281/263
f 4110/281/264 1511/232/216 113/237/21 1501/282/265
f 1510/277/259 4110/281/264 1501/282/265 114/278/260
f 390/283/266 2143/284/267 4111/285/268 1421/286/269
f 2143/284/270 559/287/271 2446/288/272 4111/285/273
f 4111/285/273 2446/288/272 551/289/274 1428/290/275
f 1421/286/269 4111/285/268 1428/290/276 30/291/277
f 399/292/278 2142/293/279 4112/294/280 1512/295/281
f 2142/293/279 400/296/282 1513/297/283 4112/294/280
f 4112/294/280 1513/297/283 111/298/284 1499/299/285
f 1512/295/281 4112/294/280 1499/299/285 112/300/286
f 400/296/282 2141/301/287 4113/302/288 1513/297/283
f 2141/301/287 508/303/289 2348/304/290 4113/302/288
f 4113/302/288 2348/304/290 509/305/291 1498/306/292
f 1513/297/283 4113/302/288 1498/306/292 111/298/284
f 401/307/293 2140/308/294 4114/309/295 1514/310/296
f 2140/308/294 503/311/297 2334/312/298 4114/309/295
f 4114/309/295 2334/312/298 498/313/299 1497/314/300
f 1514/310/296 4114/309/295 1497/314/300 110/315/301
f 677/316/302 2102/317/303 4115/318/304 2752/319/305
f 2102/317/303 403/320/306 2315/321/307 4115/318/304
f 4115/318/304 2315/321/307 492/322/308 2322/323/309
f 2752/319/305 4115/318/304 2322/323/309 703/324/310
f 403/320/306 2138/325/311 4116/326/312 1516/327/313
f 2138/325/311 488/328/314 2309/329/315 4116/326/312
f 4116/326/312 2309/329/315 485/330/316 1496/331/317
f 1516/327/313 4116/326/312 1496/331/317 108/332/318
f 315/187/319 2277/333/320 4117/334/321 2290/335/322
f 2277/333/320 318/336/323 2296/337/324 4117/334/321
f 4117/334/325 2296/337/326 322/338/327 1965/339/328
f 2290/335/329 4117/334/325 1965/339/328 321/340/330
f 17/341/161 1417/342/331 4118/343/332 2276/344/166
f 1417/342/331 97/345/333 1521/346/334 4118/343/332
f 4118/343/332 1521/346/334 103/347/335 2278/348/336
f 2276/344/166 4118/343/332 2278/348/336 315/349/319
f 97/345/333 1486/350/337 4119/351/338 1521/346/334
f 1486/350/337 96/352/339 1522/353/340 4119/351/338
f 4119/351/338 1522/353/340 102/354/341 1492/355/342
f 1521/346/334 4119/351/338 1492/355/342 103/347/335
f 287/356/343 1906/357/344 4120/358/345 1917/359/346
f 1906/357/344 95/360/347 1523/361/348 4120/358/345
f 4120/358/345 1523/361/348 101/362/349 1907/363/350
f 1917/359/346 4120/358/345 1907/363/350 288/364/351
f 95/365/347 1484/366/352 4121/367/353 1523/368/348
f 1484/366/352 94/369/354 1524/370/355 4121/367/353
f 4121/367/353 1524/370/355 100/371/356 1490/372/357
f 1523/368/348 4121/367/353 1490/372/357 101/373/349
f 94/369/354 1483/374/358 4122/375/359 1524/370/355
f 1483/374/358 93/376/360 1525/377/361 4122/375/359
f 4122/375/359 1525/377/361 99/378/362 1489/379/363
f 1524/370/355 4122/375/359 1489/379/363 100/371/356
f 93/376/360 1482/380/364 4123/381/365 1525/377/361
f 1482/380/364 92/148/136 1526/151/139 4123/381/365
f 4123/381/365 1526/151/139 98/156/143 1488/382/366
f 1525/377/361 4123/381/365 1488/382/366 99/378/362
f 5/176/54 1431/383/367 4124/384/368 1402/177/160
f 1431/383/367 35/385/369 1527/386/370 4124/384/368
f 4124/384/368 1527/386/370 97/387/333 1417/388/331
f 1402/177/160 4124/384/368 1417/388/331 17/178/161
f 35/385/369 1432/389/371 4125/390/372 1527/386/370
f 1432/389/371 36/391/373 1528/392/374 4125/390/372
f 4125/390/372 1528/392/374 96/393/375 1486/394/376
f 1527/386/370 4125/390/372 1486/394/376 97/387/333
f 283/395/377 1433/396/378 4126/397/379 1916/398/380
f 1433/396/378 37/399/381 1529/400/382 4126/397/379
f 4126/397/379 1529/400/382 95/401/383 1906/402/384
f 1916/398/380 4126/397/379 1906/402/384 287/403/385
f 37/399/381 1434/404/386 4127/405/387 1529/400/382
f 1434/404/386 38/406/388 1530/407/389 4127/405/387
f 4127/405/387 1530/407/389 94/408/390 1484/409/391
f 1529/400/382 4127/405/387 1484/409/391 95/401/383
f 38/406/388 1435/410/392 4128/411/393 1530/407/389
f 1435/410/392 39/412/394 1531/413/395 4128/411/393
f 4128/411/393 1531/413/395 93/414/396 1483/415/397
f 1530/407/389 4128/411/393 1483/415/397 94/408/390
f 39/412/394 1436/416/398 4129/417/399 1531/413/395
f 1436/416/398 40/29/29 1532/418/131 4129/417/399
f 4129/417/399 1532/418/131 92/419/135 1482/420/400
f 1531/413/395 4129/417/399 1482/420/400 93/414/396
f 26/421/401 1415/422/402 4130/423/403 1410/424/404
f 1415/422/402 553/425/405 2435/426/406 4130/423/403
f 4130/423/403 2435/426/406 555/427/407 1416/428/408
f 1410/424/404 4130/423/403 1416/428/408 25/429/409
f 385/430/410 1534/431/411 4131/432/412 1586/433/413
f 1534/431/411 128/434/414 2260/435/415 4131/432/412
f 4131/432/416 2260/435/417 473/436/418 2253/437/419
f 1586/433/420 4131/432/416 2253/437/419 476/438/421
f 83/439/422 1535/440/423 4132/441/424 1480/442/425
f 1535/440/423 89/443/426 2082/444/427 4132/441/424
f 4132/441/424 2082/444/427 382/445/428 2076/446/429
f 1480/442/425 4132/441/424 2076/446/429 379/447/430
f 79/448/431 1904/449/432 4133/450/433 1539/451/434
f 494/452/435 2317/453/436 4133/450/433 1904/449/432
f 78/131/122 1540/134/125 4133/450/433 2317/453/436
f 87/138/129 1905/454/437 4133/450/433 1540/134/125
f 88/455/438 1539/451/434 4133/450/433 1905/454/437
f 402/456/439 2139/457/440 4134/458/441 1515/459/442
f 2139/457/440 492/322/308 2324/460/443 4134/458/441
f 4134/458/441 2324/460/443 491/461/444 1908/462/445
f 1515/459/442 4134/458/441 1908/462/445 109/463/446
f 80/464/447 1471/465/448 4135/466/449 1538/467/450
f 501/468/451 2330/469/452 4135/466/449 1471/465/448
f 79/448/431 1539/451/434 4135/466/449 2330/469/452
f 88/455/438 1478/470/453 4135/466/449 1539/451/434
f 89/443/426 1535/440/423 4135/466/449 1478/470/453
f 83/439/422 1538/467/450 4135/466/449 1535/440/423
f 27/471/454 1414/472/455 4136/473/456 1411/474/457
f 1414/472/455 552/475/458 2433/476/459 4136/473/456
f 4136/473/456 2433/476/459 553/425/405 1415/422/402
f 1411/474/457 4136/473/456 1415/422/402 26/421/401
f 82/477/460 1473/478/461 4137/479/462 1536/480/463
f 1473/478/461 81/481/464 1537/482/465 4137/479/462
f 4137/479/462 1537/482/465 84/483/466 1475/484/467
f 1536/480/463 4137/479/462 1475/484/467 85/485/468
f 81/481/464 1472/486/469 4138/487/470 1537/482/465
f 507/488/471 2342/489/472 4138/487/470 1472/486/469
f 80/464/447 1538/467/450 4138/487/470 2342/489/472
f 83/439/422 1474/490/473 4138/487/470 1538/467/450
f 84/483/466 1537/482/465 4138/487/470 1474/490/473
f 301/491/474 1935/492/475 4139/493/476 2293/494/477
f 1935/492/478 303/495/479 2294/496/480 4139/493/481
f 4139/493/481 2294/496/480 317/497/482 2280/498/482
f 2293/494/477 4139/493/476 2280/498/483 18/499/483
f 28/500/484 1413/501/485 4140/502/486 1412/503/487
f 1413/501/485 554/504/488 2434/505/489 4140/502/486
f 4140/502/486 2434/505/489 552/475/458 1414/472/455
f 1412/503/487 4140/502/486 1414/472/455 27/471/454
f 76/506/490 1468/507/491 4141/508/492 1542/509/493
f 1468/507/491 75/510/494 1543/511/495 4141/508/492
f 4141/508/492 1543/511/495 81/481/464 1473/478/461
f 1542/509/493 4141/508/492 1473/478/461 82/477/460
f 75/510/494 1467/512/496 4142/513/497 1543/511/495
f 1467/512/496 510/514/498 2346/515/499 4142/513/497
f 4142/513/497 2346/515/499 507/488/471 1472/486/469
f 1543/511/495 4142/513/497 1472/486/469 81/481/464
f 74/516/500 1466/517/501 4143/518/502 1544/519/503
f 1466/517/501 499/520/504 2337/521/505 4143/518/502
f 4143/518/502 2337/521/505 501/468/451 1471/465/448
f 1544/519/503 4143/518/502 1471/465/448 80/464/447
f 72/522/506 1465/523/507 4144/524/508 1546/525/509
f 1465/523/507 486/526/510 2310/527/511 4144/524/508
f 4144/524/508 2310/527/511 483/135/126 1470/132/123
f 1546/525/509 4144/524/508 1470/132/123 78/131/122
f 4/528/512 2426/529/513 4145/530/514 1401/531/515
f 2426/529/516 550/532/517 2436/533/518 4145/530/514
f 4145/530/514 2436/533/518 554/504/488 1413/501/485
f 1401/531/515 4145/530/514 1413/501/485 28/500/484
f 41/534/519 1438/535/520 4146/536/521 1548/537/522
f 42/538/523 2393/539/524 4146/536/521 1438/535/520
f 536/540/525 1549/541/526 4146/536/521 2393/539/524
f 75/510/494 1468/507/491 4146/536/521 1549/541/526
f 76/506/490 1548/537/522 4146/536/521 1468/507/491
f 42/538/523 2339/542/527 4147/543/528 2393/539/524
f 2339/542/527 504/544/529 2388/545/530 4147/543/528
f 4147/543/528 2388/545/530 531/546/531 2400/547/532
f 2393/539/524 4147/543/528 2400/547/532 536/540/525
f 43/548/533 2331/549/534 4148/550/535 2389/551/536
f 2331/549/534 502/552/537 2392/553/538 4148/550/535
f 4148/550/535 2392/553/538 535/554/539 2396/555/540
f 2389/551/536 4148/550/535 2396/555/540 532/556/541
f 73/557/542 1903/558/543 4149/559/544 1545/560/545
f 1903/558/543 495/561/546 2321/562/547 4149/559/544
f 4149/559/544 2321/562/547 494/452/435 1904/449/432
f 1545/560/545 4149/559/544 1904/449/432 79/448/431
f 45/563/548 2301/564/549 4150/565/550 2394/566/551
f 2301/564/549 484/567/552 2390/568/553 4150/565/550
f 4150/565/550 2390/568/553 533/569/554 2398/570/555
f 2394/566/551 4150/565/550 2398/570/555 537/571/556
f 129/572/557 1587/573/558 4151/574/559 1621/575/560
f 1587/573/558 66/576/561 1459/577/562 4151/574/559
f 4151/574/559 1459/577/562 65/578/563 1585/579/564
f 1621/575/560 4151/574/559 1585/579/564 128/580/565
f 130/581/566 1589/582/567 4152/583/568 1620/584/569
f 1589/582/567 67/585/570 1460/586/571 4152/583/568
f 4152/583/568 1460/586/571 66/576/561 1587/573/558
f 1620/584/569 4152/583/568 1587/573/558 129/572/557
f 131/587/572 1591/588/573 4153/589/574 1619/590/575
f 1591/588/573 68/591/576 1461/592/577 4153/589/574
f 4153/589/574 1461/592/577 67/585/570 1589/582/567
f 1619/590/575 4153/589/574 1589/582/567 130/581/566
f 125/593/578 1617/594/579 4154/595/580 1399/596/581
f 1617/594/579 137/597/582 1555/598/583 4154/595/580
f 4154/595/580 1555/598/583 59/599/584 1453/600/585
f 1399/596/581 4154/595/580 1453/600/585 15/601/586
f 102/354/341 1556/602/587 4155/603/588 1492/355/342
f 136/604/589 1597/605/590 4155/603/588 1556/602/587
f 135/606/591 1596/607/592 4155/603/588 1597/605/590
f 106/608/593 1519/609/594 4155/603/588 1596/607/592
f 103/347/335 1492/355/342 4155/603/588 1519/609/594
f 128/580/565 1585/579/564 4156/610/595 1584/611/596
f 65/578/563 1458/612/597 4156/610/595 1585/579/564
f 13/613/598 1583/614/599 4156/610/595 1458/612/597
f 25/429/409 1416/428/408 4156/610/595 1583/614/599
f 555/427/407 2431/615/600 4156/610/595 1416/428/408
f 549/616/601 2420/617/602 4156/610/595 2431/615/600
f 564/618/603 2451/619/604 4156/610/595 2420/617/602
f 91/620/605 1584/611/596 4156/610/595 2451/619/604
f 133/621/606 1595/622/607 4157/623/608 1618/624/609
f 134/84/78 1554/87/81 4157/623/608 1595/622/607
f 70/92/73 1463/625/610 4157/623/608 1554/87/81
f 69/626/611 1593/627/612 4157/623/608 1463/625/610
f 132/628/613 1618/624/609 4157/623/608 1593/627/612
f 64/629/614 1457/630/615 4158/631/616 1599/632/617
f 63/633/618 1456/634/619 4158/631/616 1457/630/615
f 62/635/620 1455/636/621 4158/631/616 1456/634/619
f 61/637/622 1915/638/623 4158/631/616 1455/636/621
f 285/639/624 1901/640/625 4158/631/616 1915/638/623
f 60/641/626 1613/642/627 4158/631/616 1901/640/625
f 102/354/341 1491/643/628 4158/631/616 1613/642/627
f 288/364/351 1907/363/350 4158/631/616 1491/643/628
f 101/362/349 1490/644/357 4158/631/616 1907/363/350
f 100/645/356 1489/646/363 4158/631/616 1490/644/357
f 99/647/362 1488/648/366 4158/631/616 1489/646/363
f 98/157/143 1520/160/145 4158/631/616 1488/648/366
f 104/165/149 1518/167/151 4158/631/616 1520/160/145
f 105/171/155 1599/632/617 4158/631/616 1518/167/151
f 154/649/629 1635/650/630 4159/651/631 1711/652/632
f 1635/650/633 13/653/598 1458/654/597 4159/651/631
f 4159/651/631 1458/654/597 65/655/563 1660/656/634
f 1711/652/632 4159/651/631 1660/656/634 173/657/635
f 173/657/635 1660/656/634 4160/658/636 1709/659/637
f 1660/656/634 65/655/563 1459/660/562 4160/658/636
f 4160/658/636 1459/660/562 66/661/561 1663/662/638
f 1709/659/637 4160/658/636 1663/662/638 175/663/639
f 175/663/639 1663/662/638 4161/664/640 1707/665/641
f 1663/662/638 66/661/561 1460/666/571 4161/664/640
f 4161/664/640 1460/666/571 67/667/570 1666/668/642
f 1707/665/641 4161/664/640 1666/668/642 177/669/643
f 177/669/643 1666/668/642 4162/670/644 1705/671/645
f 1666/668/642 67/667/570 1461/672/577 4162/670/644
f 4162/670/644 1461/672/577 68/673/576 1669/674/646
f 1705/671/645 4162/670/644 1669/674/646 179/675/647
f 30/291/277 1428/290/276 4163/676/648 1380/677/649
f 1428/290/275 551/289/274 2432/678/650 4163/676/651
f 4163/676/651 2432/678/650 550/532/517 2426/529/516
f 1380/677/649 4163/676/648 2426/529/513 4/528/512
f 112/300/286 1499/299/285 4164/679/652 1559/680/653
f 111/298/284 2372/681/654 4164/679/652 1499/299/285
f 524/682/655 1560/683/656 4164/679/652 2372/681/654
f 42/538/523 1438/535/520 4164/679/652 1560/683/656
f 41/534/519 1559/680/653 4164/679/652 1438/535/520
f 111/298/284 1498/306/292 4165/684/657 2372/681/654
f 1498/306/292 509/305/291 2374/685/658 4165/684/657
f 4165/684/657 2374/685/658 526/686/659 2384/687/660
f 2372/681/654 4165/684/657 2384/687/660 524/682/655
f 110/315/301 1497/314/300 4166/688/661 2367/689/662
f 1497/314/300 498/313/299 2368/690/663 4166/688/661
f 4166/688/661 2368/690/663 520/691/664 2378/692/665
f 2367/689/662 4166/688/661 2378/692/665 519/693/666
f 44/694/667 2313/695/668 4167/696/669 2387/697/670
f 2313/695/668 490/698/671 2386/699/672 4167/696/669
f 4167/696/669 2386/699/672 529/700/673 2401/701/674
f 2387/697/670 4167/696/669 2401/701/674 530/702/675
f 108/332/318 1496/331/317 4168/703/676 2371/704/677
f 1496/331/317 485/330/316 2373/705/678 4168/703/676
f 4168/703/676 2373/705/678 525/706/679 2382/707/680
f 2371/704/677 4168/703/676 2382/707/680 523/708/681
f 32/52/52 1430/252/231 4169/709/682 1386/53/53
f 1430/252/231 118/251/230 1565/710/683 4169/709/682
f 4169/709/682 1565/710/683 35/711/369 1431/712/367
f 1386/53/53 4169/709/682 1431/712/367 5/54/54
f 118/251/230 1505/258/237 4170/713/684 1565/710/683
f 1505/258/237 117/257/236 1566/714/685 4170/713/684
f 4170/713/684 1566/714/685 36/715/373 1432/716/371
f 1565/710/683 4170/713/684 1432/716/371 35/711/369
f 289/717/246 1909/718/245 4171/719/686 1914/720/687
f 1909/718/245 116/721/244 1567/722/688 4171/719/686
f 4171/719/686 1567/722/688 37/399/381 1433/396/378
f 1914/720/687 4171/719/686 1433/396/378 283/395/377
f 116/721/244 1503/723/253 4172/724/689 1567/722/688
f 1503/723/253 115/725/252 1568/726/690 4172/724/689
f 4172/724/689 1568/726/690 38/406/388 1434/404/386
f 1567/722/688 4172/724/689 1434/404/386 37/399/381
f 115/725/252 1502/727/261 4173/728/691 1568/726/690
f 1502/727/261 114/729/260 1569/730/692 4173/728/691
f 4173/728/691 1569/730/692 39/412/394 1435/410/392
f 1568/726/690 4173/728/691 1435/410/392 38/406/388
f 114/729/260 1501/731/265 4174/732/693 1569/730/692
f 1501/731/265 113/21/21 1570/24/24 4174/732/693
f 4174/732/693 1570/24/24 40/29/29 1436/416/398
f 1569/730/692 4174/732/693 1436/416/398 39/412/394
f 119/733/63 1603/734/694 4175/735/695 1689/736/696
f 1603/734/694 141/737/697 1690/738/698 4175/735/695
f 4175/735/699 1690/738/700 194/739/701 1683/740/702
f 1689/736/703 4175/735/699 1683/740/702 199/741/704
f 613/742/705 2563/743/706 4176/744/707 1609/745/708
f 2563/743/706 608/746/709 1577/747/710 4176/744/707
f 4176/744/707 1577/747/710 122/748/711 1573/749/712
f 1609/745/708 4176/744/707 1573/749/712 142/750/713
f 661/751/714 2618/752/715 4177/753/716 2644/754/717
f 2618/752/715 617/755/718 2281/756/719 4177/753/716
f 4177/753/716 2281/756/719 121/757/720 2597/758/721
f 2644/754/717 4177/753/716 2597/758/721 640/759/722
f 611/760/723 2561/761/724 4178/762/725 1607/763/726
f 2561/761/724 620/764/727 2550/765/728 4178/762/725
f 4178/762/725 2550/765/728 120/766/729 1572/767/730
f 1607/763/726 4178/762/725 1572/767/730 140/768/731
f 617/769/718 2560/770/732 4179/771/733 2281/772/719
f 2560/770/732 609/773/734 1605/774/735 4179/771/733
f 4179/771/733 1605/774/735 138/775/736 1600/776/737
f 2281/772/719 4179/771/733 1600/776/737 121/777/720
f 609/773/734 2559/778/738 4180/779/739 1605/774/735
f 2559/778/738 610/780/740 1606/781/741 4180/779/739
f 4180/779/739 1606/781/741 139/782/742 1601/783/743
f 1605/774/735 4180/779/739 1601/783/743 138/775/736
f 610/780/740 2558/784/744 4181/785/745 1606/781/741
f 2558/784/744 611/760/723 1607/763/726 4181/785/745
f 4181/785/745 1607/763/726 140/768/731 1602/786/746
f 1606/781/741 4181/785/745 1602/786/746 139/782/742
f 607/787/61 2557/788/747 4182/789/748 1575/790/62
f 2557/788/747 612/791/749 1608/792/750 4182/789/748
f 4182/789/748 1608/792/750 141/793/697 1603/794/694
f 1575/790/62 4182/789/748 1603/794/694 119/795/63
f 202/796/751 1696/797/752 4183/798/753 1761/799/754
f 1696/797/752 201/800/755 1760/801/756 4183/798/753
f 4183/798/753 1760/801/756 215/802/757 1753/803/758
f 1761/799/754 4183/798/753 1753/803/758 216/804/759
f 188/805/760 1679/806/761 4184/807/762 1611/808/763
f 1679/806/761 187/809/65 1687/810/764 4184/807/762
f 4184/807/765 1687/810/766 201/811/755 1696/812/752
f 1611/808/767 4184/807/765 1696/812/752 202/813/751
f 310/814/768 1946/815/769 4185/816/770 1950/817/771
f 309/818/772 1951/819/773 4185/816/774 1946/815/775
f 311/820/776 1949/821/777 4185/816/774 1951/819/773
f 313/822/778 1947/823/778 4185/816/774 1949/821/777
f 314/824/779 1948/825/780 4185/816/770 1947/823/779
f 312/826/781 1950/817/771 4185/816/770 1948/825/780
f 18/10/10 1404/13/13 4186/827/782 2293/828/783
f 19/20/20 1941/829/784 4186/827/782 1404/13/13
f 301/830/785 2293/828/783 4186/827/782 1941/829/784
f 137/597/582 1614/831/786 4187/832/787 1555/598/583
f 60/641/626 1454/833/788 4187/832/787 1614/831/786
f 59/599/584 1555/598/583 4187/832/787 1454/833/788
f 318/834/323 2279/835/789 4188/836/790 2282/837/791
f 2279/835/789 106/608/593 1596/607/592 4188/836/790
f 4188/836/790 1596/607/592 135/606/591 1615/838/792
f 2282/837/791 4188/836/790 1615/838/792 123/839/793
f 123/839/793 1615/838/792 4189/840/794 1578/841/795
f 1615/838/792 135/606/591 1597/605/590 4189/840/794
f 4189/840/794 1597/605/590 136/604/589 1616/842/796
f 1578/841/795 4189/840/794 1616/842/796 124/843/797
f 124/843/797 1616/842/796 4190/844/798 1579/845/799
f 1616/842/796 136/604/589 1598/846/800 4190/844/798
f 4190/844/798 1598/846/800 137/597/582 1617/594/579
f 1579/845/799 4190/844/798 1617/594/579 125/593/578
f 87/138/129 1477/137/128 4191/847/801 1592/848/802
f 1477/137/128 86/14/14 1594/849/803 4191/847/801
f 4191/847/801 1594/849/803 133/621/606 1618/624/609
f 1592/848/802 4191/847/801 1618/624/609 132/628/613
f 109/850/446 1908/851/445 4192/852/804 2375/853/805
f 1908/851/445 491/854/444 2370/855/806 4192/852/804
f 4192/852/804 2370/855/806 522/856/807 2376/857/808
f 2375/853/805 4192/852/804 2376/857/808 527/858/809
f 88/455/438 1905/454/437 4193/859/810 1590/860/811
f 1905/454/437 87/138/129 1592/848/802 4193/859/810
f 4193/859/810 1592/848/802 132/628/613 1910/861/812
f 1590/860/811 4193/859/810 1910/861/812 131/587/572
f 89/443/426 1478/470/453 4194/862/813 1588/863/814
f 1478/470/453 88/455/438 1590/860/811 4194/862/813
f 4194/862/813 1590/860/811 131/587/572 1619/590/575
f 1588/863/814 4194/862/813 1619/590/575 130/581/566
f 84/864/466 1474/865/473 4195/866/815 1479/867/816
f 1474/865/473 83/868/422 1480/869/425 4195/866/815
f 4195/866/815 1480/869/425 379/870/430 2070/871/817
f 1479/867/816 4195/866/815 2070/871/817 380/872/818
f 384/873/819 2077/874/820 4196/875/821 2259/876/822
f 2077/874/820 385/430/410 1586/433/413 4196/875/821
f 4196/875/823 1586/433/420 476/438/421 2257/877/824
f 2259/876/825 4196/875/823 2257/877/824 475/878/826
f 24/169/153 1580/879/827 4197/880/828 1494/170/154
f 1580/879/827 14/881/829 1396/882/830 4197/880/828
f 4197/880/828 1396/882/830 64/629/614 1599/632/617
f 1494/170/154 4197/880/828 1599/632/617 105/171/155
f 126/88/82 1623/85/79 4198/883/831 1582/884/832
f 1623/85/79 134/84/78 1595/622/607 4198/883/831
f 4198/883/831 1595/622/607 133/621/606 1622/885/833
f 1582/884/832 4198/883/831 1622/885/833 127/886/834
f 154/887/629 1636/888/835 4199/889/836 1692/890/837
f 1636/888/835 155/891/838 1691/892/839 4199/889/836
f 4199/889/836 1691/892/839 166/893/840 1651/894/841
f 1692/890/837 4199/889/836 1651/894/841 165/116/107
f 86/14/14 1476/11/11 4200/895/842 1594/849/803
f 1476/11/11 18/10/10 1403/896/843 4200/895/842
f 4200/895/842 1403/896/843 127/886/834 1622/885/833
f 1594/849/803 4200/895/842 1622/885/833 133/621/606
f 154/887/629 1692/890/837 4201/897/844 1635/898/630
f 1692/890/837 165/116/107 1650/115/106 4201/897/844
f 4201/897/845 1650/115/106 25/114/105 1583/899/846
f 1635/898/633 4201/897/845 1583/899/846 13/900/598
f 141/737/697 1604/901/847 4202/902/848 1690/738/698
f 1604/901/847 142/903/713 1739/904/849 4202/902/848
f 4202/902/850 1739/904/851 200/905/852 1701/906/853
f 1690/738/700 4202/902/850 1701/906/853 194/739/701
f 200/907/852 1763/908/854 4203/909/855 1701/910/853
f 1763/908/854 214/911/856 1758/912/857 4203/909/855
f 4203/909/855 1758/912/857 208/913/858 1767/914/859
f 1701/910/853 4203/909/855 1767/914/859 194/915/701
f 62/916/620 1668/917/860 4204/918/861 1455/919/621
f 1668/917/860 178/920/862 1704/921/863 4204/918/861
f 4204/918/861 1704/921/863 180/922/864 1671/923/865
f 1455/919/621 4204/918/861 1671/923/865 61/924/622
f 14/925/866 1580/926/827 4205/927/867 1637/928/868
f 1580/926/827 24/929/153 1652/930/869 4205/927/867
f 4205/927/867 1652/930/869 166/893/840 1691/892/839
f 1637/928/868 4205/927/867 1691/892/839 155/891/838
f 142/903/713 1573/931/712 4206/932/870 1739/904/849
f 1573/931/712 122/933/711 1740/934/871 4206/932/870
f 4206/932/872 1740/934/873 192/935/874 1700/936/875
f 1739/904/851 4206/932/872 1700/936/875 200/905/852
f 122/933/711 1574/937/876 4207/938/877 1740/934/871
f 1574/937/876 191/939/878 1743/940/879 4207/938/877
f 4207/938/880 1743/940/881 205/941/882 1698/942/883
f 1740/934/873 4207/938/880 1698/942/883 192/935/874
f 140/943/731 1572/944/730 4208/945/884 1684/946/885
f 1572/944/730 120/947/729 1685/948/886 4208/945/884
f 4208/945/887 1685/948/888 197/949/889 1702/950/890
f 1684/946/891 4208/945/887 1702/950/890 195/951/892
f 205/952/882 1693/953/893 4209/954/894 1768/955/895
f 1693/953/893 204/956/896 1773/957/897 4209/954/894
f 4209/954/894 1773/957/897 218/958/898 1750/959/899
f 1768/955/895 4209/954/894 1750/959/899 219/960/900
f 121/961/720 1600/962/737 4210/963/901 1741/964/902
f 1600/962/737 138/965/736 1744/966/903 4210/963/901
f 4210/963/904 1744/966/905 198/967/906 1612/968/907
f 1741/964/908 4210/963/904 1612/968/907 193/969/909
f 120/947/729 1571/970/910 4211/971/911 1685/948/886
f 1571/970/910 189/972/912 1686/973/913 4211/971/911
f 4211/971/914 1686/973/915 203/974/916 1699/975/917
f 1685/948/888 4211/971/914 1699/975/917 197/949/889
f 138/965/736 1601/976/743 4212/977/918 1744/966/903
f 1601/976/743 139/978/742 1745/979/919 4212/977/918
f 4212/977/920 1745/979/921 196/980/922 1688/981/923
f 1744/966/905 4212/977/920 1688/981/923 198/967/906
f 139/978/742 1602/982/746 4213/983/924 1745/979/919
f 1602/982/746 140/943/731 1684/946/885 4213/983/924
f 4213/983/925 1684/946/891 195/951/892 1610/984/926
f 1745/979/921 4213/983/925 1610/984/926 196/980/922
f 608/746/709 2556/985/927 4214/986/928 1577/747/710
f 2556/985/927 618/987/929 2286/988/930 4214/986/928
f 4214/986/928 2286/988/930 191/989/878 1574/990/876
f 1577/747/710 4214/986/928 1574/990/876 122/748/711
f 143/991/931 1625/992/932 4215/993/933 1714/994/934
f 1625/992/932 144/199/179 1715/202/182 4215/993/933
f 4215/993/935 1715/202/936 169/207/936 1656/995/937
f 1714/994/938 4215/993/935 1656/995/937 170/996/939
f 187/809/65 1678/997/64 4216/998/940 1687/810/764
f 1678/997/64 119/733/63 1689/736/696 4216/998/940
f 4216/998/941 1689/736/703 199/741/704 1697/999/942
f 1687/810/766 4216/998/941 1697/999/942 201/811/755
f 189/972/912 1680/1000/943 4217/1001/944 1686/973/913
f 1680/1000/943 188/805/760 1611/808/763 4217/1001/944
f 4217/1001/945 1611/808/767 202/813/751 1695/1002/946
f 1686/973/915 4217/1001/945 1695/1002/946 203/974/916
f 640/1003/722 2597/1004/721 4218/1005/947 2643/1006/948
f 2597/1004/721 121/961/720 1741/964/902 4218/1005/947
f 4218/1005/949 1741/964/908 193/969/909 2598/1007/950
f 2643/1006/951 4218/1005/949 2598/1007/950 641/1008/952
f 182/1009/953 1673/1010/954 4219/1011/955 1703/1012/956
f 181/1013/957 1672/1014/958 4219/1011/955 1673/1010/954
f 69/1015/611 1463/1016/610 4219/1011/955 1672/1014/958
f 70/79/73 1675/76/70 4219/1011/955 1463/1016/610
f 184/75/69 1676/1017/959 4219/1011/955 1675/76/70
f 185/1018/960 1703/1012/956 4219/1011/955 1676/1017/959
f 181/1013/957 1913/1019/961 4220/1020/962 1672/1014/958
f 296/1021/963 1925/1022/964 4220/1020/962 1913/1019/961
f 293/1023/965 1912/1024/966 4220/1020/962 1925/1022/964
f 286/1025/967 1462/1026/968 4220/1020/962 1912/1024/967
f 69/1015/611 1672/1014/958 4220/1020/962 1462/1026/968
f 285/1027/624 1926/1028/969 4221/1029/970 1901/1030/625
f 292/1031/971 1924/1032/972 4221/1029/973 1926/1028/974
f 294/1033/975 1927/1034/976 4221/1029/973 1924/1032/972
f 183/1035/977 1557/1036/978 4221/1029/973 1927/1034/976
f 60/1037/626 1901/1030/625 4221/1029/970 1557/1036/979
f 183/1035/977 1927/1034/976 4222/1038/980 1674/1039/981
f 1927/1034/976 294/1033/975 1923/1040/982 4222/1038/980
f 4222/1038/980 1923/1040/982 295/1041/983 1928/1042/984
f 1674/1039/981 4222/1038/980 1928/1042/984 182/1009/953
f 63/1043/618 1665/1044/985 4223/1045/986 1456/1046/619
f 1665/1044/985 176/1047/987 1706/1048/988 4223/1045/986
f 4223/1045/986 1706/1048/988 178/920/862 1668/917/860
f 1456/1046/619 4223/1045/986 1668/917/860 62/916/620
f 173/1049/635 1709/1050/637 4224/1051/989 1661/1052/990
f 1709/1050/637 175/1053/639 1958/1054/991 4224/1051/989
f 4224/1051/989 1958/1054/991 309/1055/992 1953/1056/993
f 1661/1052/990 4224/1051/989 1953/1056/993 307/1057/994
f 64/1058/614 1662/1059/995 4225/1060/996 1457/1061/615
f 1662/1059/995 174/1062/997 1708/1063/998 4225/1060/996
f 4225/1060/996 1708/1063/998 176/1047/987 1665/1044/985
f 1457/1061/615 4225/1060/996 1665/1044/985 63/1043/618
f 180/1064/864 1704/1065/863 4226/1066/999 1957/1067/1000
f 1704/1065/863 178/1068/862 1664/1069/1001 4226/1066/999
f 4226/1066/999 1664/1069/1001 312/1070/781 1948/1071/780
f 1957/1067/1000 4226/1066/999 1948/1071/780 314/1072/1002
f 14/1073/866 1637/1074/868 4227/1075/1003 1396/1076/830
f 1637/1074/868 155/1077/838 1710/1078/1004 4227/1075/1003
f 4227/1075/1003 1710/1078/1004 174/1062/997 1662/1059/995
f 1396/1076/830 4227/1075/1003 1662/1059/995 64/1058/614
f 154/1079/629 1711/1080/632 4228/1081/1005 1956/1082/1006
f 1711/1080/632 173/1049/635 1661/1052/990 4228/1081/1005
f 4228/1081/1005 1661/1052/990 307/1057/994 1955/1083/1007
f 1956/1082/1006 4228/1081/1005 1955/1083/1007 305/1084/1008
f 405/1085/1009 2136/1086/1010 4229/1087/1011 2137/1088/1012
f 406/1089/1013 1712/1090/1014 4229/1087/1011 2136/1086/1010
f 172/1091/1015 1659/1092/1016 4229/1087/1011 1712/1090/1014
f 34/1093/25 2087/1094/215 4229/1087/1011 1659/1092/1016
f 388/1095/214 2137/1088/1012 4229/1087/1011 2087/1094/215
f 178/1068/862 1706/1096/988 4230/1097/1017 1664/1069/1001
f 1706/1096/988 176/1098/987 1667/1099/1018 4230/1097/1017
f 4230/1097/1017 1667/1099/1018 310/1100/1019 1950/1101/771
f 1664/1069/1001 4230/1097/1017 1950/1101/771 312/1070/781
f 23/1102/147 1649/1103/1020 4231/1104/1021 1409/1105/152
f 1649/1103/1020 164/1106/1022 1718/1107/1023 4231/1104/1021
f 4231/1104/1021 1718/1107/1023 166/893/840 1652/930/869
f 1409/1105/152 4231/1104/1021 1652/930/869 24/929/153
f 406/1089/1013 2135/1108/1024 4232/1109/1025 1712/1090/1014
f 2135/1108/1024 407/238/217 1713/241/220 4232/1109/1025
f 4232/1109/1026 1713/241/225 171/246/1 1658/1110/1027
f 1712/1090/1014 4232/1109/1026 1658/1110/1027 172/1091/1015
f 638/1111/1028 1624/1112/1029 4233/1113/1030 2642/1114/1031
f 1624/1112/1029 143/991/931 1714/994/934 4233/1113/1030
f 4233/1113/1030 1714/994/938 170/996/939 2594/1115/1032
f 2642/1114/1031 4233/1113/1030 2594/1115/1032 637/1116/1033
f 147/1117/1034 1630/1118/1035 4234/1119/1036 1716/1120/1037
f 1630/1118/1035 148/1121/1038 1717/1122/1039 4234/1119/1036
f 4234/1119/1036 1717/1122/1039 167/190/170 1654/193/173
f 1716/1120/1037 4234/1119/1036 1654/193/173 168/198/178
f 621/1123/38 1382/1124/37 4235/1125/1040 2589/1126/1041
f 1382/1124/37 2/1127/36 1419/1128/1042 4235/1125/1040
f 4235/1125/1040 1419/1128/1042 298/1129/1043 1931/1130/1044
f 2589/1126/1041 4235/1125/1040 1931/1130/1044 626/1131/1045
f 317/1132/1046 2294/1133/1047 4236/1134/1048 2289/1135/1049
f 303/1136/1050 2295/1137/1051 4236/1134/1048 2294/1133/1047
f 319/1138/176 2289/1135/1049 4236/1134/1048 2295/1137/1051
f 619/1139/1052 2287/1140/1053 4237/1141/1054 2555/1142/1055
f 2287/1140/1053 190/1143/1056 1682/1144/1057 4237/1141/1054
f 4237/1141/1054 1682/1144/1057 191/1145/878 2286/1146/930
f 2555/1142/1055 4237/1141/1054 2286/1146/930 618/1147/929
f 366/1148/1058 2039/1149/1059 4238/1150/1060 2048/1151/1061
f 2039/1149/1059 147/1152/1034 1418/1153/1062 4238/1150/1060
f 4238/1150/1060 1418/1153/1062 304/1154/1063 2041/1155/1064
f 2048/1151/1061 4238/1150/1060 2041/1155/1064 368/1156/1065
f 612/791/749 2554/1157/1066 4239/1158/1067 1608/792/750
f 2554/1157/1066 613/742/705 1609/745/708 4239/1158/1067
f 4239/1158/1067 1609/745/708 142/750/713 1604/1159/847
f 1608/792/750 4239/1158/1067 1604/1159/847 141/793/697
f 2/1127/36 1379/1160/183 4240/1161/1068 1419/1128/1042
f 1379/1160/180 144/1162/179 1629/1163/1069 4240/1161/1070
f 4240/1161/1070 1629/1163/1069 297/1164/1071 1930/1165/1072
f 1419/1128/1042 4240/1161/1068 1930/1165/1073 298/1129/1043
f 625/1166/1074 1736/1167/1075 4241/1168/1076 2588/1169/1077
f 1736/1167/1075 144/1170/179 1625/1171/932 4241/1168/1076
f 4241/1168/1076 1625/1171/932 143/1172/931 1735/1173/1078
f 2588/1169/1077 4241/1168/1076 1735/1173/1078 624/1174/1079
f 22/1175/141 1646/1176/1080 4242/1177/1081 1408/1178/146
f 1646/1176/1080 162/1179/1082 1720/1180/1083 4242/1177/1081
f 4242/1177/1081 1720/1180/1083 164/1106/1022 1649/1103/1020
f 1408/1178/146 4242/1177/1081 1649/1103/1020 23/1102/147
f 164/1106/1022 1648/1181/1084 4243/1182/1085 1718/1107/1023
f 1648/1181/1084 163/110/101 1719/112/103 4243/1182/1085
f 4243/1182/1085 1719/112/103 165/116/107 1651/894/841
f 1718/1107/1023 4243/1182/1085 1651/894/841 166/893/840
f 21/1183/133 1643/1184/1086 4244/1185/1087 1407/1186/140
f 1643/1184/1086 160/1187/1088 1722/1188/1089 4244/1185/1087
f 4244/1185/1087 1722/1188/1089 162/1179/1082 1646/1176/1080
f 1407/1186/140 4244/1185/1087 1646/1176/1080 22/1175/141
f 162/1179/1082 1645/1189/1090 4245/1190/1091 1720/1180/1083
f 1645/1189/1090 161/104/95 1721/106/97 4245/1190/1091
f 4245/1190/1091 1721/106/97 163/110/101 1648/1181/1084
f 1720/1180/1083 4245/1190/1091 1648/1181/1084 164/1106/1022
f 3/1191/27 1628/1192/1092 4246/1193/1093 1406/1194/132
f 1628/1192/1094 146/1195/1095 1724/1196/1096 4246/1193/1093
f 4246/1193/1093 1724/1196/1096 160/1187/1088 1643/1184/1086
f 1406/1194/132 4246/1193/1093 1643/1184/1086 21/1183/133
f 160/1187/1088 1642/1197/1097 4247/1198/1098 1722/1188/1089
f 1642/1197/1097 159/98/89 1723/100/91 4247/1198/1098
f 4247/1198/1098 1723/100/91 161/104/95 1645/1189/1090
f 1722/1188/1089 4247/1198/1098 1645/1189/1090 162/1179/1082
f 208/1199/858 1758/1200/857 4248/1201/1099 1748/1202/1100
f 214/1203/856 1790/1204/1101 4248/1201/1099 1758/1200/857
f 229/1205/1102 1785/1206/1103 4248/1201/1104 1790/1204/1105
f 221/1207/1106 1788/1208/1107 4248/1201/1104 1785/1206/1103
f 223/1209/1108 1776/1210/1109 4248/1201/1104 1788/1208/1107
f 228/1211/1110 1802/1212/1111 4248/1201/1104 1776/1210/1109
f 213/1213/1112 1748/1202/1100 4248/1201/1099 1802/1212/1113
f 146/1195/1095 1627/1214/1114 4249/1215/1115 1724/1196/1096
f 1627/1214/1114 145/9/9 1725/94/85 4249/1215/1115
f 4249/1215/1115 1725/94/85 159/98/89 1642/1197/1097
f 1724/1196/1096 4249/1215/1115 1642/1197/1097 160/1187/1088
f 34/1216/25 1659/1217/1016 4250/1218/1116 1425/1219/26
f 1659/1217/1016 172/1220/1015 1737/1221/1117 4250/1218/1118
f 4250/1218/1118 1737/1221/1117 146/1195/1095 1628/1192/1094
f 1425/1219/26 4250/1218/1116 1628/1192/1092 3/1191/27
f 59/599/584 1558/1222/1119 4251/1223/1120 1453/600/585
f 1558/1222/1119 186/1224/1121 1726/1225/1122 4251/1223/1120
f 4251/1223/1120 1726/1225/1122 158/1226/1123 1398/1227/1124
f 1453/600/585 4251/1223/1120 1398/1227/1124 15/601/586
f 186/1228/1121 1677/1229/1125 4252/1230/1126 1726/1231/1122
f 1677/1229/1125 185/1018/960 1727/1232/1127 4252/1230/1126
f 4252/1230/1126 1727/1232/1127 157/1233/1128 1640/1234/1129
f 1726/1231/1122 4252/1230/1126 1640/1234/1129 158/1235/1123
f 185/1018/960 1676/1017/959 4253/1236/1130 1727/1232/1127
f 1676/1017/959 184/75/69 1728/78/72 4253/1236/1130
f 4253/1236/1130 1728/78/72 156/83/77 1639/1237/1131
f 1727/1232/1127 4253/1236/1130 1639/1237/1131 157/1233/1128
f 658/1238/1132 2615/1239/1133 4254/1240/1134 2641/1241/1135
f 2615/1239/1133 424/1242/1136 1729/1243/1137 4254/1240/1134
f 4254/1240/1134 1729/1243/1137 153/1244/1138 2593/1245/1139
f 2641/1241/1135 4254/1240/1134 2593/1245/1139 636/1246/1140
f 425/1247/1141 1731/1248/1141 4255/1249/1142 2223/1250/1142
f 1731/1248/1141 152/1251/1141 1991/1252/1142 4255/1249/1142
f 4255/1249/1142 1991/1252/1142 333/1253/1143 1990/1254/1143
f 2223/1250/1142 4255/1249/1142 1990/1254/1143 428/1255/1143
f 320/1256/1144 2285/1257/1145 4256/1258/1146 2298/1259/1147
f 2285/1257/1145 317/1260/1148 2284/1261/1149 4256/1258/1146
f 4256/1258/1146 2284/1261/1149 326/1262/1150 1971/1263/1151
f 2298/1259/1147 4256/1258/1146 1971/1263/1151 325/1264/1152
f 620/764/727 2553/1265/1153 4257/1266/1154 2550/765/728
f 2553/1265/1153 614/1267/1155 1732/1268/1156 4257/1266/1154
f 4257/1266/1154 1732/1268/1156 189/1269/912 1571/1270/910
f 2550/765/728 4257/1266/1154 1571/1270/910 120/766/729
f 614/1271/1155 2552/1272/1157 4258/1273/1158 1732/1274/1156
f 2552/1272/1157 615/1275/1159 1733/1276/1160 4258/1273/1158
f 4258/1273/1158 1733/1276/1160 188/1277/760 1680/1278/943
f 1732/1274/1156 4258/1273/1158 1680/1278/943 189/1279/912
f 615/1275/1159 2551/1280/1161 4259/1281/1162 1733/1276/1160
f 2551/1280/1161 616/57/57 1734/60/60 4259/1281/1162
f 4259/1281/1162 1734/60/60 187/65/65 1679/1282/761
f 1733/1276/1160 4259/1281/1162 1679/1282/761 188/1277/760
f 662/1283/1163 2619/1284/1164 4260/1285/1165 2640/1286/1166
f 2619/1284/1164 624/1174/1079 1735/1173/1078 4260/1285/1165
f 4260/1285/1165 1735/1173/1078 143/1172/931 1624/1287/1029
f 2640/1286/1166 4260/1285/1165 1624/1287/1029 638/1288/1028
f 191/939/878 1682/1289/1057 4261/1290/1167 1743/940/879
f 1682/1289/1057 190/1291/1056 1742/1292/1168 4261/1290/1167
f 4261/1290/1169 1742/1292/1170 204/1293/896 1693/1294/893
f 1743/940/881 4261/1290/1169 1693/1294/893 205/941/882
f 172/1220/1015 1658/1295/1171 4262/1296/1172 1737/1221/1117
f 1658/1295/1171 171/1/1 1738/4/4 4262/1296/1172
f 4262/1296/1172 1738/4/4 145/9/9 1627/1214/1114
f 1737/1221/1117 4262/1296/1172 1627/1214/1114 146/1195/1095
f 200/907/852 1700/1297/875 4263/1298/1173 1763/908/854
f 1700/1297/875 192/1299/874 1762/1300/1174 4263/1298/1173
f 4263/1298/1173 1762/1300/1174 206/1301/1175 1757/1302/1176
f 1763/908/854 4263/1298/1173 1757/1302/1176 214/911/856
f 201/800/755 1697/1303/942 4264/1304/1177 1760/801/756
f 1697/1303/942 199/1305/704 1764/1306/1178 4264/1304/1177
f 4264/1304/1177 1764/1306/1178 213/1307/1112 1754/1308/1179
f 1760/801/756 4264/1304/1177 1754/1308/1179 215/802/757
f 196/1309/922 1610/1310/926 4265/1311/1180 1766/1312/1181
f 1610/1310/926 195/1313/892 1765/1314/1182 4265/1311/1180
f 4265/1311/1180 1765/1314/1182 209/1315/1183 1746/1316/1184
f 1766/1312/1181 4265/1311/1180 1746/1316/1184 210/1317/1185
f 192/1299/874 1698/1318/883 4266/1319/1186 1762/1300/1174
f 1698/1318/883 205/1320/882 1768/1321/895 4266/1319/1186
f 4266/1319/1186 1768/1321/895 219/1322/900 1755/1323/1187
f 1762/1300/1174 4266/1319/1186 1755/1323/1187 206/1301/1175
f 195/1313/892 1702/1324/890 4267/1325/1188 1765/1314/1182
f 1702/1324/890 197/1326/889 1769/1327/1189 4267/1325/1188
f 4267/1325/1188 1769/1327/1189 211/1328/1190 1759/1329/1191
f 1765/1314/1182 4267/1325/1188 1759/1329/1191 209/1315/1183
f 193/1330/909 1612/1331/907 4268/1332/1192 1771/1333/1193
f 1612/1331/907 198/1334/906 1770/1335/1194 4268/1332/1192
f 4268/1332/1192 1770/1335/1194 212/1336/1195 1747/1337/1196
f 1771/1333/1193 4268/1332/1192 1747/1337/1196 207/1338/1197
f 219/1339/900 1750/1340/899 4269/1341/1198 1791/1342/1199
f 218/1343/898 1794/1344/1200 4269/1341/1198 1750/1340/899
f 233/1345/1201 1779/1346/1202 4269/1341/1203 1794/1344/1204
f 234/1347/1205 1778/1348/1206 4269/1341/1203 1779/1346/1202
f 235/1349/1207 1791/1342/1208 4269/1341/1203 1778/1348/1206
f 197/1326/889 1699/1350/917 4270/1351/1209 1769/1327/1189
f 1699/1350/917 203/1352/916 1772/1353/1210 4270/1351/1209
f 4270/1351/1209 1772/1353/1210 217/1354/1211 1756/1355/1212
f 1769/1327/1189 4270/1351/1209 1756/1355/1212 211/1328/1190
f 198/1334/906 1688/1356/923 4271/1357/1213 1770/1335/1194
f 1688/1356/923 196/1309/922 1766/1312/1181 4271/1357/1213
f 4271/1357/1213 1766/1312/1181 210/1317/1185 1749/1358/1214
f 1770/1335/1194 4271/1357/1213 1749/1358/1214 212/1336/1195
f 641/1359/952 2598/1360/950 4272/1361/1215 2639/1362/1216
f 2598/1360/950 193/1363/909 1771/1364/1193 4272/1361/1215
f 4272/1361/1215 1771/1364/1193 207/1365/1197 2599/1366/1217
f 2639/1362/1216 4272/1361/1215 2599/1366/1217 642/1367/1218
f 199/1305/704 1683/1368/702 4273/1369/1219 1764/1306/1178
f 1683/1368/702 194/1370/701 1767/1371/859 4273/1369/1219
f 4273/1369/1219 1767/1371/859 208/1372/858 1748/1373/1100
f 1764/1306/1178 4273/1369/1219 1748/1373/1100 213/1307/1112
f 203/1374/916 1695/1375/946 4274/1376/1220 1772/1377/1210
f 1695/1375/946 202/796/751 1761/799/754 4274/1376/1220
f 4274/1376/1220 1761/799/754 216/804/759 1752/1378/1221
f 1772/1377/1210 4274/1376/1220 1752/1378/1221 217/1379/1211
f 235/1380/1207 1778/1381/1206 4275/1382/1222 1820/1383/1223
f 1778/1381/1206 234/1384/1205 1819/1385/1224 4275/1382/1222
f 4275/1382/1222 1819/1385/1224 250/1386/1225 1807/1387/1226
f 1820/1383/1223 4275/1382/1222 1807/1387/1226 251/1388/1227
f 253/1389/1228 1861/1390/1229 4276/1391/1230 1840/1392/1231
f 254/1393/1232 1887/1394/1233 4276/1391/1230 1861/1390/1229
f 281/1395/1234 1885/1396/1235 4276/1391/1230 1887/1394/1233
f 282/1397/1236 1894/1398/1237 4276/1391/1230 1885/1396/1235
f 252/1399/1238 1840/1392/1231 4276/1391/1230 1894/1398/1237
f 211/1400/1190 1756/1401/1212 4277/1402/1239 1793/1403/1240
f 1756/1401/1212 217/1404/1211 1792/1405/1241 4277/1402/1239
f 4277/1402/1242 1792/1405/1243 232/1406/1244 1786/1407/1245
f 1793/1403/1246 4277/1402/1242 1786/1407/1245 226/1408/1247
f 214/1203/856 1757/1409/1176 4278/1410/1248 1790/1204/1101
f 1757/1409/1176 206/1411/1175 1795/1412/1249 4278/1410/1248
f 4278/1410/1250 1795/1412/1251 220/1413/1252 1787/1414/1253
f 1790/1204/1105 4278/1410/1250 1787/1414/1253 229/1205/1102
f 642/1415/1218 2599/1416/1217 4279/1417/1254 2638/1418/1255
f 2599/1416/1217 207/1419/1197 1796/1420/1256 4279/1417/1254
f 4279/1417/1257 1796/1420/1258 222/1421/1259 2600/1422/1260
f 2638/1418/1261 4279/1417/1257 2600/1422/1260 643/1423/1262
f 217/1404/1211 1752/1424/1221 4280/1425/1263 1792/1405/1241
f 1752/1424/1221 216/1426/759 1797/1427/1264 4280/1425/1263
f 4280/1425/1265 1797/1427/1266 231/1428/1267 1781/1429/1268
f 1792/1405/1243 4280/1425/1265 1781/1429/1268 232/1406/1244
f 210/1430/1185 1746/1431/1184 4281/1432/1269 1799/1433/1270
f 1746/1431/1184 209/1434/1183 1798/1435/1271 4281/1432/1269
f 4281/1432/1272 1798/1435/1273 224/1436/1274 1774/1437/1275
f 1799/1433/1276 4281/1432/1272 1774/1437/1275 225/1438/1277
f 209/1434/1183 1759/1439/1191 4282/1440/1278 1798/1435/1271
f 1759/1439/1191 211/1400/1190 1793/1403/1240 4282/1440/1278
f 4282/1440/1279 1793/1403/1246 226/1408/1247 1789/1441/1280
f 1798/1435/1273 4282/1440/1279 1789/1441/1280 224/1436/1274
f 216/1426/759 1753/1442/758 4283/1443/1281 1797/1427/1264
f 1753/1442/758 215/1444/757 1800/1445/1282 4283/1443/1281
f 4283/1443/1283 1800/1445/1284 230/1446/1285 1782/1447/1286
f 1797/1427/1266 4283/1443/1283 1782/1447/1286 231/1428/1267
f 207/1419/1197 1747/1448/1196 4284/1449/1287 1796/1420/1256
f 1747/1448/1196 212/1450/1195 1801/1451/1288 4284/1449/1287
f 4284/1449/1289 1801/1451/1290 227/1452/1291 1775/1453/1292
f 1796/1420/1258 4284/1449/1289 1775/1453/1292 222/1421/1259
f 215/1444/757 1754/1454/1179 4285/1455/1293 1800/1445/1282
f 1754/1454/1179 213/1213/1112 1802/1212/1113 4285/1455/1293
f 4285/1455/1294 1802/1212/1111 228/1211/1110 1783/1456/1295
f 1800/1445/1284 4285/1455/1294 1783/1456/1295 230/1446/1285
f 132/628/613 1593/627/612 4286/1457/1296 1910/861/812
f 69/626/611 1462/1458/968 4286/1457/1296 1593/627/612
f 286/1459/1297 1902/1460/1298 4286/1457/1296 1462/1458/968
f 68/591/576 1591/588/573 4286/1457/1296 1902/1460/1298
f 131/587/572 1910/861/812 4286/1457/1296 1591/588/573
f 206/1411/1175 1755/1461/1187 4287/1462/1299 1795/1412/1249
f 1755/1461/1187 219/1339/900 1791/1342/1199 4287/1462/1299
f 4287/1462/1300 1791/1342/1208 235/1349/1207 1784/1463/1301
f 1795/1412/1251 4287/1462/1300 1784/1463/1301 220/1413/1252
f 212/1450/1195 1749/1464/1214 4288/1465/1302 1801/1451/1288
f 1749/1464/1214 210/1430/1185 1799/1433/1270 4288/1465/1302
f 4288/1465/1303 1799/1433/1276 225/1438/1277 1777/1466/1304
f 1801/1451/1290 4288/1465/1303 1777/1466/1304 227/1452/1291
f 238/1467/1305 1804/1468/1306 4289/1469/1307 1837/1470/1308
f 1804/1468/1306 243/1471/1309 1853/1472/1310 4289/1469/1307
f 4289/1469/1311 1853/1472/1312 260/1473/1312 1860/1474/1313
f 1837/1470/1314 4289/1469/1311 1860/1474/1313 265/1475/1315
f 226/1476/1247 1786/1477/1245 4290/1478/1316 1822/1479/1317
f 1786/1477/1245 232/1480/1244 1821/1481/1318 4290/1478/1316
f 4290/1478/1316 1821/1481/1318 248/1482/1319 1815/1483/1320
f 1822/1479/1317 4290/1478/1316 1815/1483/1320 242/1484/1321
f 234/1384/1205 1779/1485/1202 4291/1486/1322 1819/1385/1224
f 1779/1485/1202 233/1487/1201 1823/1488/1323 4291/1486/1322
f 4291/1486/1322 1823/1488/1323 249/1489/1324 1808/1490/1325
f 1819/1385/1224 4291/1486/1322 1808/1490/1325 250/1386/1225
f 229/1491/1102 1787/1492/1253 4292/1493/1326 1825/1494/1327
f 1787/1492/1253 220/1495/1252 1824/1496/1328 4292/1493/1326
f 4292/1493/1326 1824/1496/1328 236/1497/1329 1816/1498/1330
f 1825/1494/1327 4292/1493/1326 1816/1498/1330 245/1499/1331
f 643/1500/1262 2600/1501/1260 4293/1502/1332 2637/1503/1333
f 2600/1501/1260 222/1504/1259 1826/1505/1334 4293/1502/1332
f 4293/1502/1332 1826/1505/1334 238/1506/1305 2601/1507/1335
f 2637/1503/1333 4293/1502/1332 2601/1507/1335 644/1508/1336
f 223/1509/1108 1788/1510/1107 4294/1511/1337 1828/1512/1338
f 1788/1510/1107 221/1513/1106 1827/1514/1339 4294/1511/1337
f 4294/1511/1337 1827/1514/1339 237/1515/1340 1817/1516/1341
f 1828/1512/1338 4294/1511/1337 1817/1516/1341 239/1517/1342
f 232/1518/1244 1781/1519/1268 4295/1520/1343 1821/1521/1318
f 1781/1519/1268 231/1522/1267 1829/1523/1344 4295/1520/1343
f 4295/1520/1343 1829/1523/1344 247/1524/1345 1810/1525/1346
f 1821/1521/1318 4295/1520/1343 1810/1525/1346 248/1526/1319
f 225/1527/1277 1774/1528/1275 4296/1529/1347 1831/1530/1348
f 1774/1528/1275 224/1531/1274 1830/1532/1349 4296/1529/1347
f 4296/1529/1347 1830/1532/1349 240/1533/1350 1803/1534/1351
f 1831/1530/1348 4296/1529/1347 1803/1534/1351 241/1535/1352
f 224/1531/1274 1789/1536/1280 4297/1537/1353 1830/1532/1349
f 1789/1536/1280 226/1476/1247 1822/1479/1317 4297/1537/1353
f 4297/1537/1353 1822/1479/1317 242/1484/1321 1818/1538/1354
f 1830/1532/1349 4297/1537/1353 1818/1538/1354 240/1533/1350
f 231/1522/1267 1782/1539/1286 4298/1540/1355 1829/1523/1344
f 1782/1539/1286 230/1541/1285 1832/1542/1356 4298/1540/1355
f 4298/1540/1355 1832/1542/1356 246/1543/1357 1811/1544/1358
f 1829/1523/1344 4298/1540/1355 1811/1544/1358 247/1524/1345
f 222/1504/1259 1775/1545/1292 4299/1546/1359 1826/1505/1334
f 1775/1545/1292 227/1547/1291 1833/1548/1360 4299/1546/1359
f 4299/1546/1359 1833/1548/1360 243/1549/1309 1804/1550/1306
f 1826/1505/1334 4299/1546/1359 1804/1550/1306 238/1506/1305
f 230/1541/1285 1783/1551/1295 4300/1552/1361 1832/1542/1356
f 1783/1551/1295 228/1553/1110 1834/1554/1362 4300/1552/1361
f 4300/1552/1361 1834/1554/1362 244/1555/1363 1812/1556/1364
f 1832/1542/1356 4300/1552/1361 1812/1556/1364 246/1543/1357
f 228/1553/1110 1776/1557/1109 4301/1558/1365 1834/1554/1362
f 1776/1557/1109 223/1559/1108 1828/1560/1338 4301/1558/1365
f 4301/1558/1365 1828/1560/1338 239/1561/1342 1805/1562/1366
f 1834/1554/1362 4301/1558/1365 1805/1562/1366 244/1555/1363
f 220/1495/1252 1784/1563/1301 4302/1564/1367 1824/1496/1328
f 1784/1563/1301 235/1565/1207 1820/1566/1223 4302/1564/1367
f 4302/1564/1367 1820/1566/1223 251/1567/1227 1813/1568/1368
f 1824/1496/1328 4302/1564/1367 1813/1568/1368 236/1497/1329
f 227/1569/1291 1777/1570/1304 4303/1571/1369 1833/1572/1360
f 1777/1570/1304 225/1527/1277 1831/1530/1348 4303/1571/1369
f 4303/1571/1369 1831/1530/1348 241/1535/1352 1806/1573/1370
f 1833/1572/1360 4303/1571/1369 1806/1573/1370 243/1574/1309
f 221/1513/1106 1785/1575/1103 4304/1576/1371 1827/1514/1339
f 1785/1575/1103 229/1491/1102 1825/1494/1327 4304/1576/1371
f 4304/1576/1371 1825/1494/1327 245/1499/1331 1814/1577/1372
f 1827/1514/1339 4304/1576/1371 1814/1577/1372 237/1515/1340
f 237/1578/1340 1814/1579/1372 4305/1580/1373 1846/1581/1374
f 1814/1579/1372 245/1582/1331 1849/1583/1375 4305/1580/1373
f 4305/1580/1376 1849/1583/1377 258/1584/1378 1851/1585/1379
f 1846/1581/1380 4305/1580/1376 1851/1585/1379 266/1586/1381
f 239/1587/1342 1817/1588/1341 4306/1589/1382 1841/1590/1383
f 1817/1588/1341 237/1578/1340 1846/1581/1374 4306/1589/1382
f 4306/1589/1384 1846/1581/1380 266/1586/1381 1862/1591/1385
f 1841/1590/1386 4306/1589/1384 1862/1591/1385 264/1592/1387
f 244/1593/1363 1805/1594/1366 4307/1595/1388 1864/1596/1389
f 1805/1594/1366 239/1587/1342 1841/1590/1383 4307/1595/1388
f 4307/1595/1390 1841/1590/1386 264/1592/1387 1839/1597/1391
f 1864/1596/1392 4307/1595/1390 1839/1597/1391 259/1598/1393
f 245/1582/1331 1816/1599/1330 4308/1600/1394 1849/1583/1375
f 1816/1599/1330 236/1601/1329 1859/1602/1395 4308/1600/1394
f 4308/1600/1396 1859/1602/1397 267/1603/1398 1857/1604/1399
f 1849/1583/1377 4308/1600/1396 1857/1604/1399 258/1584/1378
f 241/1605/1352 1803/1606/1351 4309/1607/1400 1838/1608/1401
f 1803/1606/1351 240/1609/1350 1856/1610/1402 4309/1607/1400
f 4309/1607/1403 1856/1610/1404 263/1611/1405 1854/1612/1406
f 1838/1608/1407 4309/1607/1403 1854/1612/1406 262/1613/1408
f 246/1614/1357 1812/1615/1364 4310/1616/1409 1850/1617/1410
f 1812/1615/1364 244/1593/1363 1864/1596/1389 4310/1616/1409
f 4310/1616/1411 1864/1596/1392 259/1598/1393 1843/1618/1412
f 1850/1617/1413 4310/1616/1411 1843/1618/1412 257/1619/1413
f 264/1592/1414 1862/1591/1415 4311/1620/1416 1891/1621/1417
f 1862/1591/1415 266/1586/1418 1888/1622/1419 4311/1620/1416
f 4311/1620/1416 1888/1622/1419 269/1623/1420 1882/1624/1421
f 1891/1621/1417 4311/1620/1416 1882/1624/1421 271/1625/1422
f 644/1626/1336 2601/1627/1335 4312/1628/1423 2636/1629/1424
f 2601/1627/1335 238/1467/1305 1837/1470/1308 4312/1628/1423
f 4312/1628/1425 1837/1470/1314 265/1475/1315 2602/1630/1425
f 2636/1629/1426 4312/1628/1425 2602/1630/1425 645/1631/1426
f 251/1632/1227 1807/1633/1226 4313/1634/1427 1836/1635/1428
f 1807/1633/1226 250/1636/1225 1855/1637/1429 4313/1634/1427
f 4313/1634/1430 1855/1637/1431 253/1638/1432 1840/1639/1433
f 1836/1635/1434 4313/1634/1430 1840/1639/1433 252/1640/1435
f 250/1636/1225 1808/1641/1325 4314/1642/1436 1855/1637/1429
f 1808/1641/1325 249/1643/1324 1845/1644/1437 4314/1642/1436
f 4314/1642/1438 1845/1644/1439 254/1645/1440 1861/1646/1441
f 1855/1637/1431 4314/1642/1438 1861/1646/1441 253/1638/1432
f 240/1609/1350 1818/1647/1354 4315/1648/1442 1856/1610/1402
f 1818/1647/1354 242/1649/1321 1866/1650/1443 4315/1648/1442
f 4315/1648/1444 1866/1650/1445 261/1651/1446 1847/1652/1447
f 1856/1610/1404 4315/1648/1444 1847/1652/1447 263/1611/1405
f 243/1471/1309 1806/1653/1370 4316/1654/1448 1853/1472/1310
f 1806/1653/1370 241/1605/1352 1838/1608/1401 4316/1654/1448
f 4316/1654/1449 1838/1608/1407 262/1613/1408 1863/1655/1450
f 1853/1472/1312 4316/1654/1449 1863/1655/1450 260/1473/1312
f 236/1601/1329 1813/1656/1368 4317/1657/1451 1859/1602/1395
f 1813/1656/1368 251/1632/1227 1836/1635/1428 4317/1657/1451
f 4317/1657/1452 1836/1635/1434 252/1640/1435 1858/1658/1453
f 1859/1602/1397 4317/1657/1452 1858/1658/1453 267/1603/1398
f 247/1659/1345 1811/1660/1358 4318/1661/1454 1835/1662/1455
f 1811/1660/1358 246/1614/1357 1850/1617/1410 4318/1661/1454
f 4318/1661/1456 1850/1617/1413 257/1619/1413 1852/1663/1456
f 1835/1662/1457 4318/1661/1456 1852/1663/1456 256/1664/1458
f 242/1649/1321 1815/1665/1320 4319/1666/1459 1866/1650/1443
f 1815/1665/1320 248/1667/1319 1848/1668/1460 4319/1666/1459
f 4319/1666/1461 1848/1668/1462 255/1669/1463 1844/1670/1464
f 1866/1650/1445 4319/1666/1461 1844/1670/1464 261/1651/1446
f 261/1651/1465 1844/1670/1466 4320/1671/1467 1893/1672/1468
f 1844/1670/1466 255/1669/1469 1868/1673/1470 4320/1671/1467
f 4320/1671/1467 1868/1673/1470 280/1674/1471 1880/1675/1472
f 1893/1672/1468 4320/1671/1467 1880/1675/1472 274/1676/1473
f 248/1667/1319 1810/1677/1346 4321/1678/1474 1848/1668/1460
f 1810/1677/1346 247/1659/1345 1835/1662/1455 4321/1678/1474
f 4321/1678/1475 1835/1662/1457 256/1664/1458 1842/1679/1476
f 1848/1668/1462 4321/1678/1475 1842/1679/1476 255/1669/1463
f 263/1680/1477 1847/1681/1478 4322/1682/1479 1871/1683/1480
f 1847/1681/1478 261/1684/1465 1893/1685/1468 4322/1682/1479
f 4322/1682/1479 1893/1685/1468 274/1686/1473 1883/1687/1481
f 1871/1683/1480 4322/1682/1479 1883/1687/1481 272/1688/1482
f 257/1689/1483 1843/1690/1484 4323/1691/1485 1889/1692/1486
f 1843/1690/1484 259/1693/1487 1870/1694/1488 4323/1691/1485
f 4323/1691/1485 1870/1694/1488 276/1695/1489 1879/1696/1490
f 1889/1692/1486 4323/1691/1485 1879/1696/1490 278/1697/1491
f 259/1598/1487 1839/1597/1492 4324/1698/1493 1870/1699/1488
f 1839/1597/1492 264/1592/1414 1891/1621/1417 4324/1698/1493
f 4324/1698/1493 1891/1621/1417 271/1625/1422 1876/1700/1494
f 1870/1699/1488 4324/1698/1493 1876/1700/1494 276/1701/1489
f 273/1702/1495 1872/1703/1496 4325/1704/1497 1884/1705/1498
f 272/1706/1482 1883/1707/1481 4325/1704/1497 1872/1703/1496
f 274/1676/1473 1880/1675/1472 4325/1704/1497 1883/1707/1481
f 280/1674/1471 1878/1708/1499 4325/1704/1497 1880/1675/1472
f 279/1709/1500 1886/1710/1501 4325/1704/1497 1878/1708/1499
f 278/1711/1491 1879/1712/1490 4325/1704/1497 1886/1710/1501
f 276/1701/1489 1876/1700/1494 4325/1704/1497 1879/1712/1490
f 271/1625/1422 1882/1624/1421 4325/1704/1497 1876/1700/1494
f 269/1623/1420 1875/1713/1502 4325/1704/1497 1882/1624/1421
f 277/1714/1503 1874/1715/1504 4325/1704/1497 1875/1713/1502
f 268/1716/1505 1877/1717/1506 4325/1704/1497 1874/1715/1504
f 282/1718/1236 1885/1719/1235 4325/1704/1497 1877/1717/1506
f 281/1720/1234 1881/1721/1507 4325/1704/1497 1885/1719/1235
f 646/1722/1508 2603/1723/1509 4325/1704/1497 1881/1721/1507
f 270/1724/1510 1873/1725/1511 4325/1704/1497 2603/1723/1509
f 275/1726/1512 1884/1705/1498 4325/1704/1497 1873/1725/1511
f 645/1727/1513 2602/1728/1514 4326/1729/1515 2635/1730/1516
f 2602/1728/1514 265/1731/1517 1890/1732/1518 4326/1729/1515
f 4326/1729/1515 1890/1732/1518 270/1733/1510 2603/1734/1509
f 2635/1730/1516 4326/1729/1515 2603/1734/1509 646/1735/1508
f 325/1736/1152 1971/1737/1151 4327/1738/1519 1983/1739/1520
f 1971/1737/1151 326/1740/1150 1972/1741/1521 4327/1738/1519
f 4327/1738/1519 1972/1741/1521 332/1742/1522 1979/1743/1523
f 1983/1739/1520 4327/1738/1519 1979/1743/1523 331/1744/1524
f 262/1745/1525 1854/1746/1526 4328/1747/1527 1867/1748/1528
f 1854/1746/1526 263/1680/1477 1871/1683/1480 4328/1747/1527
f 4328/1747/1527 1871/1683/1480 272/1688/1482 1872/1749/1496
f 1867/1748/1528 4328/1747/1527 1872/1749/1496 273/1750/1495
f 256/1664/1529 1852/1663/1530 4329/1751/1531 1895/1752/1532
f 1852/1663/1530 257/1619/1483 1889/1753/1486 4329/1751/1531
f 4329/1751/1531 1889/1753/1486 278/1711/1491 1886/1710/1501
f 1895/1752/1532 4329/1751/1531 1886/1710/1501 279/1709/1500
f 260/1754/1533 1863/1755/1534 4330/1756/1535 1892/1757/1536
f 1863/1755/1534 262/1745/1525 1867/1748/1528 4330/1756/1535
f 4330/1756/1535 1867/1748/1528 273/1750/1495 1884/1758/1498
f 1892/1757/1536 4330/1756/1535 1884/1758/1498 275/1759/1512
f 266/1760/1418 1851/1761/1537 4331/1762/1538 1888/1763/1419
f 1851/1761/1537 258/1764/1539 1869/1765/1540 4331/1762/1538
f 4331/1762/1538 1869/1765/1540 277/1766/1503 1875/1767/1502
f 1888/1763/1419 4331/1762/1538 1875/1767/1502 269/1768/1420
f 267/1603/1541 1858/1658/1542 4332/1769/1543 1896/1770/1544
f 1858/1658/1542 252/1640/1238 1894/1771/1237 4332/1769/1543
f 4332/1769/1543 1894/1771/1237 282/1718/1236 1877/1717/1506
f 1896/1770/1544 4332/1769/1543 1877/1717/1506 268/1716/1505
f 255/1669/1469 1842/1679/1545 4333/1772/1546 1868/1673/1470
f 1842/1679/1545 256/1664/1529 1895/1752/1532 4333/1772/1546
f 4333/1772/1546 1895/1752/1532 279/1709/1500 1878/1708/1499
f 1868/1673/1470 4333/1772/1546 1878/1708/1499 280/1674/1471
f 265/1475/1517 1860/1474/1547 4334/1773/1548 1890/1774/1518
f 1860/1474/1547 260/1473/1533 1892/1775/1536 4334/1773/1548
f 4334/1773/1548 1892/1775/1536 275/1726/1512 1873/1725/1511
f 1890/1774/1518 4334/1773/1548 1873/1725/1511 270/1724/1510
f 258/1764/1539 1857/1776/1549 4335/1777/1550 1869/1765/1540
f 1857/1776/1549 267/1778/1541 1896/1779/1544 4335/1777/1550
f 4335/1777/1550 1896/1779/1544 268/1780/1505 1874/1781/1504
f 1869/1765/1540 4335/1777/1550 1874/1781/1504 277/1766/1503
f 61/1782/622 1671/1783/865 4336/1784/1551 1911/1785/1552
f 180/1786/864 1670/1787/1553 4336/1784/1554 1671/1783/1554
f 179/1788/1555 1669/1789/1556 4336/1784/1556 1670/1787/1557
f 68/1790/1558 1929/1791/1559 4336/1784/1560 1669/1789/1560
f 291/1792/1561 1920/1793/1562 4336/1784/1563 1929/1791/1564
f 290/1794/1565 1911/1785/1566 4336/1784/1563 1920/1793/1562
f 285/1795/624 1915/1796/623 4337/1797/1567 1926/1798/969
f 1915/1796/623 61/1799/622 1911/1800/1552 4337/1797/1567
f 4337/1797/1568 1911/1800/1566 290/1801/1565 1919/1802/1569
f 1926/1798/974 4337/1797/1570 1919/1802/1571 292/1803/971
f 117/257/236 1504/1804/1572 4338/1805/1573 1566/714/685
f 1504/1804/1572 289/267/246 1914/1806/687 4338/1805/1573
f 4338/1805/1573 1914/1806/687 283/1807/377 1897/1808/1574
f 1566/714/685 4338/1805/1573 1897/1808/1574 36/715/373
f 102/354/341 1613/642/627 4339/1809/1575 1556/602/587
f 1613/642/627 60/641/626 1614/831/786 4339/1809/1575
f 4339/1809/1575 1614/831/786 137/597/582 1598/846/800
f 1556/602/587 4339/1809/1575 1598/846/800 136/604/589
f 36/391/373 1897/1810/1574 4340/1811/1576 1528/392/374
f 1897/1810/1574 283/395/377 1916/398/380 4340/1811/1576
f 4340/1811/1576 1916/398/380 287/403/385 1485/1812/1577
f 1528/392/374 4340/1811/1576 1485/1812/1577 96/393/375
f 96/352/339 1485/1813/1578 4341/1814/1579 1522/353/340
f 1485/1813/1578 287/356/343 1917/359/346 4341/1814/1579
f 4341/1814/1579 1917/359/346 288/364/351 1491/643/628
f 1522/353/340 4341/1814/1579 1491/643/628 102/354/341
f 394/255/234 2132/1815/1580 4342/1816/1581 1507/256/235
f 2132/1815/1580 410/259/238 1918/262/241 4342/1816/1581
f 4342/1816/1581 1918/262/241 289/267/246 1504/1804/1572
f 1507/256/235 4342/1816/1581 1504/1804/1572 117/257/236
f 290/1817/1565 1920/1818/1562 4343/1819/1582 1919/1820/1569
f 291/1821/1561 1921/1822/1583 4343/1819/1582 1920/1818/1562
f 293/1823/965 1925/1824/964 4343/1819/1584 1921/1822/1584
f 296/1825/963 1922/1826/1585 4343/1819/1586 1925/1824/964
f 295/1827/983 1923/1828/982 4343/1819/1586 1922/1826/1585
f 294/1829/975 1924/1830/972 4343/1819/1586 1923/1828/982
f 292/1831/971 1919/1820/1571 4343/1819/1587 1924/1830/1587
f 68/1832/1558 1902/1833/1588 4344/1834/1588 1929/1835/1559
f 1902/1833/1589 286/1836/1589 1912/1837/1589 4344/1834/1589
f 4344/1834/1590 1912/1837/1591 293/1838/1591 1921/1839/1583
f 1929/1835/1564 4344/1834/1590 1921/1839/1583 291/1840/1561
f 627/1841/1592 2586/1842/1593 4345/1843/1594 1939/1844/1595
f 2586/1842/1596 626/1845/1597 1931/1846/1598 4345/1843/1599
f 4345/1843/1599 1931/1846/1598 298/1847/1600 1930/1848/1600
f 1939/1844/1595 4345/1843/1594 1930/1848/1072 297/1849/1071
f 321/1850/330 1965/1851/328 4346/1852/1601 1969/1853/1602
f 1965/1851/328 322/1854/327 1982/1855/1603 4346/1852/1601
f 4346/1852/1601 1982/1855/1603 328/1856/1604 1975/1857/1605
f 1969/1853/1602 4346/1852/1601 1975/1857/1605 327/1858/1606
f 300/1859/1607 1934/1860/1608 4347/1861/1609 1933/1862/1610
f 1934/1860/1611 302/1863/1612 1937/1864/1613 4347/1861/1614
f 4347/1861/1614 1937/1864/1613 303/1865/479 1935/1866/478
f 1933/1862/1610 4347/1861/1609 1935/1866/475 301/1867/474
f 299/1868/1615 1936/1869/1616 4348/1870/1617 1932/1871/1618
f 1936/1869/1616 304/1872/1063 1938/1873/1619 4348/1870/1620
f 4348/1870/1620 1938/1873/1619 302/1874/1612 1934/1875/1611
f 1932/1871/1618 4348/1870/1617 1934/1875/1608 300/1876/1607
f 147/1877/1034 1716/1878/1037 4349/1879/1621 1418/1880/1062
f 1716/1878/1037 168/1881/178 1942/1882/1622 4349/1879/1621
f 4349/1879/1621 1942/1882/1622 302/1883/1612 1938/1884/1619
f 1418/1880/1062 4349/1879/1621 1938/1884/1619 304/1885/1063
f 168/1881/178 2291/1886/177 4350/1887/1623 1942/1882/1622
f 2291/1886/177 319/1138/176 2295/1137/1051 4350/1887/1623
f 4350/1887/1623 2295/1137/1051 303/1136/1050 1937/1888/1613
f 1942/1882/1622 4350/1887/1623 1937/1888/1613 302/1883/1612
f 19/20/20 1405/1889/1624 4351/1890/1625 1941/829/784
f 1405/1889/1624 20/1891/1626 1943/1892/1627 4351/1890/1625
f 4351/1890/1625 1943/1892/1627 300/1893/1628 1933/1894/1629
f 1941/829/784 4351/1890/1625 1933/1894/1629 301/830/785
f 20/1891/1626 1400/1895/1630 4352/1896/1631 1943/1892/1627
f 1400/1895/1630 6/43/43 1940/1897/1632 4352/1896/1631
f 4352/1896/1631 1940/1897/1632 299/1898/1633 1932/1899/1634
f 1943/1892/1627 4352/1896/1631 1932/1899/1634 300/1893/1628
f 317/1260/1046 2289/1900/1049 4353/1901/1635 2284/1261/1636
f 2289/1900/1049 319/196/176 2297/1902/1637 4353/1901/1635
f 4353/1901/1635 2297/1902/1637 324/1903/1638 1973/1904/1639
f 2284/1261/1636 4353/1901/1635 1973/1904/1639 326/1262/1640
f 308/1905/1641 1945/1906/1642 4354/1907/1643 1952/1908/1644
f 1945/1906/1645 307/1909/1646 1953/1910/1647 4354/1907/1648
f 4354/1907/1648 1953/1910/1647 309/818/772 1946/815/775
f 1952/1908/1644 4354/1907/1643 1946/815/769 310/814/768
f 306/1911/1649 1944/1912/1650 4355/1913/1651 1954/1914/1652
f 1944/1912/1653 305/1915/1008 1955/1916/1654 4355/1913/1655
f 4355/1913/1655 1955/1916/1654 307/1909/1646 1945/1906/1645
f 1954/1914/1652 4355/1913/1651 1945/1906/1642 308/1905/1641
f 175/1053/639 1707/1917/641 4356/1918/1656 1958/1054/991
f 1707/1917/641 177/1919/643 1959/1920/1657 4356/1918/1656
f 4356/1918/1656 1959/1920/1657 311/1921/776 1951/1922/773
f 1958/1054/991 4356/1918/1656 1951/1922/773 309/1055/992
f 155/891/838 1636/888/835 4357/1923/1658 1960/1924/1659
f 1636/888/835 154/887/629 1956/1925/1006 4357/1923/1660
f 4357/1923/1660 1956/1925/1006 305/1926/1008 1944/1927/1653
f 1960/1924/1659 4357/1923/1658 1944/1927/1650 306/1928/1649
f 177/1919/643 1705/1929/645 4358/1930/1661 1959/1920/1657
f 1705/1929/645 179/1931/647 1961/1932/1662 4358/1930/1661
f 4358/1930/1661 1961/1932/1662 313/1933/1663 1949/1934/777
f 1959/1920/1657 4358/1930/1661 1949/1934/777 311/1921/776
f 179/1935/1555 1670/1936/1557 4359/1937/1664 1961/1938/1662
f 1670/1936/1553 180/1939/864 1957/1940/1000 4359/1937/1665
f 4359/1937/1665 1957/1940/1000 314/1941/1002 1947/1942/1666
f 1961/1938/1662 4359/1937/1664 1947/1942/1667 313/1943/1663
f 174/1944/1668 1710/1945/1669 4360/1946/1670 1962/1947/1671
f 1710/1945/1669 155/1948/1672 1960/1949/1673 4360/1946/1670
f 4360/1946/1670 1960/1949/1673 306/1950/1674 1954/1951/1675
f 1962/1947/1671 4360/1946/1670 1954/1951/1675 308/1952/1676
f 176/1098/987 1708/1953/1677 4361/1954/1678 1667/1099/1018
f 1708/1953/1677 174/1944/1668 1962/1947/1671 4361/1954/1678
f 4361/1954/1678 1962/1947/1671 308/1952/1676 1952/1955/1679
f 1667/1099/1018 4361/1954/1678 1952/1955/1679 310/1100/1019
f 315/349/319 2278/348/336 4362/1956/1680 2277/1957/320
f 2278/348/336 103/347/335 1519/609/594 4362/1956/1680
f 4362/1956/1680 1519/609/594 106/608/593 2279/835/789
f 2277/1957/320 4362/1956/1680 2279/835/789 318/834/323
f 330/1958/1681 1977/1959/1682 4363/1960/1683 1980/1961/1684
f 1977/1959/1682 329/1962/1685 1981/1963/1686 4363/1960/1683
f 4363/1960/1683 1981/1963/1686 331/1964/1687 1979/1965/1688
f 1980/1961/1684 4363/1960/1683 1979/1965/1688 332/1966/1689
f 651/1967/1690 2634/1968/1691 4364/1969/1692 1976/1970/1693
f 2634/1968/1691 652/1971/1694 1978/1972/1695 4364/1969/1692
f 4364/1969/1692 1978/1972/1695 331/1964/1687 1981/1963/1686
f 1976/1970/1693 4364/1969/1692 1981/1963/1686 329/1962/1685
f 323/1973/1696 1974/1974/1697 4365/1975/1698 1967/1976/1699
f 1974/1974/1697 329/1977/1685 1977/1978/1682 4365/1975/1698
f 4365/1975/1700 1977/1978/1682 330/1979/1681 1968/1980/1701
f 1967/1976/1702 4365/1975/1700 1968/1980/1701 324/1981/1638
f 648/1982/1703 1964/1983/1704 4366/1984/1705 2633/1985/1706
f 1964/1983/1704 320/1256/1144 2298/1259/1147 4366/1984/1705
f 4366/1984/1705 2298/1259/1147 325/1264/1152 1970/1986/1707
f 2633/1985/1706 4366/1984/1705 1970/1986/1707 650/1987/1708
f 647/189/169 2604/188/168 4367/1988/1709 2632/1989/1710
f 2604/188/168 315/187/167 2290/335/1711 4367/1988/1709
f 4367/1988/1709 2290/335/329 321/340/330 2606/1990/1712
f 2632/1989/1710 4367/1988/1709 2606/1990/1712 649/1991/1713
f 372/1992/1714 2068/1993/1715 4368/1994/1716 2000/1995/1717
f 2068/1993/1715 373/1996/1718 2001/1997/1719 4368/1994/1716
f 4368/1994/1716 2001/1997/1719 346/1998/1720 2005/1999/1721
f 2000/1995/1717 4368/1994/1716 2005/1999/1721 345/2000/1722
f 326/2001/1640 1973/2002/1639 4369/2003/1723 1972/2004/1724
f 1973/2002/1639 324/2005/1638 1968/2006/1701 4369/2003/1723
f 4369/2003/1723 1968/2006/1701 330/2007/1681 1980/2008/1725
f 1972/2004/1724 4369/2003/1723 1980/2008/1725 332/2009/1726
f 650/2010/1708 1970/2011/1707 4370/2012/1727 2631/2013/1728
f 1970/2011/1707 325/1736/1152 1983/1739/1520 4370/2012/1727
f 4370/2012/1727 1983/1739/1520 331/1744/1524 1978/2014/1729
f 2631/2013/1728 4370/2012/1727 1978/2014/1729 652/2015/1730
f 649/2016/1713 2606/2017/1712 4371/2018/1731 2630/2019/1732
f 2606/2017/1712 321/2020/330 1969/2021/1602 4371/2018/1731
f 4371/2018/1731 1969/2021/1602 327/2022/1606 2608/2023/1733
f 2630/2019/1732 4371/2018/1731 2608/2023/1734 651/2024/1690
f 426/2025/1735 2222/2026/1736 4372/2027/1736 1988/2028/1735
f 2222/2026/1736 427/2029/1737 1989/2030/1737 4372/2027/1736
f 4372/2027/1736 1989/2030/1737 334/2031/1737 1985/2032/1736
f 1988/2028/1735 4372/2027/1736 1985/2032/1736 335/2033/1735
f 427/2029/1737 2221/2034/1738 4373/2035/1738 1989/2030/1737
f 2221/2034/1738 428/2036/1739 1990/2037/1739 4373/2035/1738
f 4373/2035/1738 1990/2037/1739 333/2038/1739 1984/2039/1738
f 1989/2030/1737 4373/2035/1738 1984/2039/1738 334/2031/1737
f 408/2040/1740 2107/2041/1741 4374/2042/1742 2129/2043/1743
f 2107/2041/1744 170/2044/1744 1730/2045/1745 4374/2042/1746
f 4374/2042/1746 1730/2045/1745 338/2046/1747 2110/2047/1748
f 2129/2043/1743 4374/2042/1742 2110/2047/1749 411/2048/1750
f 375/2049/1751 2069/2050/1752 4375/2051/1753 2003/2052/1754
f 2069/2050/1752 374/2053/1755 2002/2054/1756 4375/2051/1753
f 4375/2051/1753 2002/2054/1756 347/2055/1757 2004/2056/1758
f 2003/2052/1754 4375/2051/1753 2004/2056/1759 348/2057/1760
f 345/2058/1722 2005/2059/1721 4376/2060/1761 2016/2061/1762
f 2005/2059/1721 346/2062/1720 2017/2063/1763 4376/2060/1761
f 4376/2060/1761 2017/2063/1763 353/2064/1764 2027/2065/1765
f 2016/2061/1762 4376/2060/1761 2027/2065/1765 352/2066/1766
f 656/2067/1767 2613/2068/1768 4377/2069/1769 2629/2070/1770
f 2613/2068/1768 372/1992/1714 2000/1995/1717 4377/2069/1769
f 4377/2069/1769 2000/1995/1717 345/2000/1722 2610/2071/1771
f 2629/2070/1770 4377/2069/1769 2610/2071/1771 653/2072/1772
f 353/2073/1764 2017/2074/1763 4378/2075/1773 2025/2076/1774
f 2017/2074/1763 346/1998/1720 2007/2077/1775 4378/2075/1773
f 4378/2075/1773 2007/2077/1775 348/2057/1760 2019/2078/1776
f 2025/2076/1774 4378/2075/1773 2019/2078/1776 355/2079/1777
f 369/2080/1778 1994/2081/1779 4379/2082/1780 2066/2083/1781
f 1994/2081/1779 339/2084/1782 2008/2085/1783 4379/2082/1780
f 4379/2082/1780 2008/2085/1783 347/2086/1784 2002/2087/1785
f 2066/2083/1781 4379/2082/1780 2002/2087/1785 374/2088/1786
f 421/2089/1787 2128/2090/1788 4380/2091/1789 2065/2092/1790
f 2128/2090/1788 414/2093/1791 2009/2094/1792 4380/2091/1789
f 4380/2091/1789 2009/2094/1792 344/2095/1793 2060/2096/1794
f 2065/2092/1790 4380/2091/1789 2060/2096/1794 378/2097/1795
f 416/2098/1796 2127/2099/1797 4381/2100/1798 2024/2101/1799
f 2127/2099/1797 415/2102/1800 2010/2103/1801 4381/2100/1798
f 4381/2100/1798 2010/2103/1801 343/2104/1802 2015/2105/1803
f 2024/2101/1799 4381/2100/1798 2015/2105/1803 351/2106/1804
f 351/2107/1804 2015/2108/1803 4382/2109/1805 2023/2110/1806
f 2015/2108/1803 343/2111/1802 2011/2112/1807 4382/2109/1805
f 4382/2109/1805 2011/2112/1807 340/2113/1808 1995/2114/1809
f 2023/2110/1806 4382/2109/1805 1995/2114/1809 356/2115/1810
f 378/2097/1795 2060/2096/1794 4383/2116/1811 2064/2117/1812
f 2060/2096/1794 344/2095/1793 2012/2118/1813 4383/2116/1811
f 4383/2116/1811 2012/2118/1813 339/2084/1782 1994/2081/1779
f 2064/2117/1812 4383/2116/1811 1994/2081/1779 369/2080/1778
f 623/2119/1814 2567/2120/1815 4384/2121/1816 2585/2122/1817
f 2567/2120/1815 351/2106/1804 2023/2123/1806 4384/2121/1816
f 4384/2121/1816 2023/2123/1806 356/2124/1810 2020/2125/1818
f 2585/2122/1817 4384/2121/1816 2020/2125/1818 628/2126/1819
f 631/2127/1820 2575/2128/1821 4385/2129/1822 2584/2130/1823
f 2575/2128/1821 416/2098/1796 2024/2101/1799 4385/2129/1822
f 4385/2129/1824 2024/2101/1799 351/2106/1804 2567/2120/1815
f 2584/2130/1825 4385/2129/1824 2567/2120/1815 623/2119/1814
f 625/1166/1074 2569/2131/1826 4386/2132/1827 2583/2133/1828
f 2569/2131/1826 353/2073/1764 2025/2076/1774 4386/2132/1827
f 4386/2132/1827 2025/2076/1774 355/2079/1777 2571/2134/1829
f 2583/2133/1828 4386/2132/1827 2571/2134/1829 627/1841/1592
f 348/2057/1760 2004/2056/1759 4387/2135/1830 2019/2078/1776
f 2004/2056/1758 347/2055/1757 2018/2136/1831 4387/2135/1832
f 4387/2135/1832 2018/2136/1831 354/2137/1833 2026/2138/1834
f 2019/2078/1776 4387/2135/1830 2026/2138/1835 355/2079/1777
f 147/1152/1034 2039/1149/1059 4388/2139/1836 1630/2140/1035
f 2039/1149/1059 366/1148/1058 2046/2141/1837 4388/2139/1836
f 4388/2139/1836 2046/2141/1837 365/2142/1838 2038/2143/1839
f 1630/2140/1035 4388/2139/1836 2038/2143/1839 148/2144/1038
f 653/2072/1772 2610/2071/1771 4389/2145/1840 2628/2146/1841
f 2610/2071/1771 345/2000/1722 2016/2147/1762 4389/2145/1840
f 4389/2145/1840 2016/2147/1762 352/2148/1766 2611/2149/1842
f 2628/2146/1841 4389/2145/1840 2611/2149/1842 654/2150/1843
f 339/2084/1782 2013/2151/1844 4390/2152/1845 2008/2085/1783
f 2013/2151/1844 349/2153/1846 2029/2154/1847 4390/2152/1845
f 4390/2152/1845 2029/2154/1847 354/2155/1848 2018/2156/1849
f 2008/2085/1783 4390/2152/1845 2018/2156/1849 347/2086/1784
f 414/2093/1791 2125/2157/1850 4391/2158/1851 2009/2094/1792
f 2125/2157/1850 417/2159/1852 2030/2160/1853 4391/2158/1851
f 4391/2158/1851 2030/2160/1853 358/2161/1854 1999/2162/1855
f 2009/2094/1792 4391/2158/1851 1999/2162/1855 344/2095/1793
f 344/2095/1793 1999/2162/1855 4392/2163/1856 2012/2118/1813
f 1999/2162/1855 358/2161/1854 2031/2164/1857 4392/2163/1856
f 4392/2163/1856 2031/2164/1857 349/2153/1846 2013/2151/1844
f 2012/2118/1813 4392/2163/1856 2013/2151/1844 339/2084/1782
f 31/39/39 1429/2165/1858 4393/2166/1859 1385/40/40
f 1429/2165/1858 361/2167/1860 2042/2168/1861 4393/2166/1859
f 4393/2166/1859 2042/2168/1861 362/2169/1862 2035/2170/1863
f 1385/40/40 4393/2166/1859 2035/2170/1863 6/43/43
f 391/2171/1864 2124/2172/1865 4394/2173/1866 1422/2174/1867
f 539/2175/1868 2408/2176/1869 4394/2173/1866 2124/2172/1865
f 31/39/39 1422/2174/1867 4394/2173/1866 2408/2176/1869
f 6/43/43 2035/2170/1863 4395/2177/1870 1940/1897/1632
f 2035/2170/1863 362/2169/1862 2044/2178/1871 4395/2177/1870
f 4395/2177/1870 2044/2178/1871 367/2179/1872 2040/2180/1873
f 1940/1897/1632 4395/2177/1870 2040/2180/1873 299/1898/1633
f 635/172/156 2592/2181/1874 4396/2182/1875 2627/2183/1876
f 2592/2181/1874 148/2144/1038 2038/2143/1839 4396/2182/1875
f 4396/2182/1875 2038/2143/1839 365/2142/1838 2612/2184/1877
f 2627/2183/1876 4396/2182/1875 2612/2184/1877 655/2185/1878
f 365/2142/1838 2046/2141/1837 4397/2186/1879 2054/2187/1880
f 2046/2141/1837 366/1148/1058 2055/2188/1881 4397/2186/1879
f 4397/2186/1879 2055/2188/1881 373/1996/1718 2068/1993/1715
f 2054/2187/1880 4397/2186/1879 2068/1993/1715 372/1992/1714
f 304/1154/1063 1936/2189/1616 4398/2190/1882 2041/1155/1064
f 1936/2189/1616 299/2191/1615 2040/2192/1883 4398/2190/1882
f 4398/2190/1882 2040/2192/1883 367/2193/1884 2047/2194/1885
f 2041/1155/1064 4398/2190/1882 2047/2194/1885 368/1156/1065
f 373/1996/1718 2055/2188/1881 4399/2195/1886 2063/2196/1887
f 2055/2188/1881 366/1148/1058 2048/1151/1061 4399/2195/1886
f 4399/2195/1886 2048/1151/1061 368/1156/1065 2057/2197/1888
f 2063/2196/1887 4399/2195/1886 2057/2197/1888 375/2049/1751
f 420/2198/1889 2123/2199/1890 4400/2200/1891 2062/2201/1892
f 2123/2199/1890 419/208/189 2049/211/192 4400/2200/1891
f 4400/2200/1891 2049/211/192 364/48/48 2053/2202/1893
f 2062/2201/1892 4400/2200/1891 2053/2202/1893 371/2203/1894
f 371/2204/1894 2053/2205/1893 4401/2206/1895 2061/2207/1896
f 2053/2205/1893 364/2208/48 2050/2209/51 4401/2206/1895
f 4401/2206/1895 2050/2209/51 359/2210/56 2032/2211/1897
f 2061/2207/1896 4401/2206/1895 2032/2211/1897 376/2212/1898
f 343/2104/1802 1998/2213/1899 4402/2214/1900 2011/2215/1807
f 1998/2213/1899 371/2203/1894 2061/2216/1896 4402/2214/1900
f 4402/2214/1900 2061/2216/1896 376/2217/1898 2058/2218/1901
f 2011/2215/1807 4402/2214/1900 2058/2218/1901 340/2219/1808
f 415/2102/1800 2122/2220/1902 4403/2221/1903 2010/2103/1801
f 2122/2220/1902 420/2198/1889 2062/2201/1892 4403/2221/1903
f 4403/2221/1903 2062/2201/1892 371/2203/1894 1998/2213/1899
f 2010/2103/1801 4403/2221/1903 1998/2213/1899 343/2104/1802
f 346/1998/1720 2001/1997/1719 4404/2222/1904 2007/2077/1775
f 2001/1997/1719 373/1996/1718 2063/2196/1887 4404/2222/1904
f 4404/2222/1904 2063/2196/1887 375/2049/1751 2003/2052/1754
f 2007/2077/1775 4404/2222/1904 2003/2052/1754 348/2057/1760
f 361/2167/1860 2034/2223/1905 4405/2224/1906 2042/2168/1861
f 2034/2223/1905 378/2097/1795 2064/2117/1812 4405/2224/1906
f 4405/2224/1906 2064/2117/1812 369/2080/1778 2051/2225/1907
f 2042/2168/1861 4405/2224/1906 2051/2225/1907 362/2169/1862
f 418/2226/1908 2121/2227/1909 4406/2228/1910 2043/2229/1911
f 2121/2227/1909 421/2089/1787 2065/2092/1790 4406/2228/1910
f 4406/2228/1910 2065/2092/1790 378/2097/1795 2034/2223/1905
f 2043/2229/1911 4406/2228/1910 2034/2223/1905 361/2167/1860
f 362/2169/1862 2051/2225/1907 4407/2230/1912 2044/2178/1871
f 2051/2225/1907 369/2080/1778 2066/2083/1781 4407/2230/1912
f 4407/2230/1912 2066/2083/1781 374/2088/1786 2056/2231/1913
f 2044/2178/1871 4407/2230/1912 2056/2231/1913 367/2179/1872
f 655/2185/1878 2612/2184/1877 4408/2232/1914 2626/2233/1915
f 2612/2184/1877 365/2142/1838 2054/2187/1880 4408/2232/1914
f 4408/2232/1914 2054/2187/1880 372/1992/1714 2613/2068/1768
f 2626/2233/1915 4408/2232/1914 2613/2068/1768 656/2067/1767
f 319/196/176 2283/195/175 4409/2234/1916 2297/1902/1637
f 2283/195/175 316/194/174 2288/2235/1917 4409/2234/1918
f 4409/2234/1918 2288/2235/1917 323/2236/1696 1967/2237/1699
f 2297/1902/1637 4409/2234/1916 1967/2237/1702 324/1903/1638
f 368/1156/1065 2047/2194/1885 4410/2238/1919 2057/2197/1888
f 2047/2194/1885 367/2193/1884 2056/2239/1920 4410/2238/1919
f 4410/2238/1919 2056/2239/1920 374/2053/1755 2069/2050/1752
f 2057/2197/1888 4410/2238/1919 2069/2050/1752 375/2049/1751
f 381/2240/1921 2071/2241/1922 4411/2242/1923 2074/2243/1924
f 2071/2241/1922 380/2244/818 2075/2245/1925 4411/2242/1923
f 4411/2242/1926 2075/2245/1927 383/2246/1928 2073/2247/1929
f 2074/2243/1930 4411/2242/1926 2073/2247/1929 384/2248/1930
f 380/2244/818 2070/2249/817 4412/2250/1931 2075/2245/1925
f 2070/2249/817 379/447/430 2076/446/429 4412/2250/1931
f 4412/2250/1931 2076/446/429 382/445/428 2072/2251/1932
f 2075/2245/1927 4412/2250/1931 2072/2251/1932 383/2246/1928
f 383/2246/1928 2072/2251/1932 4413/2252/1933 2078/2253/1934
f 2072/2251/1932 382/445/428 2079/2254/1935 4413/2252/1933
f 4413/2252/1936 2079/2254/1935 387/2255/1937 2080/2256/1938
f 2078/2253/1939 4413/2252/1940 2080/2256/1938 386/2257/1941
f 384/2248/1942 2073/2247/1943 4414/2258/1944 2077/2259/1942
f 2073/2247/1943 383/2246/1928 2078/2253/1934 4414/2258/1944
f 4414/2258/1945 2078/2253/1939 386/2257/1941 2081/2260/1946
f 2077/2259/1947 4414/2258/1945 2081/2260/1946 385/2261/410
f 130/2262/566 1620/2263/569 4415/2264/1948 2085/2265/1949
f 1620/2263/569 129/2266/1950 2084/2267/1951 4415/2264/1948
f 4415/2264/1948 2084/2267/1951 386/2268/1941 2080/2269/1938
f 2085/2265/1949 4415/2264/1948 2080/2269/1938 387/2270/1937
f 85/2271/1952 1475/2272/467 4416/2273/1953 2083/2274/1954
f 1475/2272/467 84/864/466 1479/867/816 4416/2273/1953
f 4416/2273/1953 1479/867/816 380/872/818 2071/2275/1922
f 2083/2274/1954 4416/2273/1953 2071/2275/1922 381/2276/1921
f 89/443/426 1588/863/814 4417/2277/1955 2082/444/427
f 1588/863/814 130/581/566 2085/2278/1949 4417/2277/1955
f 4417/2277/1955 2085/2278/1949 387/2255/1937 2079/2254/1935
f 2082/444/427 4417/2277/1955 2079/2254/1935 382/445/428
f 129/2266/1950 1621/2279/1956 4418/2280/1957 2084/2267/1951
f 1621/2279/1956 128/2281/1958 1534/2282/411 4418/2280/1957
f 4418/2280/1957 1534/2282/411 385/2283/410 2081/2284/1946
f 2084/2267/1951 4418/2280/1957 2081/2284/1946 386/2268/1941
f 686/2285/1959 2751/2286/1960 4419/2287/1961 2117/2288/1962
f 2751/2286/1960 689/2289/1963 2120/2290/1964 4419/2287/1961
f 4419/2287/1961 2120/2290/1964 421/2089/1787 2121/2227/1909
f 2117/2288/1962 4419/2287/1961 2121/2227/1909 418/2226/1908
f 683/2291/1965 2750/2292/1966 4420/2293/1967 2114/2294/1968
f 2750/2292/1966 688/2295/1969 2119/2296/1970 4420/2293/1967
f 4420/2293/1967 2119/2296/1970 420/2198/1889 2122/2220/1902
f 2114/2294/1968 4420/2293/1967 2122/2220/1902 415/2102/1800
f 688/2295/1969 2749/2297/1971 4421/2298/1972 2119/2296/1970
f 2749/2297/1971 687/2299/1973 2118/2300/1974 4421/2298/1972
f 4421/2298/1972 2118/2300/1974 419/208/189 2123/2199/1890
f 2119/2296/1970 4421/2298/1972 2123/2199/1890 420/2198/1889
f 665/2301/1975 2748/2302/1976 4422/2303/1977 2090/2304/1978
f 2748/2302/1976 707/2305/1979 2691/2306/1980 4422/2303/1977
f 4422/2303/1977 2691/2306/1980 539/2175/1868 2124/2172/1865
f 2090/2304/1978 4422/2303/1977 2124/2172/1865 391/2171/1864
f 682/2307/1981 2747/2308/1982 4423/2309/1982 2113/2310/1981
f 2747/2308/1982 685/2311/1983 2116/2312/1983 4423/2309/1982
f 4423/2309/1982 2116/2312/1983 417/2159/1852 2125/2157/1850
f 2113/2310/1981 4423/2309/1982 2125/2157/1850 414/2093/1791
f 714/2313/1984 2746/2314/1985 4424/2315/1986 2582/2316/1987
f 2746/2314/1985 684/2317/1988 2115/2318/1989 4424/2315/1986
f 4424/2315/1986 2115/2318/1989 416/2319/1796 2575/2320/1821
f 2582/2316/1987 4424/2315/1986 2575/2320/1821 631/2321/1820
f 684/2317/1988 2745/2322/1990 4425/2323/1991 2115/2318/1989
f 2745/2322/1990 683/2324/1965 2114/2325/1968 4425/2323/1991
f 4425/2323/1991 2114/2325/1968 415/2326/1800 2127/2327/1797
f 2115/2318/1989 4425/2323/1991 2127/2327/1797 416/2319/1796
f 689/2289/1963 2744/2328/1992 4426/2329/1992 2120/2290/1964
f 2744/2328/1992 682/2307/1981 2113/2310/1981 4426/2329/1992
f 4426/2329/1992 2113/2310/1981 414/2093/1791 2128/2090/1788
f 2120/2290/1964 4426/2329/1992 2128/2090/1788 421/2089/1787
f 692/2330/1993 2676/2331/1994 4427/2332/1995 2743/2333/1996
f 2676/2331/1994 408/2040/1740 2129/2043/1743 4427/2332/1995
f 4427/2332/1995 2129/2043/1743 411/2048/1750 2678/2334/1997
f 2743/2333/1996 4427/2332/1995 2678/2334/1997 694/2335/1998
f 337/2336/1999 1986/2337/2000 4428/2338/2001 2111/2339/2002
f 1986/2337/2000 336/2340/2003 2112/2341/2004 4428/2338/2001
f 4428/2338/2001 2112/2341/2004 413/2342/2005 2130/2343/2006
f 2111/2339/2002 4428/2338/2001 2130/2343/2006 412/2344/2007
f 338/2345/2008 1987/2346/2009 4429/2347/2010 2110/2348/2011
f 1987/2346/2009 337/2336/1999 2111/2339/2002 4429/2347/2010
f 4429/2347/2010 2111/2339/2002 412/2344/2007 2131/2349/2012
f 2110/2348/2011 4429/2347/2010 2131/2349/2012 411/2350/2013
f 668/2351/2014 2742/2352/2014 4430/2353/2014 2093/2354/2014
f 2742/2352/2014 681/2355/2014 2109/2356/2014 4430/2353/2014
f 4430/2353/2014 2109/2356/2014 410/259/238 2132/1815/1580
f 2093/2354/2014 4430/2353/2014 2132/1815/1580 394/255/234
f 49/2357/2015 1899/2358/2016 4431/2359/2017 2176/2360/2018
f 1899/2358/2016 496/2361/2019 2320/2362/2020 4431/2359/2017
f 4431/2359/2017 2320/2362/2020 493/2363/2021 2210/2364/2022
f 2176/2360/2018 4431/2359/2017 2210/2364/2022 442/2365/2023
f 169/2366/2024 2108/2367/2024 4432/2368/2025 1992/2369/2026
f 2108/2367/2027 409/2370/2028 2133/2371/2029 4432/2368/2030
f 4432/2368/2030 2133/2371/2029 413/2372/2031 2112/2373/2032
f 1992/2369/2026 4432/2368/2025 2112/2373/2033 336/2374/2034
f 637/1116/2035 2594/1115/2036 4433/2375/2037 2625/2376/2038
f 2594/1115/2036 170/996/2039 2107/2377/2040 4433/2375/2037
f 4433/2375/2037 2107/2377/2040 408/2378/2041 2614/2379/2042
f 2625/2376/2038 4433/2375/2037 2614/2379/2042 657/2380/2043
f 680/2381/2044 2106/2382/2045 4434/2383/2046 2741/2384/2047
f 2106/2382/2045 407/2385/2048 2476/2386/2049 4434/2383/2046
f 4434/2383/2046 2476/2386/2049 573/2387/2050 2467/2388/2051
f 2741/2384/2047 4434/2383/2046 2467/2388/2051 711/2389/2052
f 445/2390/2053 2179/2391/2054 4435/2392/2055 2105/2393/2056
f 2179/2391/2054 151/2394/2057 2180/2395/2058 4435/2392/2055
f 4435/2392/2059 2180/2395/2060 458/2396/2060 2233/2397/2061
f 2105/2393/2062 4435/2392/2059 2233/2397/2061 462/2398/2063
f 691/2399/2064 2740/2400/2065 4436/2401/2066 2675/2402/2067
f 2740/2400/2065 679/2403/2068 2104/2404/2069 4436/2401/2066
f 4436/2401/2066 2104/2404/2069 405/2405/1009 2137/2406/1012
f 2675/2402/2067 4436/2401/2066 2137/2406/1012 388/2407/214
f 677/316/302 2739/2408/2070 4437/2409/2071 2102/317/303
f 2739/2408/2070 702/2410/2072 2312/2411/2073 4437/2409/2071
f 4437/2409/2071 2312/2411/2073 488/328/314 2138/325/311
f 2102/317/303 4437/2409/2071 2138/325/311 403/320/306
f 675/2412/2074 2738/2413/2075 4438/2414/2076 2100/2415/2077
f 2738/2413/2075 704/2416/2078 2335/2417/2079 4438/2414/2076
f 4438/2414/2076 2335/2417/2079 503/311/297 2140/308/294
f 2100/2415/2077 4438/2414/2076 2140/308/294 401/307/293
f 674/2418/2080 2737/2419/2081 4439/2420/2082 2099/2421/2083
f 2737/2419/2081 705/2422/2084 2347/2423/2085 4439/2420/2082
f 4439/2420/2082 2347/2423/2085 508/303/289 2141/301/287
f 2099/2421/2083 4439/2420/2082 2141/301/287 400/296/282
f 673/2424/2086 2736/2425/2087 4440/2426/2088 2098/2427/2089
f 2736/2425/2087 674/2418/2080 2099/2421/2083 4440/2426/2088
f 4440/2426/2088 2099/2421/2083 400/296/282 2142/293/279
f 2098/2427/2089 4440/2426/2088 2142/293/279 399/292/278
f 664/2428/2090 2735/2429/2091 4441/2430/2092 2089/2431/2093
f 2735/2429/2094 709/2432/2095 2447/2433/2096 4441/2430/2097
f 4441/2430/2097 2447/2433/2096 559/287/271 2143/284/270
f 2089/2431/2093 4441/2430/2092 2143/284/267 390/283/266
f 671/2434/2014 2734/2435/2014 4442/2436/2014 2096/2437/2014
f 2734/2435/2014 672/2438/2098 2097/2439/2099 4442/2436/2014
f 4442/2436/2014 2097/2439/2099 398/229/210 2144/280/262
f 2096/2437/2014 4442/2436/2014 2144/280/262 397/276/256
f 670/2440/2014 2733/2441/2014 4443/2442/2014 2095/2443/2014
f 2733/2441/2014 671/2434/2014 2096/2437/2014 4443/2442/2014
f 4443/2442/2014 2096/2437/2014 397/276/256 2145/274/254
f 2095/2443/2014 4443/2442/2014 2145/274/254 396/270/249
f 669/2444/2014 2732/2445/2014 4444/2446/2014 2094/2447/2014
f 2732/2445/2014 670/2440/2014 2095/2443/2014 4444/2446/2014
f 4444/2446/2014 2095/2443/2014 396/270/249 2146/268/247
f 2094/2447/2014 4444/2446/2014 2146/268/247 395/263/242
f 681/2355/2014 2731/2448/2014 4445/2449/2014 2109/2356/2014
f 2731/2448/2014 669/2444/2014 2094/2447/2014 4445/2449/2014
f 4445/2449/2014 2094/2447/2014 395/263/242 2147/260/239
f 2109/2356/2014 4445/2449/2014 2147/260/239 410/259/238
f 667/2450/2100 2730/2451/2014 4446/2452/2014 2092/2453/2100
f 2730/2451/2014 668/2351/2014 2093/2354/2014 4446/2452/2014
f 4446/2452/2014 2093/2354/2014 394/255/234 2148/253/232
f 2092/2453/2100 4446/2452/2014 2148/253/232 393/249/228
f 666/2454/2101 2729/2455/2102 4447/2456/2102 2091/2457/2103
f 2729/2455/2102 667/2450/2100 2092/2453/2100 4447/2456/2102
f 4447/2456/2102 2092/2453/2100 393/249/228 2149/247/226
f 2091/2457/2103 4447/2456/2102 2149/247/226 392/212/193
f 680/2458/2104 2728/2459/2105 4448/2460/2106 2106/2461/2107
f 2728/2459/2105 664/2462/2108 2089/2463/2109 4448/2460/2106
f 4448/2460/2106 2089/2463/2109 390/2464/222 2150/2465/221
f 2106/2461/2107 4448/2460/2106 2150/2465/218 407/2466/217
f 672/2438/2098 2727/2467/2110 4449/2468/2111 2097/2439/2099
f 2727/2467/2110 691/2469/2064 2675/2470/2067 4449/2468/2111
f 4449/2468/2111 2675/2470/2067 388/233/214 2151/230/211
f 2097/2439/2099 4449/2468/2111 2151/230/211 398/229/210
f 713/2471/2112 2726/2472/2113 4450/2473/2113 2581/2474/2112
f 2726/2472/2113 690/2475/68 2674/2476/68 4450/2473/2113
f 4450/2473/2113 2674/2476/68 90/227/208 2576/224/205
f 2581/2474/2112 4450/2473/2113 2576/224/205 632/223/204
f 678/2477/2114 2725/2478/2115 4451/2479/2116 2103/2480/2117
f 2725/2478/2115 706/2481/2118 2360/2482/2119 4451/2479/2116
f 4451/2479/2116 2360/2482/2119 511/218/199 2153/215/196
f 2103/2480/2117 4451/2479/2116 2153/215/196 404/214/195
f 687/2299/1973 2724/2483/2120 4452/2484/2121 2118/2300/1974
f 2724/2483/2120 666/2454/2101 2091/2457/2103 4452/2484/2121
f 4452/2484/2121 2091/2457/2103 392/212/193 2154/209/190
f 2118/2300/1974 4452/2484/2121 2154/209/190 419/208/189
f 169/207/188 1655/206/187 4453/2485/2122 2108/2486/2123
f 1655/206/185 33/205/34 2086/2487/209 4453/2485/2124
f 4453/2485/2124 2086/2487/209 90/2488/208 2155/2489/2125
f 2108/2486/2123 4453/2485/2122 2155/2489/2126 409/2490/2127
f 363/2491/2128 2036/2492/2129 4454/2493/2130 2188/2494/2131
f 2036/2492/2129 12/2495/2132 2166/2496/2133 4454/2493/2130
f 4454/2493/2130 2166/2496/2133 432/2497/2134 2191/2498/2135
f 2188/2494/2131 4454/2493/2130 2191/2498/2135 454/2499/2136
f 47/2500/2137 1442/2501/2138 4455/2502/2139 2178/2503/2140
f 1442/2501/2138 513/2504/2141 2362/2505/2142 4455/2502/2139
f 4455/2502/2139 2362/2505/2142 518/2506/2143 2192/2507/2144
f 2178/2503/2140 4455/2502/2139 2192/2507/2144 444/2508/2145
f 629/2509/2112 2573/2510/2113 4456/2511/2113 2580/2512/2112
f 2573/2510/2113 8/2513/68 1388/2514/68 4456/2511/2113
f 4456/2511/2113 1388/2514/68 422/2515/68 2577/2516/2113
f 2580/2512/2112 4456/2511/2113 2577/2516/2113 633/2517/2112
f 53/2518/2146 1447/2519/2147 4457/2520/2148 2172/2521/2149
f 1447/2519/2147 9/2522/2150 1389/2523/2151 4457/2520/2148
f 4457/2520/2148 1389/2523/2151 423/2524/2152 2194/2525/2153
f 2172/2521/2149 4457/2520/2148 2194/2525/2153 438/2526/2154
f 149/2527/2155 1631/2528/2156 4458/2529/2157 2181/2530/2158
f 1631/2528/2156 10/2531/2159 2164/2532/2160 4458/2529/2157
f 4458/2529/2157 2164/2532/2160 430/2533/2161 2195/2534/2162
f 2181/2530/2158 4458/2529/2157 2195/2534/2162 447/2535/2163
f 12/2495/2132 1393/2536/2102 4459/2537/2102 2166/2496/2133
f 1393/2536/2102 58/2538/2100 2167/2539/2100 4459/2537/2102
f 4459/2537/2102 2167/2539/2100 433/2540/2100 2196/2541/2102
f 2166/2496/2133 4459/2537/2102 2196/2541/2102 432/2497/2134
f 58/2538/2100 1452/2542/2014 4460/2543/2014 2167/2539/2100
f 1452/2542/2014 57/2544/2014 2168/2545/2014 4460/2543/2014
f 4460/2543/2014 2168/2545/2014 434/2546/2014 2197/2547/2014
f 2167/2539/2100 4460/2543/2014 2197/2547/2014 433/2540/2100
f 284/2548/2014 1900/2549/2014 4461/2550/2014 2182/2551/2014
f 1900/2549/2014 56/2552/2014 2169/2553/2014 4461/2550/2014
f 4461/2550/2014 2169/2553/2014 435/2554/2014 2198/2555/2014
f 2182/2551/2014 4461/2550/2014 2198/2555/2014 448/2556/2014
f 56/2552/2014 1450/2557/2014 4462/2558/2014 2169/2553/2014
f 1450/2557/2014 55/2559/2014 2170/2560/2014 4462/2558/2014
f 4462/2558/2014 2170/2560/2014 436/2561/2014 2199/2562/2014
f 2169/2553/2014 4462/2558/2014 2199/2562/2014 435/2554/2014
f 55/2559/2014 1449/2563/2014 4463/2564/2014 2170/2560/2014
f 1449/2563/2014 54/2565/2014 2171/2566/2014 4463/2564/2014
f 4463/2564/2014 2171/2566/2014 437/2567/2014 2200/2568/2014
f 2170/2560/2014 4463/2564/2014 2200/2568/2014 436/2561/2014
f 54/2565/2014 1448/2569/2014 4464/2570/2014 2171/2566/2014
f 1448/2569/2014 53/2518/2146 2172/2521/2149 4464/2570/2014
f 4464/2570/2014 2172/2521/2149 438/2526/2154 2201/2571/2014
f 2171/2566/2014 4464/2570/2014 2201/2571/2014 437/2567/2014
f 10/2572/2164 1391/2573/2165 4465/2574/2166 2164/2575/2167
f 1391/2573/2165 560/2576/2168 2448/2577/2169 4465/2574/2166
f 4465/2574/2166 2448/2577/2169 561/2578/2170 2202/2579/2171
f 2164/2575/2167 4465/2574/2166 2202/2579/2171 430/2580/2172
f 52/2581/2173 1446/2582/2174 4466/2583/2175 2173/2584/2176
f 1446/2582/2174 51/2585/2177 2174/2586/2178 4466/2583/2175
f 4466/2583/2175 2174/2586/2178 440/2587/2179 2203/2588/2180
f 2173/2584/2176 4466/2583/2175 2203/2588/2180 439/2589/2181
f 51/2585/2177 1445/2590/2182 4467/2591/2183 2174/2586/2178
f 1445/2590/2182 506/2592/2184 2349/2593/2185 4467/2591/2183
f 4467/2591/2183 2349/2593/2185 505/2594/2186 2204/2595/2187
f 2174/2586/2178 4467/2591/2183 2204/2595/2187 440/2587/2179
f 50/2596/2188 1444/2597/2189 4468/2598/2190 2175/2599/2191
f 1444/2597/2189 500/2600/2192 2333/2601/2193 4468/2598/2190
f 4468/2598/2190 2333/2601/2193 497/2602/2194 2205/2603/2195
f 2175/2599/2191 4468/2598/2190 2205/2603/2195 441/2604/2196
f 48/2605/2197 1443/2606/2198 4469/2607/2199 2177/2608/2200
f 1443/2606/2198 489/2609/2201 2307/2610/2202 4469/2607/2199
f 4469/2607/2199 2307/2610/2202 487/2611/2203 2206/2612/2204
f 2177/2608/2200 4469/2607/2199 2206/2612/2204 443/2613/2205
f 9/2614/2150 1394/2615/2206 4470/2616/2207 1389/2617/2151
f 1394/2615/2206 151/2394/2057 2179/2391/2054 4470/2616/2207
f 4470/2616/2207 2179/2391/2054 445/2390/2053 2207/2618/2208
f 1389/2617/2151 4470/2616/2207 2207/2618/2208 423/2619/2152
f 406/2620/2209 2238/2621/2209 4471/2622/2210 2209/2623/2211
f 2238/2621/2212 460/2624/2213 1633/2625/2214 4471/2622/2215
f 4471/2622/2215 1633/2625/2214 578/2626/2216 2475/2627/2217
f 2209/2623/2211 4471/2622/2210 2475/2627/2218 574/2628/2219
f 460/2629/2213 2231/2630/2220 4472/2631/2221 1633/2632/2214
f 2231/2630/2220 461/2633/2222 2208/2634/2223 4472/2631/2221
f 4472/2631/2221 2208/2634/2223 576/2635/2224 2473/2636/2225
f 1633/2632/2214 4472/2631/2221 2473/2636/2225 578/2637/2216
f 57/2544/2014 1451/2638/2014 4473/2639/2014 2168/2545/2014
f 1451/2638/2014 284/2548/2014 2182/2551/2014 4473/2639/2014
f 4473/2639/2014 2182/2551/2014 448/2556/2014 2211/2640/2014
f 2168/2545/2014 4473/2639/2014 2211/2640/2014 434/2546/2014
f 153/2641/1138 1729/2642/1137 4474/2643/2226 1993/2644/2227
f 1729/2642/1137 424/2645/1136 2212/2646/2228 4474/2643/2226
f 4474/2643/2226 2212/2646/2228 426/2647/2229 1988/2648/2230
f 1993/2644/2227 4474/2643/2226 1988/2648/2230 335/2649/2231
f 377/2650/2232 2059/2651/1992 4475/2652/1992 2190/2653/2233
f 2059/2651/1992 342/2654/1981 2183/2655/1981 4475/2652/1992
f 4475/2652/1992 2183/2655/1981 449/2656/1981 2213/2657/1992
f 2190/2653/2233 4475/2652/1992 2213/2657/1992 456/2658/2234
f 350/2659/2235 2014/2660/2236 4476/2661/2237 2185/2662/2238
f 2014/2660/2236 341/2663/2239 2184/2664/2240 4476/2661/2237
f 4476/2661/2237 2184/2664/2240 450/2665/2241 2214/2666/2242
f 2185/2662/2238 4476/2661/2237 2214/2666/2242 451/2667/2243
f 622/2668/2244 2566/2669/2245 4477/2670/2246 2579/2671/2247
f 2566/2669/2245 350/2659/2235 2185/2662/2238 4477/2670/2246
f 4477/2670/2246 2185/2662/2238 451/2667/2243 2578/2672/2248
f 2579/2671/2247 4477/2670/2246 2578/2672/2248 634/2673/2249
f 342/2654/1981 1997/2674/1982 4478/2675/1982 2183/2655/1981
f 1997/2674/1982 357/2676/1983 2186/2677/1983 4478/2675/1982
f 4478/2675/1982 2186/2677/1983 452/2678/1983 2216/2679/1982
f 2183/2655/1981 4478/2675/1982 2216/2679/1982 449/2656/1981
f 11/2680/2250 1392/2681/2251 4479/2682/2252 2165/2683/2253
f 1392/2681/2251 540/2684/2254 2409/2685/2255 4479/2682/2252
f 4479/2682/2252 2409/2685/2255 538/2686/2256 2217/2687/2257
f 2165/2683/2253 4479/2682/2252 2217/2687/2257 431/2688/2258
f 370/2689/2259 2052/2690/2260 4480/2691/2261 2189/2692/2262
f 2052/2690/2260 363/2491/2128 2188/2494/2131 4480/2691/2261
f 4480/2691/2261 2188/2494/2131 454/2499/2136 2218/2693/2263
f 2189/2692/2262 4480/2691/2261 2218/2693/2263 455/2694/2264
f 341/2663/2239 1996/2695/2265 4481/2696/2266 2184/2664/2240
f 1996/2695/2265 370/2689/2259 2189/2692/2262 4481/2696/2266
f 4481/2696/2266 2189/2692/2262 455/2694/2264 2219/2697/2267
f 2184/2664/2240 4481/2696/2266 2219/2697/2267 450/2665/2241
f 360/2698/2268 2033/2699/2269 4482/2700/2270 2187/2701/2271
f 2033/2699/2269 377/2650/2232 2190/2653/2233 4482/2700/2270
f 4482/2700/2270 2190/2653/2233 456/2658/2234 2220/2702/2272
f 2187/2701/2271 4482/2700/2270 2220/2702/2272 453/2703/2273
f 695/2704/1737 2723/2705/1738 4483/2706/1738 2161/2707/1737
f 2723/2705/1738 696/2708/1739 2162/2709/1739 4483/2706/1738
f 4483/2706/1738 2162/2709/1739 428/2036/1739 2221/2034/1738
f 2161/2707/1737 4483/2706/1738 2221/2034/1738 427/2029/1737
f 694/2710/1735 2722/2711/1736 4484/2712/1736 2160/2713/1735
f 2722/2711/1736 695/2704/1737 2161/2707/1737 4484/2712/1736
f 4484/2712/1736 2161/2707/1737 427/2029/1737 2222/2026/1736
f 2160/2713/1735 4484/2712/1736 2222/2026/1736 426/2025/1735
f 693/2714/1141 2159/2715/1141 4485/2716/1142 2721/2717/1142
f 2159/2715/1141 425/1247/1141 2223/1250/1142 4485/2716/1142
f 4485/2716/1142 2223/1250/1142 428/1255/1143 2162/2718/1143
f 2721/2717/1142 4485/2716/1142 2162/2718/1143 696/2719/1143
f 715/2720/2274 2720/2721/2275 4486/2722/2276 2624/2723/2277
f 2720/2721/2275 692/2724/2278 2158/2725/2279 4486/2722/2276
f 4486/2722/2276 2158/2725/2279 424/1242/1136 2615/1239/1133
f 2624/2723/2277 4486/2722/2276 2615/1239/1133 658/1238/1132
f 693/2726/66 2719/2727/66 4487/2728/66 2159/2729/66
f 2719/2727/67 690/2730/68 2156/2731/68 4487/2728/67
f 4487/2728/67 2156/2731/68 422/70/68 2225/67/67
f 2159/2729/66 4487/2728/66 2225/67/66 425/66/66
f 697/2732/2280 2681/2733/2281 4488/2734/2282 2718/2735/2283
f 2681/2733/2281 462/2736/2284 2229/2737/2285 4488/2734/2282
f 4488/2734/2282 2229/2737/2285 468/2738/2286 2683/2739/2287
f 2718/2735/2283 4488/2734/2282 2683/2739/2287 699/2740/2288
f 698/2741/2289 2230/2742/2290 4489/2743/2291 2717/2744/2292
f 2230/2742/2290 461/2745/2222 2236/2746/2293 4489/2743/2291
f 4489/2743/2291 2236/2746/2293 467/2747/2294 2243/2748/2295
f 2717/2744/2292 4489/2743/2291 2243/2748/2295 701/2749/2296
f 460/2750/2213 2232/2751/2297 4490/2752/2298 2237/2753/2299
f 2232/2751/2297 459/2754/2300 2227/2755/2301 4490/2752/2298
f 4490/2752/2298 2227/2755/2301 465/2756/2302 2245/2757/2303
f 2237/2753/2299 4490/2752/2298 2245/2757/2303 466/2758/2304
f 461/2745/2222 2231/2759/2220 4491/2760/2305 2236/2746/2293
f 2231/2759/2220 460/2761/2213 2237/2762/2299 4491/2760/2305
f 4491/2760/2305 2237/2762/2299 466/2763/2304 2244/2764/2306
f 2236/2746/2293 4491/2760/2305 2244/2764/2306 467/2747/2294
f 679/2403/2068 2663/2765/2307 4492/2766/2308 2716/2767/2309
f 2663/2765/2307 445/2390/2053 2105/2393/2056 4492/2766/2308
f 4492/2766/2310 2105/2393/2062 462/2398/2063 2681/2768/2311
f 2716/2767/2312 4492/2766/2310 2681/2768/2311 697/2769/2313
f 406/2770/1013 2136/2771/1010 4493/2772/2314 2238/2773/2315
f 2136/2771/1010 405/2405/1009 2239/2774/2316 4493/2772/2314
f 4493/2772/2317 2239/2774/2318 459/2775/2319 2232/2776/2320
f 2238/2773/2212 4493/2772/2317 2232/2776/2320 460/2777/2213
f 700/2778/2321 2715/2779/2322 4494/2780/2323 2242/2781/2324
f 2715/2779/2322 701/2782/2325 2243/2783/2295 4494/2780/2323
f 4494/2780/2323 2243/2783/2295 467/2784/2294 2244/2785/2326
f 2242/2781/2327 4494/2780/2323 2244/2785/2326 466/2786/2328
f 699/2787/2329 2714/2788/2330 4495/2789/2331 2241/2790/2332
f 2714/2788/2330 700/2778/2321 2242/2781/2324 4495/2789/2331
f 4495/2789/2331 2242/2781/2327 466/2786/2328 2245/2791/2303
f 2241/2790/2332 4495/2789/2331 2245/2791/2303 465/2792/2302
f 464/2793/2333 2240/2794/2334 4496/2795/2335 2246/2796/2336
f 2240/2794/2334 446/2797/2337 2247/2798/2338 4496/2795/2335
f 4496/2795/2335 2247/2798/2338 469/2799/2339 2249/2800/2340
f 2246/2796/2336 4496/2795/2335 2249/2800/2340 468/2801/2341
f 446/2797/2337 1632/2802/2342 4497/2803/2343 2247/2798/2338
f 1632/2802/2342 150/2804/2344 2248/2805/2345 4497/2803/2343
f 4497/2803/2343 2248/2805/2345 470/2806/2346 2250/2807/2347
f 2247/2798/2338 4497/2803/2343 2250/2807/2347 469/2799/2339
f 457/2808/2348 2235/2809/2349 4498/2810/2350 2226/2811/2351
f 2235/2809/2349 463/2812/2352 2234/2813/2353 4498/2810/2350
f 4498/2810/2354 2234/2813/2355 470/2814/2346 2248/2815/2345
f 2226/2811/2356 4498/2810/2354 2248/2815/2345 150/2816/2344
f 462/2736/2284 2233/2817/2357 4499/2818/2358 2229/2737/2285
f 2233/2817/2357 458/2819/2359 2251/2820/2360 4499/2818/2358
f 4499/2818/2358 2251/2820/2360 464/2821/2361 2246/2822/2362
f 2229/2737/2285 4499/2818/2358 2246/2822/2362 468/2738/2286
f 473/2823/2363 2254/2824/2363 4500/2825/2364 2273/2826/2365
f 2254/2824/2366 472/2827/2367 2272/2828/2368 4500/2825/2366
f 4500/2825/2369 2272/2828/2370 478/2829/2371 2266/2830/2369
f 2273/2826/2365 4500/2825/2364 2266/2830/2372 479/2831/2372
f 474/2832/2373 2256/2833/2374 4501/2834/2375 2271/2835/2376
f 2256/2833/2374 475/2836/826 2255/2837/2377 4501/2834/2375
f 4501/2834/2375 2255/2837/2377 481/2838/2378 2268/2839/2379
f 2271/2835/2376 4501/2834/2375 2268/2839/2379 480/2840/2380
f 128/434/414 1584/2841/2381 4502/2842/2381 2260/435/415
f 1584/2841/2382 91/2843/2383 2261/2844/2384 4502/2842/2385
f 4502/2842/2385 2261/2844/2384 472/2845/2386 2254/2846/2387
f 2260/435/417 4502/2842/2388 2254/2846/2388 473/436/418
f 381/2847/2389 2074/2848/2390 4503/2849/2390 2262/2850/2391
f 2074/2848/2392 384/873/819 2259/876/822 4503/2849/2392
f 4503/2849/2393 2259/876/825 475/878/826 2256/2851/2374
f 2262/2850/2394 4503/2849/2393 2256/2851/2374 474/2852/2373
f 85/2853/2395 2083/2854/2395 4504/2855/2395 2263/2856/2395
f 2083/2854/2396 381/2847/2389 2262/2850/2391 4504/2855/2396
f 4504/2855/2397 2262/2850/2394 474/2852/2373 2258/2857/2398
f 2263/2856/2399 4504/2855/2397 2258/2857/2398 471/2858/2400
f 91/2843/2383 1533/2859/2401 4505/2860/2402 2261/2844/2384
f 1533/2859/2403 85/2853/2403 2263/2856/2403 4505/2860/2403
f 4505/2860/2402 2263/2856/2399 471/2858/2400 2252/2861/2404
f 2261/2844/2384 4505/2860/2402 2252/2861/2404 472/2845/2386
f 478/2862/2405 2264/2863/2406 4506/2864/2407 2267/2865/2408
f 2264/2863/2406 477/2866/2409 2270/2867/2410 4506/2864/2407
f 4506/2864/2407 2270/2867/2410 480/2868/2380 2268/2869/2379
f 2267/2865/2408 4506/2864/2407 2268/2869/2379 481/2870/2378
f 479/2871/2411 2266/2872/2412 4507/2873/2413 2265/2874/2414
f 2266/2872/2412 478/2862/2405 2267/2865/2408 4507/2873/2413
f 4507/2873/2413 2267/2865/2408 481/2870/2378 2269/2875/2415
f 2265/2874/2414 4507/2873/2413 2269/2875/2415 482/2876/2416
f 472/2827/2367 2252/2877/2417 4508/2878/2417 2272/2828/2368
f 2252/2877/2418 471/2879/2418 2274/2880/2419 4508/2878/2420
f 4508/2878/2420 2274/2880/2419 477/2881/2409 2264/2882/2406
f 2272/2828/2370 4508/2878/2420 2264/2882/2406 478/2829/2371
f 475/2836/826 2257/2883/824 4509/2884/2421 2255/2837/2377
f 2257/2883/2422 476/2885/2423 2275/2886/2424 4509/2884/2425
f 4509/2884/2425 2275/2886/2424 482/2887/2416 2269/2888/2415
f 2255/2837/2377 4509/2884/2421 2269/2888/2415 481/2838/2378
f 476/2889/2423 2253/2890/2426 4510/2891/2427 2275/2892/2424
f 2253/2890/2426 473/2893/2428 2273/2894/2429 4510/2891/2427
f 4510/2891/2427 2273/2894/2429 479/2895/2430 2265/2896/2431
f 2275/2892/2424 4510/2891/2427 2265/2896/2431 482/2897/2416
f 471/2898/2400 2258/2899/2398 4511/2900/2432 2274/2901/2419
f 2258/2899/2398 474/2902/2373 2271/2903/2376 4511/2900/2432
f 4511/2900/2432 2271/2903/2376 480/2904/2380 2270/2905/2410
f 2274/2901/2419 4511/2900/2432 2270/2905/2410 477/2906/2409
f 182/1009/953 1928/1042/984 4512/2907/2433 1673/1010/954
f 1928/1042/984 295/1041/983 1922/2908/1585 4512/2907/2433
f 4512/2907/2433 1922/2908/1585 296/1021/963 1913/1019/961
f 1673/1010/954 4512/2907/2433 1913/1019/961 181/1013/957
f 183/1035/977 1674/1039/981 4513/2909/2434 1557/1036/978
f 182/1009/953 1703/1012/956 4513/2909/2434 1674/1039/981
f 185/1018/960 1677/1229/1125 4513/2909/2434 1703/1012/956
f 186/1228/1121 1558/2910/1119 4513/2909/2434 1677/1229/1125
f 59/2911/584 1454/2912/788 4513/2909/2434 1558/2910/1119
f 60/1037/626 1557/1036/979 4513/2909/2434 1454/2912/788
f 169/2913/2435 1992/2914/2026 4514/2915/2436 1656/2916/2437
f 336/2917/2034 1986/2918/2438 4514/2915/2436 1992/2914/2026
f 337/2919/2439 1987/2920/2440 4514/2915/2436 1986/2918/2438
f 338/2921/1747 1730/2922/1745 4514/2915/2436 1987/2920/2440
f 170/2923/2441 1656/2916/2437 4514/2915/2436 1730/2922/1745
f 107/222/203 1495/221/202 4515/2924/2442 2369/2925/2443
f 1495/221/202 516/220/201 2363/2926/2444 4515/2924/2442
f 4515/2924/2442 2363/2926/2444 512/47/47 2379/2927/2445
f 2369/2925/2443 4515/2924/2442 2379/2927/2445 521/2928/2446
f 487/2611/2203 2307/2610/2202 4516/2929/2447 2304/2930/2448
f 2307/2610/2202 489/2609/2201 2306/2931/2449 4516/2929/2447
f 4516/2929/2447 2306/2931/2449 47/2500/2137 2178/2503/2140
f 2304/2930/2448 4516/2929/2447 2178/2503/2140 444/2508/2145
f 486/526/510 2308/2932/2450 4517/2933/2451 2303/2934/2452
f 2308/2932/2450 533/569/554 2402/2935/2453 4517/2933/2451
f 4517/2933/2451 2402/2935/2453 534/124/115 1553/2936/2454
f 2303/2934/2452 4517/2933/2451 1553/2936/2454 71/125/116
f 485/330/316 2309/329/315 4518/2937/2455 2302/2938/2456
f 2309/329/315 488/328/314 2305/2939/2457 4518/2937/2455
f 4518/2937/2455 2305/2939/2457 404/214/195 1517/217/198
f 2302/2938/2456 4518/2937/2455 1517/217/198 107/222/203
f 483/135/126 2310/527/511 4519/2940/2458 2300/136/127
f 2310/527/511 486/526/510 2303/2934/2452 4519/2940/2458
f 4519/2940/2458 2303/2934/2452 71/125/116 1547/128/119
f 2300/136/127 4519/2940/2458 1547/128/119 77/16/16
f 484/567/552 2311/2941/2459 4520/2942/2460 2412/2943/2461
f 525/706/679 2380/2944/2462 4520/2942/2460 2311/2941/2459
f 521/2928/2446 2411/2945/2463 4520/2942/2460 2380/2944/2462
f 542/2946/2464 2414/2947/2465 4520/2942/2460 2411/2945/2463
f 543/2948/2466 2412/2943/2461 4520/2942/2460 2414/2947/2465
f 702/2410/2072 2686/2949/2467 4521/2950/2468 2713/2951/2469
f 2686/2949/2467 487/2611/2203 2304/2930/2448 4521/2950/2468
f 4521/2950/2468 2304/2930/2448 444/2508/2145 2662/2952/2470
f 2713/2951/2469 4521/2950/2468 2662/2952/2470 678/2477/2114
f 493/2363/2021 2320/2362/2020 4522/2953/2471 2316/2954/2472
f 2320/2362/2020 496/2361/2019 2319/2955/2473 4522/2953/2471
f 4522/2953/2471 2319/2955/2473 48/2605/2197 2177/2608/2200
f 2316/2954/2472 4522/2953/2471 2177/2608/2200 443/2613/2205
f 494/452/435 2321/562/547 4523/2956/2474 2317/453/436
f 2321/562/547 495/561/546 2318/2957/2475 4523/2956/2474
f 4523/2956/2474 2318/2957/2475 72/522/506 1546/525/509
f 2317/453/436 4523/2956/2474 1546/525/509 78/131/122
f 703/324/310 2322/323/309 4524/2958/2476 2712/2959/2477
f 2322/323/309 492/322/308 2139/457/440 4524/2958/2476
f 4524/2958/2476 2139/457/440 402/456/439 2101/2960/2478
f 2712/2959/2477 4524/2958/2476 2101/2960/2478 676/2961/2479
f 495/561/546 2323/2962/2480 4525/2963/2481 2318/2957/2475
f 2323/2962/2480 529/700/673 2395/2964/2482 4525/2963/2481
f 4525/2963/2481 2395/2964/2482 537/571/556 1552/2965/2483
f 2318/2957/2475 4525/2963/2481 1552/2965/2483 72/522/506
f 491/461/444 2324/460/443 4526/2966/2484 2314/2967/2485
f 2324/460/443 492/322/308 2315/321/307 4526/2966/2484
f 4526/2966/2484 2315/321/307 403/320/306 1516/327/313
f 2314/2967/2485 4526/2966/2484 1516/327/313 108/332/318
f 490/2968/671 2325/2969/2486 4527/2970/2487 1898/2971/2488
f 2325/2969/2486 522/856/807 2381/2972/2489 4527/2970/2487
f 4527/2970/2487 2381/2972/2489 523/2973/681 1563/2974/2490
f 1898/2971/2488 4527/2970/2487 1563/2974/2490 45/2975/548
f 497/2602/2194 2333/2601/2193 4528/2976/2491 2326/2977/2492
f 2333/2601/2193 500/2600/2192 2329/2978/2493 4528/2976/2491
f 4528/2976/2491 2329/2978/2493 49/2357/2015 2176/2360/2018
f 2326/2977/2492 4528/2976/2491 2176/2360/2018 442/2365/2023
f 498/313/299 2334/312/298 4529/2979/2494 2327/2980/2495
f 2334/312/298 503/311/297 2332/2981/2496 4529/2979/2494
f 4529/2979/2494 2332/2981/2496 402/456/439 1515/459/442
f 2327/2980/2495 4529/2979/2494 1515/459/442 109/463/446
f 704/2416/2078 2688/2982/2497 4530/2983/2498 2711/2984/2499
f 2688/2982/2497 497/2602/2194 2326/2977/2492 4530/2983/2498
f 4530/2983/2498 2326/2977/2492 442/2365/2023 2660/2985/2500
f 2711/2984/2499 4530/2983/2498 2660/2985/2500 676/2961/2479
f 502/2986/537 2336/2987/2501 4531/2988/2502 1440/2989/2503
f 2336/2987/2501 520/2990/664 2383/2991/2504 4531/2988/2502
f 4531/2988/2502 2383/2991/2504 527/858/809 1562/2992/2505
f 1440/2989/2503 4531/2988/2502 1562/2992/2505 44/2993/667
f 501/468/451 2337/521/505 4532/2994/2506 2330/469/452
f 2337/521/505 499/520/504 2328/2995/2507 4532/2994/2506
f 4532/2994/2506 2328/2995/2507 73/557/542 1545/560/545
f 2330/469/452 4532/2994/2506 1545/560/545 79/448/431
f 499/520/504 2338/2996/2508 4533/2997/2509 2328/2995/2507
f 2338/2996/2508 535/554/539 2397/2998/2510 4533/2997/2509
f 4533/2997/2509 2397/2998/2510 530/702/675 1551/2999/2511
f 2328/2995/2507 4533/2997/2509 1551/2999/2511 73/557/542
f 507/488/471 2346/515/499 4534/3000/2512 2342/489/472
f 2346/515/499 510/514/498 2345/3001/2513 4534/3000/2512
f 4534/3000/2512 2345/3001/2513 74/516/500 1544/519/503
f 2342/489/472 4534/3000/2512 1544/519/503 80/464/447
f 705/2422/2084 2689/3002/2514 4535/3003/2515 2710/3004/2516
f 2689/3002/2514 505/2594/2186 2340/3005/2517 4535/3003/2515
f 4535/3003/2515 2340/3005/2517 441/2604/2196 2659/3006/2518
f 2710/3004/2516 4535/3003/2515 2659/3006/2518 675/2412/2074
f 509/305/291 2348/304/290 4536/3007/2519 2344/3008/2520
f 2348/304/290 508/303/289 2343/3009/2521 4536/3007/2519
f 4536/3007/2519 2343/3009/2521 401/307/293 1514/310/296
f 2344/3008/2520 4536/3007/2519 1514/310/296 110/315/301
f 505/2594/2186 2349/2593/2185 4537/3010/2522 2340/3005/2517
f 2349/2593/2185 506/2592/2184 2341/3011/2523 4537/3010/2522
f 4537/3010/2522 2341/3011/2523 50/2596/2188 2175/2599/2191
f 2340/3005/2517 4537/3010/2522 2175/2599/2191 441/2604/2196
f 510/514/498 2350/3012/2524 4538/3013/2525 2345/3001/2513
f 2350/3012/2524 531/546/531 2403/3014/2526 4538/3013/2525
f 4538/3013/2525 2403/3014/2526 532/556/541 1550/3015/2527
f 2345/3001/2513 4538/3013/2525 1550/3015/2527 74/516/500
f 504/544/529 2351/3016/2528 4539/3017/2529 1439/3018/2530
f 2351/3016/2528 526/686/659 2377/3019/2531 4539/3017/2529
f 4539/3017/2529 2377/3019/2531 519/693/666 1561/3020/2532
f 1439/3018/2530 4539/3017/2529 1561/3020/2532 43/548/533
f 706/2481/2118 2690/3021/2533 4540/3022/2534 2709/3023/2535
f 2690/3021/2533 518/2506/2143 2359/3024/2536 4540/3022/2534
f 4540/3022/2534 2359/3024/2536 431/2688/2258 2649/3025/2537
f 2709/3023/2535 4540/3022/2534 2649/3025/2537 665/2301/1975
f 516/220/201 2361/219/200 4541/3026/2538 2357/3027/2539
f 2361/219/200 511/218/199 2352/3028/2540 4541/3026/2538
f 4541/3026/2538 2352/3028/2540 391/2171/1864 1422/2174/1867
f 2357/3027/2539 4541/3026/2538 1422/2174/1867 31/39/39
f 518/2506/2143 2362/2505/2142 4542/3029/2541 2359/3024/2536
f 2362/2505/2142 513/2504/2141 2354/3030/2542 4542/3029/2541
f 4542/3029/2541 2354/3030/2542 11/2680/2250 2165/2683/2253
f 2359/3024/2536 4542/3029/2541 2165/2683/2253 431/2688/2258
f 512/47/47 2363/2926/2444 4543/3031/2543 2353/42/42
f 516/220/201 2357/3027/2539 4543/3031/2543 2363/2926/2444
f 31/39/39 2353/42/42 4543/3031/2543 2357/3027/2539
f 517/129/120 2364/3032/2544 4544/3033/2545 2358/3034/2546
f 528/122/113 2385/121/112 4544/3033/2545 2364/3032/2544
f 514/45/45 1384/44/44 4544/3033/2545 2385/121/112
f 6/43/43 1400/1895/1630 4544/3033/2545 1384/44/44
f 20/1891/1626 2358/3034/2546 4544/3033/2545 1400/1895/1630
f 512/47/47 2365/46/46 4545/3035/2547 2410/3036/2548
f 2365/46/46 514/45/45 2355/118/109 4545/3035/2547
f 4545/3035/2547 2355/118/109 46/117/108 2299/3037/2549
f 2410/3036/2548 4545/3035/2547 2299/3037/2549 541/3038/2550
f 515/18/18 2366/130/121 4546/3039/2551 2356/19/19
f 2366/130/121 517/129/120 2358/3034/2546 4546/3039/2551
f 4546/3039/2551 2358/3034/2546 20/1891/1626 1405/1889/1624
f 2356/19/19 4546/3039/2551 1405/1889/1624 19/20/20
f 527/858/809 2376/857/808 4547/3040/2552 1562/2992/2505
f 2376/857/808 522/856/807 2325/2969/2486 4547/3040/2552
f 4547/3040/2552 2325/2969/2486 490/2968/671 2313/3041/668
f 1562/2992/2505 4547/3040/2552 2313/3041/668 44/2993/667
f 519/693/666 2377/3019/2531 4548/3042/2553 2367/689/662
f 2377/3019/2531 526/686/659 2374/685/658 4548/3042/2553
f 4548/3042/2553 2374/685/658 509/305/291 2344/3008/2520
f 2367/689/662 4548/3042/2553 2344/3008/2520 110/315/301
f 519/693/666 2378/692/665 4549/3043/2554 1561/3020/2532
f 2378/692/665 520/691/664 2336/3044/2501 4549/3043/2554
f 4549/3043/2554 2336/3044/2501 502/552/537 2331/549/534
f 1561/3020/2532 4549/3043/2554 2331/549/534 43/548/533
f 521/2928/2446 2379/2927/2445 4550/3045/2555 2411/2945/2463
f 2379/2927/2445 512/47/47 2410/3036/2548 4550/3045/2555
f 4550/3045/2555 2410/3036/2548 541/3038/2550 2413/3046/2556
f 2411/2945/2463 4550/3045/2555 2413/3046/2556 542/2946/2464
f 521/2928/2446 2380/2944/2462 4551/3047/2557 2369/2925/2443
f 2380/2944/2462 525/706/679 2373/705/678 4551/3047/2557
f 4551/3047/2557 2373/705/678 485/330/316 2302/2938/2456
f 2369/2925/2443 4551/3047/2557 2302/2938/2456 107/222/203
f 523/2973/681 2381/2972/2489 4552/3048/2558 2371/3049/677
f 2381/2972/2489 522/856/807 2370/855/806 4552/3048/2558
f 4552/3048/2558 2370/855/806 491/854/444 2314/3050/2485
f 2371/3049/677 4552/3048/2558 2314/3050/2485 108/3051/318
f 523/708/681 2382/707/680 4553/3052/2559 1563/3053/2490
f 2382/707/680 525/706/679 2311/2941/2459 4553/3052/2559
f 4553/3052/2559 2311/2941/2459 484/567/552 2301/564/549
f 1563/3053/2490 4553/3052/2559 2301/564/549 45/563/548
f 527/3054/809 2383/3055/2504 4554/3056/2560 2375/3057/805
f 2383/3055/2504 520/691/664 2368/690/663 4554/3056/2560
f 4554/3056/2560 2368/690/663 498/313/299 2327/2980/2495
f 2375/3057/805 4554/3056/2560 2327/2980/2495 109/463/446
f 524/682/655 2384/687/660 4555/3058/2561 1560/683/656
f 2384/687/660 526/686/659 2351/3016/2528 4555/3058/2561
f 4555/3058/2561 2351/3016/2528 504/544/529 2339/542/527
f 1560/683/656 4555/3058/2561 2339/542/527 42/538/523
f 537/571/556 2395/2964/2482 4556/3059/2562 2394/566/551
f 2395/2964/2482 529/700/673 2386/699/672 4556/3059/2562
f 4556/3059/2562 2386/699/672 490/698/671 1898/3060/2488
f 2394/566/551 4556/3059/2562 1898/3060/2488 45/563/548
f 532/556/541 2396/555/540 4557/3061/2563 1550/3015/2527
f 2396/555/540 535/554/539 2338/2996/2508 4557/3061/2563
f 4557/3061/2563 2338/2996/2508 499/520/504 1466/517/501
f 1550/3015/2527 4557/3061/2563 1466/517/501 74/516/500
f 530/702/675 2397/2998/2510 4558/3062/2564 2387/697/670
f 2397/2998/2510 535/554/539 2392/553/538 4558/3062/2564
f 4558/3062/2564 2392/553/538 502/552/537 1440/3063/2503
f 2387/697/670 4558/3062/2564 1440/3063/2503 44/694/667
f 537/571/556 2398/570/555 4559/3064/2565 1552/2965/2483
f 2398/570/555 533/569/554 2308/2932/2450 4559/3064/2565
f 4559/3064/2565 2308/2932/2450 486/526/510 1465/523/507
f 1552/2965/2483 4559/3064/2565 1465/523/507 72/522/506
f 534/124/115 2399/123/114 4560/3065/2566 1553/2936/2454
f 2399/123/114 528/122/113 2364/3032/2544 4560/3065/2566
f 4560/3065/2566 2364/3032/2544 517/129/120 1464/126/117
f 1553/2936/2454 4560/3065/2566 1464/126/117 71/125/116
f 536/540/525 2400/547/532 4561/3066/2567 1549/541/526
f 2400/547/532 531/546/531 2350/3012/2524 4561/3066/2567
f 4561/3066/2567 2350/3012/2524 510/514/498 1467/512/496
f 1549/541/526 4561/3066/2567 1467/512/496 75/510/494
f 530/702/675 2401/701/674 4562/3067/2568 1551/2999/2511
f 2401/701/674 529/700/673 2323/2962/2480 4562/3067/2568
f 4562/3067/2568 2323/2962/2480 495/561/546 1903/558/543
f 1551/2999/2511 4562/3067/2568 1903/558/543 73/557/542
f 534/124/115 2402/2935/2453 4563/3068/2569 2391/120/111
f 533/569/554 2390/568/553 4563/3068/2569 2402/2935/2453
f 484/567/552 2412/2943/2461 4563/3068/2569 2390/568/553
f 543/2948/2466 1441/3069/2570 4563/3068/2569 2412/2943/2461
f 46/117/108 2391/120/111 4563/3068/2569 1441/3069/2570
f 532/556/541 2403/3014/2526 4564/3070/2571 2389/551/536
f 2403/3014/2526 531/546/531 2388/545/530 4564/3070/2571
f 4564/3070/2571 2388/545/530 504/544/529 1439/3018/2530
f 2389/551/536 4564/3070/2571 1439/3018/2530 43/548/533
f 707/2305/1979 2407/3071/2572 4565/3072/2573 2708/3073/2574
f 2407/3071/2572 538/2686/2256 2404/3074/2575 4565/3072/2573
f 4565/3072/2573 2404/3074/2575 453/2703/2273 2670/3075/2576
f 2708/3073/2574 4565/3072/2573 2670/3075/2576 686/2285/1959
f 31/39/39 2408/2176/1869 4566/3076/2577 1429/2165/1858
f 2408/2176/1869 539/2175/1868 2405/3077/2578 4566/3076/2577
f 4566/3076/2577 2405/3077/2578 418/2226/1908 2043/2229/1911
f 1429/2165/1858 4566/3076/2577 2043/2229/1911 361/2167/1860
f 538/2686/2256 2409/2685/2255 4567/3078/2579 2404/3074/2575
f 2409/2685/2255 540/2684/2254 2406/3079/2580 4567/3078/2579
f 4567/3078/2579 2406/3079/2580 360/2698/2268 2187/2701/2271
f 2404/3074/2575 4567/3078/2579 2187/2701/2271 453/2703/2273
f 542/2946/2464 2413/3046/2556 4568/3080/2581 1564/3081/2582
f 541/3038/2550 2299/3037/2549 4568/3080/2581 2413/3046/2556
f 46/117/108 1564/3081/2582 4568/3080/2581 2299/3037/2549
f 543/2948/2466 2414/2947/2465 4569/3082/2583 1441/3069/2570
f 542/2946/2464 1564/3081/2582 4569/3082/2583 2414/2947/2465
f 46/117/108 1441/3069/2570 4569/3082/2583 1564/3081/2582
f 547/3083/2584 2421/3084/2585 4570/3085/2586 2455/3086/2587
f 2421/3084/2585 545/3087/2588 2416/3088/2589 4570/3085/2586
f 4570/3085/2586 2416/3088/2589 569/3089/2590 2459/3090/2591
f 2455/3086/2587 4570/3085/2586 2459/3090/2591 568/3091/2592
f 544/3092/2593 2422/3093/2594 4571/3094/2595 2415/3095/2596
f 2422/3093/2594 546/3096/2597 2417/3097/2598 4571/3094/2595
f 4571/3094/2595 2417/3097/2598 566/3098/2599 2462/3099/2600
f 2415/3095/2596 4571/3094/2595 2462/3099/2600 563/3100/2601
f 546/3096/2597 2423/3101/2602 4572/3102/2603 2417/3097/2598
f 2423/3101/2602 548/3103/2604 2419/3104/2605 4572/3102/2603
f 4572/3102/2603 2419/3104/2605 570/3105/2606 2464/3106/2607
f 2417/3097/2598 4572/3102/2603 2464/3106/2607 566/3098/2599
f 549/616/601 2424/3107/2608 4573/3108/2609 2420/617/602
f 2424/3107/2608 544/3092/2593 2415/3095/2596 4573/3108/2609
f 4573/3108/2609 2415/3095/2596 563/3100/2601 2465/3109/2610
f 2420/617/602 4573/3108/2609 2465/3109/2610 564/618/603
f 548/3103/2604 2425/3110/2611 4574/3111/2612 2419/3104/2605
f 2425/3110/2611 547/3083/2584 2455/3086/2587 4574/3111/2612
f 4574/3111/2612 2455/3086/2587 568/3091/2592 2460/3112/2613
f 2419/3104/2605 4574/3111/2612 2460/3112/2613 570/3105/2606
f 550/532/517 2432/678/650 4575/3113/2614 2418/3114/2615
f 2432/678/650 551/289/274 2427/3115/2616 4575/3113/2614
f 4575/3113/2614 2427/3115/2616 545/3087/2588 2421/3084/2585
f 2418/3114/2615 4575/3113/2614 2421/3084/2585 547/3083/2584
f 553/425/405 2433/476/459 4576/3116/2617 2429/3117/2618
f 2433/476/459 552/475/458 2428/3118/2619 4576/3116/2617
f 4576/3116/2617 2428/3118/2619 546/3096/2597 2422/3093/2594
f 2429/3117/2618 4576/3116/2617 2422/3093/2594 544/3092/2593
f 552/475/458 2434/505/489 4577/3119/2620 2428/3118/2619
f 2434/505/489 554/504/488 2430/3120/2621 4577/3119/2620
f 4577/3119/2620 2430/3120/2621 548/3103/2604 2423/3101/2602
f 2428/3118/2619 4577/3119/2620 2423/3101/2602 546/3096/2597
f 555/427/407 2435/426/406 4578/3121/2622 2431/615/600
f 2435/426/406 553/425/405 2429/3117/2618 4578/3121/2622
f 4578/3121/2622 2429/3117/2618 544/3092/2593 2424/3107/2608
f 2431/615/600 4578/3121/2622 2424/3107/2608 549/616/601
f 554/504/488 2436/533/518 4579/3122/2623 2430/3120/2621
f 2436/533/518 550/532/517 2418/3114/2615 4579/3122/2623
f 4579/3122/2623 2418/3114/2615 547/3083/2584 2425/3110/2611
f 2430/3120/2621 4579/3122/2623 2425/3110/2611 548/3103/2604
f 545/3087/2588 2440/3123/2624 4580/3124/2625 2416/3088/2589
f 2440/3123/2624 556/3125/2626 2437/3126/2627 4580/3124/2625
f 4580/3124/2625 2437/3126/2627 567/3127/2628 2458/3128/2629
f 2416/3088/2589 4580/3124/2625 2458/3128/2629 569/3089/2590
f 708/3129/2630 2692/3130/2631 4581/3131/2632 2707/3132/2633
f 2692/3130/2631 558/3133/2634 2439/3134/2635 4581/3131/2632
f 4581/3131/2632 2439/3134/2635 562/3135/2636 2694/3136/2637
f 2707/3132/2633 4581/3131/2632 2694/3136/2637 710/3137/2638
f 558/3133/2634 2442/3138/2639 4582/3139/2640 2439/3134/2635
f 2442/3138/2639 557/3140/2641 2438/3141/2642 4582/3139/2640
f 4582/3139/2640 2438/3141/2642 565/3142/2643 2463/3143/2644
f 2439/3134/2635 4582/3139/2640 2463/3143/2644 562/3135/2636
f 551/289/274 2446/288/272 4583/3144/2645 2427/3115/2616
f 2446/288/272 559/287/271 2443/3145/2646 4583/3144/2645
f 4583/3144/2645 2443/3145/2646 556/3125/2626 2440/3123/2624
f 2427/3115/2616 4583/3144/2645 2440/3123/2624 545/3087/2588
f 709/2432/2095 2693/3146/2647 4584/3147/2648 2706/3148/2649
f 2693/3146/2647 561/2578/2170 2445/3149/2650 4584/3147/2648
f 4584/3147/2648 2445/3149/2650 558/3133/2634 2692/3130/2631
f 2706/3148/2649 4584/3147/2648 2692/3130/2631 708/3129/2630
f 561/2578/2170 2448/2577/2169 4585/3150/2651 2445/3149/2650
f 2448/2577/2169 560/2576/2168 2444/3151/2652 4585/3150/2651
f 4585/3150/2651 2444/3151/2652 557/3140/2641 2442/3138/2639
f 2445/3149/2650 4585/3150/2651 2442/3138/2639 558/3133/2634
f 569/3089/2590 2458/3128/2629 4586/3152/2653 2456/3153/2654
f 2458/3128/2629 567/3127/2628 2454/3154/2655 4586/3152/2653
f 4586/3152/2653 2454/3154/2655 399/292/278 1512/295/281
f 2456/3153/2654 4586/3152/2653 1512/295/281 112/300/286
f 568/3091/2592 2459/3090/2591 4587/3155/2656 1437/3156/2657
f 2459/3090/2591 569/3089/2590 2456/3153/2654 4587/3155/2656
f 4587/3155/2656 2456/3153/2654 112/300/286 1559/680/653
f 1437/3156/2657 4587/3155/2656 1559/680/653 41/534/519
f 570/3105/2606 2460/3112/2613 4588/3157/2658 2457/3158/2659
f 2460/3112/2613 568/3091/2592 1437/3156/2657 4588/3157/2658
f 4588/3157/2658 1437/3156/2657 41/534/519 1548/537/522
f 2457/3158/2659 4588/3157/2658 1548/537/522 76/506/490
f 710/3137/2638 2694/3136/2637 4589/3159/2660 2705/3160/2661
f 2694/3136/2637 562/3135/2636 2449/3161/2662 4589/3159/2660
f 4589/3159/2660 2449/3161/2662 439/2589/2181 2657/3162/2663
f 2705/3160/2661 4589/3159/2660 2657/3162/2663 673/2424/2086
f 563/3100/2601 2462/3099/2600 4590/3163/2664 2450/3164/2665
f 2462/3099/2600 566/3098/2599 2453/3165/2666 4590/3163/2664
f 4590/3163/2664 2453/3165/2666 82/477/460 1536/480/463
f 2450/3164/2665 4590/3163/2664 1536/480/463 85/485/468
f 562/3135/2636 2463/3143/2644 4591/3166/2667 2449/3161/2662
f 2463/3143/2644 565/3142/2643 2452/3167/2668 4591/3166/2667
f 4591/3166/2667 2452/3167/2668 52/2581/2173 2173/2584/2176
f 2449/3161/2662 4591/3166/2667 2173/2584/2176 439/2589/2181
f 566/3098/2599 2464/3106/2607 4592/3168/2669 2453/3165/2666
f 2464/3106/2607 570/3105/2606 2457/3158/2659 4592/3168/2669
f 4592/3168/2669 2457/3158/2659 76/506/490 1542/509/493
f 2453/3165/2666 4592/3168/2669 1542/509/493 82/477/460
f 564/618/603 2465/3109/2610 4593/3169/2670 2451/619/604
f 2465/3109/2610 563/3100/2601 2450/3164/2665 4593/3169/2670
f 4593/3169/2670 2450/3164/2671 85/485/2671 1533/3170/2672
f 2451/619/604 4593/3169/2670 1533/3170/2672 91/620/605
f 573/3171/2673 2468/3172/2674 4594/3173/2675 2470/3174/2676
f 2468/3172/2674 574/3175/2677 2475/3176/2677 4594/3173/2675
f 4594/3173/2678 2475/3176/2217 578/2637/2216 2473/2636/2225
f 2470/3174/2679 4594/3173/2678 2473/2636/2225 576/2635/2224
f 711/3177/2680 2467/3178/2681 4595/3179/2682 2704/3180/2683
f 2467/3178/2681 573/3171/2673 2470/3174/2676 4595/3179/2682
f 4595/3179/2684 2470/3174/2679 576/2635/2224 2472/3181/2685
f 2704/3180/2686 4595/3179/2684 2472/3181/2685 712/3182/2687
f 575/3183/2688 2469/3184/2689 4596/3185/2690 2471/3186/2688
f 2469/3184/2689 571/3187/2691 2466/3188/2692 4596/3185/2690
f 4596/3185/2693 2466/3188/2694 572/3189/2695 2474/3190/2696
f 2471/3186/2697 4596/3185/2693 2474/3190/2696 577/3191/2698
f 149/3192/2699 2181/3193/2700 4597/3194/2701 2478/3195/2702
f 2181/3193/2700 447/3196/2703 2477/3197/2704 4597/3194/2701
f 4597/3194/2701 2477/3197/2704 571/3198/2705 2469/3199/2706
f 2478/3195/2702 4597/3194/2701 2469/3199/2706 575/3200/2707
f 407/2385/2048 2135/3201/2708 4598/3202/2709 2476/2386/2049
f 2135/3201/2708 406/3203/2710 2209/3204/2211 4598/3202/2709
f 4598/3202/2709 2209/3204/2211 574/3205/2219 2468/3206/2711
f 2476/2386/2049 4598/3202/2709 2468/3206/2711 573/2387/2050
f 698/2741/2289 2682/3207/2712 4599/3208/2713 2703/3209/2714
f 2682/3207/2712 463/3210/2352 2479/3211/2715 4599/3208/2713
f 4599/3208/2713 2479/3211/2715 572/3212/2695 2696/3213/2716
f 2703/3209/2714 4599/3208/2713 2696/3213/2716 712/3214/2687
f 463/2812/2352 2235/2809/2349 4600/3215/2717 2479/3216/2715
f 2235/2809/2349 457/2808/2348 2480/3217/2718 4600/3215/2717
f 4600/3215/2717 2480/3217/2718 577/3218/2698 2474/3219/2696
f 2479/3216/2715 4600/3215/2717 2474/3219/2696 572/3220/2695
f 602/3221/2719 2536/3222/2720 4601/3223/2721 2490/3224/2722
f 2536/3222/2720 603/3225/2723 2491/3226/2724 4601/3223/2721
f 4601/3223/2721 2491/3226/2724 589/3227/2725 2495/3228/2726
f 2490/3224/2722 4601/3223/2721 2495/3228/2726 588/3229/2727
f 601/3230/2728 2535/3231/2729 4602/3232/2730 2489/3233/2731
f 2535/3231/2729 602/3221/2719 2490/3224/2722 4602/3232/2730
f 4602/3232/2730 2490/3224/2722 588/3229/2727 2496/3234/2732
f 2489/3233/2731 4602/3232/2730 2496/3234/2732 587/3235/2733
f 593/3236/2734 2534/3237/2735 4603/3238/2736 2509/3239/2737
f 2534/3237/2735 601/3240/2728 2489/3241/2731 4603/3238/2736
f 4603/3238/2736 2489/3241/2731 587/3242/2733 2497/3243/2738
f 2509/3239/2737 4603/3238/2736 2497/3243/2738 580/3244/2739
f 599/3245/2740 2533/3246/2741 4604/3247/2742 2487/3248/2743
f 2533/3246/2741 600/3249/2744 2488/3250/2745 4604/3247/2742
f 4604/3247/2742 2488/3250/2745 586/3251/2746 2498/3252/2742
f 2487/3248/2743 4604/3247/2742 2498/3252/2742 585/3253/2747
f 606/3254/2748 2494/3255/2749 4605/3256/2750 2532/3257/2751
f 2494/3255/2749 592/3258/2752 2499/3259/2753 4605/3256/2750
f 4605/3256/2750 2499/3259/2753 591/3260/2754 2493/3261/2755
f 2532/3257/2751 4605/3256/2750 2493/3261/2755 605/3262/2756
f 595/3263/2757 2531/3264/2758 4606/3265/2759 2483/3266/2760
f 2531/3264/2758 605/3267/2756 2493/3268/2755 4606/3265/2759
f 4606/3265/2759 2493/3268/2755 591/3269/2754 2500/3270/2761
f 2483/3266/2760 4606/3265/2759 2500/3270/2761 581/3271/2762
f 594/3272/2763 2530/3273/2764 4607/3274/2765 2481/3275/2766
f 2530/3273/2764 599/3245/2740 2487/3248/2743 4607/3274/2765
f 4607/3274/2765 2487/3248/2743 585/3253/2747 2501/3276/2767
f 2481/3275/2766 4607/3274/2765 2501/3276/2767 579/3277/2768
f 597/3278/2769 2529/3279/2770 4608/3280/2771 2485/3281/2772
f 2529/3279/2770 598/3282/2773 2486/3283/2774 4608/3280/2771
f 4608/3280/2771 2486/3283/2774 584/3284/2775 2502/3285/2776
f 2485/3281/2772 4608/3280/2771 2502/3285/2776 583/3286/2777
f 596/3287/2778 2528/3288/2779 4609/3289/2780 2484/3290/2781
f 2528/3288/2779 597/3278/2769 2485/3281/2772 4609/3289/2780
f 4609/3289/2780 2485/3281/2772 583/3286/2777 2503/3291/2782
f 2484/3290/2781 4609/3289/2780 2503/3291/2782 582/3292/2783
f 604/3293/2784 2527/3294/2785 4610/3295/2786 2492/3296/2787
f 2527/3294/2785 596/3287/2778 2484/3290/2781 4610/3295/2786
f 4610/3295/2786 2484/3290/2781 582/3292/2783 2504/3297/2788
f 2492/3296/2787 4610/3295/2786 2504/3297/2788 590/3298/2789
f 598/3282/2773 2526/3299/2790 4611/3300/2791 2486/3283/2774
f 2526/3299/2790 593/3236/2734 2509/3239/2737 4611/3300/2791
f 4611/3300/2791 2509/3239/2737 580/3244/2739 2505/3301/2792
f 2486/3283/2774 4611/3300/2791 2505/3301/2792 584/3284/2775
f 660/3302/2793 2617/3303/2794 4612/3304/2795 2623/3305/2796
f 2617/3303/2794 604/3306/2784 2492/3307/2787 4612/3304/2795
f 4612/3304/2795 2492/3307/2787 590/3308/2789 2616/3309/2797
f 2623/3305/2796 4612/3304/2795 2616/3309/2797 659/3310/2798
f 600/3249/2744 2524/3311/2799 4613/3312/2800 2488/3250/2745
f 2524/3311/2799 595/3263/2757 2483/3266/2760 4613/3312/2800
f 4613/3312/2800 2483/3266/2760 581/3271/2762 2507/3313/2801
f 2488/3250/2745 4613/3312/2800 2507/3313/2801 586/3251/2746
f 603/3225/2723 2523/3314/2802 4614/3315/2803 2491/3226/2724
f 2523/3314/2802 594/3316/2763 2481/3317/2766 4614/3315/2803
f 4614/3315/2803 2481/3317/2766 579/3318/2768 2508/3319/2804
f 2491/3226/2724 4614/3315/2803 2508/3319/2804 589/3227/2725
f 156/83/77 1638/82/76 4615/3320/2805 2519/3321/2806
f 1638/82/76 16/81/75 2510/3322/2807 4615/3320/2805
f 4615/3320/2805 2510/3322/2807 594/3316/2763 2523/3314/2802
f 2519/3321/2806 4615/3320/2805 2523/3314/2802 603/3225/2723
f 127/886/834 1403/896/843 4616/3323/2808 2516/3324/2809
f 1403/896/843 18/10/10 2511/3325/2810 4616/3323/2808
f 4616/3323/2808 2511/3325/2810 595/3263/2757 2524/3311/2799
f 2516/3324/2809 4616/3323/2808 2524/3311/2799 600/3249/2744
f 648/3326/1703 2605/3327/2811 4617/3328/2812 2622/3329/2813
f 2605/3327/2811 318/3330/2814 2520/3331/2815 4617/3328/2812
f 4617/3328/2812 2520/3331/2815 604/3306/2784 2617/3303/2794
f 2622/3329/2813 4617/3328/2812 2617/3303/2794 660/3302/2793
f 125/593/578 1399/596/581 4618/3332/2816 2514/3333/2817
f 1399/596/581 15/601/586 1576/3334/2818 4618/3332/2816
f 4618/3332/2816 1576/3334/2818 593/3236/2734 2526/3299/2790
f 2514/3333/2817 4618/3332/2816 2526/3299/2790 598/3282/2773
f 318/834/323 2282/837/791 4619/3335/2819 2520/3336/2815
f 2282/837/791 123/839/793 2512/3337/2820 4619/3335/2819
f 4619/3335/2819 2512/3337/2820 596/3287/2778 2527/3294/2785
f 2520/3336/2815 4619/3335/2819 2527/3294/2785 604/3293/2784
f 123/839/793 1578/841/795 4620/3338/2821 2512/3337/2820
f 1578/841/795 124/843/797 2513/3339/2822 4620/3338/2821
f 4620/3338/2821 2513/3339/2822 597/3278/2769 2528/3288/2779
f 2512/3337/2820 4620/3338/2821 2528/3288/2779 596/3287/2778
f 124/843/797 1579/845/799 4621/3340/2823 2513/3339/2822
f 1579/845/799 125/593/578 2514/3333/2817 4621/3340/2823
f 4621/3340/2823 2514/3333/2817 598/3282/2773 2529/3279/2770
f 2513/3339/2822 4621/3340/2823 2529/3279/2770 597/3278/2769
f 16/90/75 1581/89/83 4622/3341/2824 2510/3342/2807
f 1581/89/83 126/88/82 2515/3343/2825 4622/3341/2824
f 4622/3341/2824 2515/3343/2825 599/3245/2740 2530/3273/2764
f 2510/3342/2807 4622/3341/2824 2530/3273/2764 594/3272/2763
f 18/10/10 2280/3344/2826 4623/3345/2827 2511/3325/2810
f 2280/3344/2828 317/3346/2828 2521/3347/2828 4623/3345/2828
f 4623/3345/2827 2521/3347/2829 605/3267/2756 2531/3264/2758
f 2511/3325/2810 4623/3345/2827 2531/3264/2758 595/3263/2757
f 320/3348/1144 2522/3349/2830 4624/3350/2831 2285/3351/1145
f 2522/3349/2830 606/3254/2748 2532/3257/2751 4624/3350/2831
f 4624/3350/2831 2532/3257/2751 605/3262/2756 2521/3352/2829
f 2285/3351/1145 4624/3350/2831 2521/3352/2832 317/3353/1148
f 126/88/82 1582/884/832 4625/3354/2833 2515/3343/2825
f 1582/884/832 127/886/834 2516/3324/2809 4625/3354/2833
f 4625/3354/2833 2516/3324/2809 600/3249/2744 2533/3246/2741
f 2515/3343/2825 4625/3354/2833 2533/3246/2741 599/3245/2740
f 15/601/586 1398/1227/1124 4626/3355/2834 1576/3334/2818
f 1398/1227/1124 158/1226/1123 2517/3356/2835 4626/3355/2834
f 4626/3355/2834 2517/3356/2835 601/3240/2728 2534/3237/2735
f 1576/3334/2818 4626/3355/2834 2534/3237/2735 593/3236/2734
f 158/1235/1123 1640/1234/1129 4627/3357/2836 2517/3358/2835
f 1640/1234/1129 157/1233/1128 2518/3359/2837 4627/3357/2836
f 4627/3357/2836 2518/3359/2837 602/3221/2719 2535/3231/2729
f 2517/3358/2835 4627/3357/2836 2535/3231/2729 601/3230/2728
f 157/1233/1128 1639/1237/1131 4628/3360/2838 2518/3359/2837
f 1639/1237/1131 156/83/77 2519/3321/2806 4628/3360/2838
f 4628/3360/2838 2519/3321/2806 603/3225/2723 2536/3222/2720
f 2518/3359/2837 4628/3360/2838 2536/3222/2720 602/3221/2719
f 588/3229/2727 2495/3228/2726 4629/3361/2839 2545/3362/2840
f 2495/3228/2726 589/3227/2725 2546/3363/2841 4629/3361/2839
f 4629/3361/2839 2546/3363/2841 616/57/57 2551/1280/1161
f 2545/3362/2840 4629/3361/2839 2551/1280/1161 615/1275/1159
f 587/3235/2733 2496/3234/2732 4630/3364/2842 2544/3365/2843
f 2496/3234/2732 588/3229/2727 2545/3362/2840 4630/3364/2842
f 4630/3364/2842 2545/3362/2840 615/1275/1159 2552/1272/1157
f 2544/3365/2843 4630/3364/2842 2552/1272/1157 614/1271/1155
f 580/3244/2739 2497/3243/2738 4631/3366/2844 2482/3367/2845
f 2497/3243/2738 587/3242/2733 2544/3368/2843 4631/3366/2844
f 4631/3366/2844 2544/3368/2843 614/1267/1155 2553/1265/1153
f 2482/3367/2845 4631/3366/2844 2553/1265/1153 620/764/727
f 585/3253/2747 2498/3252/2742 4632/3369/2846 2542/3370/2847
f 2498/3252/2742 586/3251/2746 2543/3371/2848 4632/3369/2846
f 4632/3369/2846 2543/3371/2848 613/742/705 2554/1157/1066
f 2542/3370/2847 4632/3369/2846 2554/1157/1066 612/791/749
f 592/3258/2752 2549/3372/2849 4633/3373/2850 2499/3259/2753
f 2549/3372/2849 619/1139/1052 2555/1142/1055 4633/3373/2850
f 4633/3373/2850 2555/1142/1055 618/1147/929 2548/3374/2851
f 2499/3259/2753 4633/3373/2850 2548/3374/2851 591/3260/2754
f 581/3271/2762 2500/3270/2761 4634/3375/2852 2538/3376/2853
f 2500/3270/2761 591/3269/2754 2548/3377/2851 4634/3375/2852
f 4634/3375/2852 2548/3377/2851 618/987/929 2556/985/927
f 2538/3376/2853 4634/3375/2852 2556/985/927 608/746/709
f 579/3277/2768 2501/3276/2767 4635/3378/2854 2537/3379/2855
f 2501/3276/2767 585/3253/2747 2542/3370/2847 4635/3378/2854
f 4635/3378/2854 2542/3370/2847 612/791/749 2557/788/747
f 2537/3379/2855 4635/3378/2854 2557/788/747 607/787/61
f 583/3286/2777 2502/3285/2776 4636/3380/2856 2540/3381/2857
f 2502/3285/2776 584/3284/2775 2541/3382/2858 4636/3380/2856
f 4636/3380/2856 2541/3382/2858 611/760/723 2558/784/744
f 2540/3381/2857 4636/3380/2856 2558/784/744 610/780/740
f 582/3292/2783 2503/3291/2782 4637/3383/2859 2539/3384/2860
f 2503/3291/2782 583/3286/2777 2540/3381/2857 4637/3383/2859
f 4637/3383/2859 2540/3381/2857 610/780/740 2559/778/738
f 2539/3384/2860 4637/3383/2859 2559/778/738 609/773/734
f 590/3298/2789 2504/3297/2788 4638/3385/2861 2547/3386/2862
f 2504/3297/2788 582/3292/2783 2539/3384/2860 4638/3385/2861
f 4638/3385/2861 2539/3384/2860 609/773/734 2560/770/732
f 2547/3386/2862 4638/3385/2861 2560/770/732 617/769/718
f 584/3284/2775 2505/3301/2792 4639/3387/2863 2541/3382/2858
f 2505/3301/2792 580/3244/2739 2482/3367/2845 4639/3387/2863
f 4639/3387/2863 2482/3367/2845 620/764/727 2561/761/724
f 2541/3382/2858 4639/3387/2863 2561/761/724 611/760/723
f 659/3310/2798 2616/3309/2797 4640/3388/2864 2621/3389/2865
f 2616/3309/2797 590/3308/2789 2547/3390/2862 4640/3388/2864
f 4640/3388/2864 2547/3390/2862 617/755/718 2618/752/715
f 2621/3389/2865 4640/3388/2864 2618/752/715 661/751/714
f 586/3251/2746 2507/3313/2801 4641/3391/2866 2543/3371/2848
f 2507/3313/2801 581/3271/2762 2538/3376/2853 4641/3391/2866
f 4641/3391/2866 2538/3376/2853 608/746/709 2563/743/706
f 2543/3371/2848 4641/3391/2866 2563/743/706 613/742/705
f 589/3227/2725 2508/3319/2804 4642/3392/2867 2546/3363/2841
f 2508/3319/2804 579/3318/2768 2537/3393/2855 4642/3392/2867
f 4642/3392/2867 2537/3393/2855 607/61/61 2564/58/58
f 2546/3363/2841 4642/3392/2867 2564/58/58 616/57/57
f 7/3394/2868 1390/3395/2869 4643/3396/2870 2163/3397/2871
f 1390/3395/2869 622/2668/2244 2579/2671/2247 4643/3396/2870
f 4643/3396/2870 2579/2671/2247 634/2673/2249 2215/3398/2872
f 2163/3397/2871 4643/3396/2870 2215/3398/2872 429/3399/2873
f 357/2676/1983 2021/3400/2874 4644/3401/2874 2186/2677/1983
f 2021/3400/2874 629/2509/2112 2580/2512/2112 4644/3401/2874
f 4644/3401/2874 2580/2512/2112 633/2517/2112 2193/3402/2874
f 2186/2677/1983 4644/3401/2874 2193/3402/2874 452/2678/1983
f 685/2311/1983 2702/3403/2874 4645/3404/2874 2116/2312/1983
f 2702/3403/2874 713/2471/2112 2581/2474/2112 4645/3404/2874
f 4645/3404/2874 2581/2474/2112 632/223/204 2152/3405/2875
f 2116/2312/1983 4645/3404/2874 2152/3405/2875 417/2159/1852
f 663/3406/2876 2701/3407/2877 4646/3408/2878 2088/3409/2879
f 2701/3407/2877 714/2313/1984 2582/2316/1987 4646/3408/2878
f 4646/3408/2878 2582/2316/1987 631/2321/1820 2126/3410/2880
f 2088/3409/2879 4646/3408/2878 2126/3410/2880 389/3411/2881
f 144/1170/179 1736/1167/1075 4647/3412/2882 1629/3413/1069
f 1736/1167/1075 625/1166/1074 2583/2133/1828 4647/3412/2882
f 4647/3412/2882 2583/2133/1828 627/1841/1592 1939/1844/1595
f 1629/3413/1069 4647/3412/2882 1939/1844/1595 297/1849/1071
f 389/3414/2881 2126/3415/2880 4648/3416/2883 1420/3417/2884
f 2126/3415/2880 631/2127/1820 2584/2130/1823 4648/3416/2883
f 4648/3416/2885 2584/2130/1825 623/2119/1814 1427/3418/2886
f 1420/3417/2887 4648/3416/2885 1427/3418/2886 29/3419/2888
f 29/3419/2888 1427/3418/2886 4649/3420/2889 1378/3421/2890
f 1427/3418/2886 623/2119/1814 2585/2122/1817 4649/3420/2889
f 4649/3420/2889 2585/2122/1817 628/2126/1819 2572/3422/2891
f 1378/3421/2890 4649/3420/2889 2572/3422/2891 1/3423/2892
f 355/2079/1777 2026/2138/1835 4650/3424/2893 2571/2134/1829
f 2026/2138/1834 354/2137/1833 2570/3425/2894 4650/3424/2895
f 4650/3424/2895 2570/3425/2894 626/1845/1597 2586/1842/1596
f 2571/2134/1829 4650/3424/2893 2586/1842/1593 627/1841/1592
f 654/2150/1843 2611/2149/1842 4651/3426/2896 2620/3427/2897
f 2611/2149/1842 352/2148/1766 2568/3428/2898 4651/3426/2896
f 4651/3426/2896 2568/3428/2898 624/1174/1079 2619/1284/1164
f 2620/3427/2897 4651/3426/2896 2619/1284/1164 662/1283/1163
f 353/2073/1764 2569/2131/1826 4652/3429/2899 2027/3430/1765
f 2569/2131/1826 625/1166/1074 2588/1169/1077 4652/3429/2899
f 4652/3429/2899 2588/1169/1077 624/1174/1079 2568/3428/2898
f 2027/3430/1765 4652/3429/2899 2568/3428/2898 352/2148/1766
f 349/2153/1846 2565/3431/2900 4653/3432/2901 2029/2154/1847
f 2565/3431/2900 621/38/38 2589/3433/1041 4653/3432/2901
f 4653/3432/2901 2589/3433/1041 626/3434/1045 2570/3435/2902
f 2029/2154/1847 4653/3432/2901 2570/3435/2902 354/2155/1848
f 417/2159/1852 2152/3405/2875 4654/3436/2903 2030/2160/1853
f 2152/3405/2875 632/223/204 2590/226/207 4654/3436/2903
f 4654/3436/2903 2590/226/207 630/30/30 2022/3437/2904
f 2030/2160/1853 4654/3436/2903 2022/3437/2904 358/2161/1854
f 358/2161/1854 2022/3437/2904 4655/3438/2905 2031/2164/1857
f 2022/3437/2904 630/30/30 2591/33/33 4655/3438/2905
f 4655/3438/2905 2591/33/33 621/38/38 2565/3431/2900
f 2031/2164/1857 4655/3438/2905 2565/3431/2900 349/2153/1846
f 356/2115/1810 2028/3439/2906 4656/3440/2907 2020/3441/1818
f 2028/3439/2906 654/2150/1843 2620/3427/2897 4656/3440/2907
f 4656/3440/2907 2620/3427/2897 662/1283/1163 2587/3442/2908
f 2020/3441/1818 4656/3440/2907 2587/3442/2909 628/3443/1819
f 592/3258/2752 2506/3444/2910 4657/3445/2911 2549/3372/2849
f 2506/3444/2910 659/3310/2798 2621/3389/2865 4657/3445/2911
f 4657/3445/2911 2621/3389/2865 661/751/714 2562/3446/2912
f 2549/3372/2849 4657/3445/2911 2562/3446/2912 619/1139/1052
f 320/3348/1144 1964/3447/1704 4658/3448/2913 2522/3349/2830
f 1964/3447/1704 648/3326/1703 2622/3329/2813 4658/3448/2913
f 4658/3448/2913 2622/3329/2813 660/3302/2793 2525/3449/2914
f 2522/3349/2830 4658/3448/2913 2525/3449/2914 606/3254/2748
f 606/3254/2748 2525/3449/2914 4659/3450/2915 2494/3255/2749
f 2525/3449/2914 660/3302/2793 2623/3305/2796 4659/3450/2915
f 4659/3450/2915 2623/3305/2796 659/3310/2798 2506/3444/2910
f 2494/3255/2749 4659/3450/2915 2506/3444/2910 592/3258/2752
f 663/3451/2876 2700/3452/2916 4660/3453/2917 2647/3454/2918
f 2700/3452/2916 715/2720/2919 2624/2723/2277 4660/3453/2920
f 4660/3453/2920 2624/2723/2277 658/1238/1132 2224/3455/2921
f 2647/3454/2918 4660/3453/2917 2224/3455/2922 429/3456/2923
f 29/3457/2888 1426/3458/2924 4661/3459/2925 1420/3460/2887
f 1426/3458/2924 637/1116/2926 2625/2376/2927 4661/3459/2925
f 4661/3459/2928 2625/2376/2929 657/2380/2930 2134/3461/2931
f 1420/3460/2884 4661/3459/2928 2134/3461/2931 389/3462/2881
f 359/3463/56 2045/3464/2932 4662/3465/2933 2032/3466/1897
f 2045/3464/2932 655/3467/1878 2626/3468/1915 4662/3465/2933
f 4662/3465/2933 2626/3468/1915 656/3469/1767 2067/3470/2934
f 2032/3466/1897 4662/3465/2933 2067/3470/2934 376/3471/1898
f 5/176/54 1387/173/157 4663/3472/2935 1383/3473/55
f 1387/173/157 635/172/156 2627/2183/1876 4663/3472/2935
f 4663/3472/2935 2627/2183/1876 655/2185/1878 2045/3474/2932
f 1383/3473/55 4663/3472/2935 2045/3474/2932 359/3475/56
f 340/2113/1808 2006/3476/2936 4664/3477/2937 1995/2114/1809
f 2006/3476/2936 653/2072/1772 2628/2146/1841 4664/3477/2937
f 4664/3477/2937 2628/2146/1841 654/2150/1843 2028/3439/2906
f 1995/2114/1809 4664/3477/2937 2028/3439/2906 356/2115/1810
f 376/3478/1898 2067/3479/2934 4665/3480/2938 2058/3481/1901
f 2067/3479/2934 656/2067/1767 2629/2070/1770 4665/3480/2938
f 4665/3480/2938 2629/2070/1770 653/2072/1772 2006/3476/2936
f 2058/3481/1901 4665/3480/2938 2006/3476/2936 340/2113/1808
f 323/1973/1696 1966/3482/2939 4666/3483/2940 1974/1974/1697
f 1966/3482/2939 649/2016/1713 2630/2019/1732 4666/3483/2940
f 4666/3483/2940 2630/2019/1732 651/2024/1690 1976/3484/1693
f 1974/1974/1697 4666/3483/2940 1976/3484/1693 329/1977/1685
f 322/3485/327 2607/3486/2941 4667/3487/2942 1982/3488/1603
f 2607/3486/2943 650/2010/1708 2631/2013/1728 4667/3487/2944
f 4667/3487/2945 2631/2013/1728 652/2015/1730 2609/3489/2945
f 1982/3488/1603 4667/3487/2942 2609/3489/2946 328/3490/1604
f 316/194/174 1963/3491/2947 4668/3492/2948 2288/2235/1917
f 1963/3491/2947 647/189/169 2632/1989/1710 4668/3492/2948
f 4668/3492/2948 2632/1989/1710 649/1991/1713 1966/3493/2939
f 2288/2235/1917 4668/3492/2948 1966/3493/2939 323/2236/1696
f 318/336/323 2605/3494/2949 4669/3495/2949 2296/337/324
f 2605/3494/2811 648/1982/1703 2633/1985/1706 4669/3495/2950
f 4669/3495/2950 2633/1985/1706 650/1987/1708 2607/3496/2943
f 2296/337/326 4669/3495/2951 2607/3496/2941 322/338/327
f 327/3497/1606 1975/3498/1605 4670/3499/2952 2608/3500/1733
f 1975/3498/1605 328/3501/1604 2609/3502/2946 4670/3499/2952
f 4670/3499/2953 2609/3502/2954 652/1971/1694 2634/1968/1691
f 2608/3500/1734 4670/3499/2953 2634/1968/1691 651/1967/1690
f 254/1393/1232 1865/3503/2955 4671/3504/2956 1887/1394/1233
f 1865/3503/2955 645/1727/1513 2635/1730/1516 4671/3504/2956
f 4671/3504/2956 2635/1730/1516 646/1735/1508 1881/3505/1507
f 1887/1394/1233 4671/3504/2956 1881/3505/1507 281/1395/1234
f 249/1643/1324 1809/3506/2957 4672/3507/2958 1845/1644/1437
f 1809/3506/2957 644/1626/1336 2636/1629/1424 4672/3507/2958
f 4672/3507/2959 2636/1629/1426 645/1631/1426 1865/3508/2960
f 1845/1644/1439 4672/3507/2959 1865/3508/2960 254/1645/1440
f 233/1487/1201 1780/3509/2961 4673/3510/2962 1823/1488/1323
f 1780/3509/2961 643/1500/1262 2637/1503/1333 4673/3510/2962
f 4673/3510/2962 2637/1503/1333 644/1508/1336 1809/3511/2957
f 1823/1488/1323 4673/3510/2962 1809/3511/2957 249/1489/1324
f 218/1343/898 1751/3512/2963 4674/3513/2964 1794/1344/1200
f 1751/3512/2963 642/1415/1218 2638/1418/1255 4674/3513/2964
f 4674/3513/2965 2638/1418/1261 643/1423/1262 1780/3514/2961
f 1794/1344/1204 4674/3513/2965 1780/3514/2961 233/1345/1201
f 204/956/896 1694/3515/2966 4675/3516/2967 1773/957/897
f 1694/3515/2966 641/1359/952 2639/1362/1216 4675/3516/2967
f 4675/3516/2967 2639/1362/1216 642/1367/1218 1751/3517/2963
f 1773/957/897 4675/3516/2967 1751/3517/2963 218/958/898
f 628/3443/1819 2587/3442/2909 4676/3518/2968 2572/3519/2891
f 2587/3442/2908 662/1283/1163 2640/1286/1166 4676/3518/2969
f 4676/3518/2969 2640/1286/1166 638/1288/1028 2595/3520/2970
f 2572/3519/2891 4676/3518/2968 2595/3520/2971 1/3521/2892
f 429/3456/2873 2224/3455/2972 4677/3522/2973 2163/3523/2871
f 2224/3455/2921 658/1238/1132 2641/1241/1135 4677/3522/2974
f 4677/3522/2974 2641/1241/1135 636/1246/1140 1395/3524/2975
f 2163/3523/2871 4677/3522/2973 1395/3524/2976 7/3525/2868
f 1/3526/2892 2595/3527/2971 4678/3528/2977 1378/3529/2890
f 2595/3527/2970 638/1111/1028 2642/1114/1031 4678/3528/2978
f 4678/3528/2977 2642/1114/2979 637/1116/2926 1426/3458/2924
f 1378/3529/2890 4678/3528/2977 1426/3458/2924 29/3457/2888
f 190/1291/1056 1681/3530/2980 4679/3531/2981 1742/1292/1168
f 1681/3530/2980 640/1003/722 2643/1006/948 4679/3531/2981
f 4679/3531/2982 2643/1006/951 641/1008/952 1694/3532/2966
f 1742/1292/1170 4679/3531/2982 1694/3532/2966 204/1293/896
f 619/1139/1052 2562/3446/2912 4680/3533/2983 2287/1140/1053
f 2562/3446/2912 661/751/714 2644/754/717 4680/3533/2983
f 4680/3533/2983 2644/754/717 640/759/722 1681/3534/2980
f 2287/1140/1053 4680/3533/2983 1681/3534/2980 190/1143/1056
f 167/190/170 1653/3535/2984 4681/3536/2985 2292/191/171
f 1653/3535/2984 639/181/163 2645/184/165 4681/3536/2985
f 4681/3536/2985 2645/184/165 647/189/169 1963/3491/2947
f 2292/191/171 4681/3536/2985 1963/3491/2947 316/194/174
f 148/2144/1038 2592/2181/1874 4682/3537/2986 1717/3538/1039
f 2592/2181/1874 635/172/156 2646/175/159 4682/3537/2986
f 4682/3537/2986 2646/175/159 639/180/163 1653/3539/2984
f 1717/3538/1039 4682/3537/2986 1653/3539/2984 167/3540/170
f 389/3462/2881 2134/3461/2931 4683/3541/2987 2088/3542/2879
f 2134/3461/2931 657/2380/2930 2699/3543/2988 4683/3541/2987
f 4683/3541/2987 2699/3543/2988 715/2720/2919 2700/3452/2916
f 2088/3542/2879 4683/3541/2987 2700/3452/2916 663/3451/2876
f 429/3544/2923 2215/3545/2989 4684/3546/2990 2647/3547/2918
f 2215/3545/2989 634/3548/2991 2698/3549/2992 4684/3546/2990
f 4684/3546/2990 2698/3549/2992 714/2313/1984 2701/3407/2877
f 2647/3547/2918 4684/3546/2990 2701/3407/2877 663/3406/2876
f 452/2678/1983 2193/3402/2874 4685/3550/2874 2669/3551/1983
f 2193/3402/2874 633/2517/2112 2697/3552/2112 4685/3550/2874
f 4685/3550/2874 2697/3552/2112 713/2471/2112 2702/3403/2874
f 2669/3551/1983 4685/3550/2874 2702/3403/2874 685/2311/1983
f 461/2633/2222 2230/3553/2290 4686/3554/2993 2208/2634/2223
f 2230/3553/2290 698/3555/2289 2703/3556/2714 4686/3554/2993
f 4686/3554/2993 2703/3556/2714 712/3182/2687 2472/3181/2685
f 2208/2634/2223 4686/3554/2993 2472/3181/2685 576/2635/2224
f 571/3187/2691 2695/3557/2994 4687/3558/2995 2466/3188/2692
f 2695/3557/2994 711/3177/2680 2704/3180/2683 4687/3558/2995
f 4687/3558/2996 2704/3180/2686 712/3182/2687 2696/3559/2716
f 2466/3188/2694 4687/3558/2996 2696/3559/2716 572/3189/2695
f 567/3127/2628 2461/3560/2997 4688/3561/2998 2454/3154/2655
f 2461/3560/2997 710/3137/2638 2705/3160/2661 4688/3561/2998
f 4688/3561/2998 2705/3160/2661 673/2424/2086 2098/2427/2089
f 2454/3154/2655 4688/3561/2998 2098/2427/2089 399/292/278
f 559/287/271 2447/2433/2096 4689/3562/2999 2443/3145/2646
f 2447/2433/2096 709/2432/2095 2706/3148/2649 4689/3562/2999
f 4689/3562/2999 2706/3148/2649 708/3129/2630 2441/3563/3000
f 2443/3145/2646 4689/3562/2999 2441/3563/3000 556/3125/2626
f 556/3125/2626 2441/3563/3000 4690/3564/2633 2437/3126/2627
f 2441/3563/3000 708/3129/2630 2707/3132/2633 4690/3564/2633
f 4690/3564/2633 2707/3132/2633 710/3137/2638 2461/3560/2997
f 2437/3126/2627 4690/3564/2633 2461/3560/2997 567/3127/2628
f 539/2175/1868 2691/2306/1980 4691/3565/3001 2405/3077/2578
f 2691/2306/1980 707/2305/1979 2708/3073/2574 4691/3565/3001
f 4691/3565/3001 2708/3073/2574 686/2285/1959 2117/2288/1962
f 2405/3077/2578 4691/3565/3001 2117/2288/1962 418/2226/1908
f 511/218/199 2360/2482/2119 4692/3566/3002 2352/3028/2540
f 2360/2482/2119 706/2481/2118 2709/3023/2535 4692/3566/3002
f 4692/3566/3002 2709/3023/2535 665/2301/1975 2090/2304/1978
f 2352/3028/2540 4692/3566/3002 2090/2304/1978 391/2171/1864
f 508/303/289 2347/2423/2085 4693/3567/3003 2343/3009/2521
f 2347/2423/2085 705/2422/2084 2710/3004/2516 4693/3567/3003
f 4693/3567/3003 2710/3004/2516 675/2412/2074 2100/2415/2077
f 2343/3009/2521 4693/3567/3003 2100/2415/2077 401/307/293
f 503/311/297 2335/2417/2079 4694/3568/3004 2332/2981/2496
f 2335/2417/2079 704/2416/2078 2711/2984/2499 4694/3568/3004
f 4694/3568/3004 2711/2984/2499 676/2961/2479 2101/2960/2478
f 2332/2981/2496 4694/3568/3004 2101/2960/2478 402/456/439
f 493/2363/2021 2687/3569/3005 4695/3570/3006 2210/2364/2022
f 2687/3569/3005 703/324/310 2712/2959/2477 4695/3570/3006
f 4695/3570/3006 2712/2959/2477 676/2961/2479 2660/2985/2500
f 2210/2364/2022 4695/3570/3006 2660/2985/2500 442/2365/2023
f 488/328/314 2312/2411/2073 4696/3571/3007 2305/2939/2457
f 2312/2411/2073 702/2410/2072 2713/2951/2469 4696/3571/3007
f 4696/3571/3007 2713/2951/2469 678/2477/2114 2103/2480/2117
f 2305/2939/2457 4696/3571/3007 2103/2480/2117 404/214/195
f 468/2801/2341 2249/2800/2340 4697/3572/3008 2683/3573/3009
f 2249/2800/2340 469/2799/2339 2684/3574/3010 4697/3572/3008
f 4697/3572/3008 2684/3574/3010 700/2778/2321 2714/2788/2330
f 2683/3573/3009 4697/3572/3008 2714/2788/2330 699/2787/2329
f 469/2799/2339 2250/2807/2347 4698/3575/3011 2684/3574/3010
f 2250/2807/2347 470/2806/2346 2685/3576/3012 4698/3575/3011
f 4698/3575/3011 2685/3576/3012 701/2782/2325 2715/2779/2322
f 2684/3574/3010 4698/3575/3011 2715/2779/2322 700/2778/2321
f 405/2405/1009 2104/2404/2069 4699/3577/3013 2239/2774/2316
f 2104/2404/2069 679/2403/2068 2716/2767/2309 4699/3577/3013
f 4699/3577/3014 2716/2767/2312 697/2769/2313 2228/3578/3015
f 2239/2774/2318 4699/3577/3014 2228/3578/3015 459/2775/2319
f 463/3210/2352 2682/3207/2712 4700/3579/3016 2234/3580/2353
f 2682/3207/2712 698/2741/2289 2717/2744/2292 4700/3579/3016
f 4700/3579/3016 2717/2744/2292 701/2749/2296 2685/3581/3017
f 2234/3580/2355 4700/3579/3016 2685/3581/3017 470/3582/2346
f 459/2754/2300 2228/3583/3018 4701/3584/3019 2227/2755/2301
f 2228/3583/3018 697/2732/2280 2718/2735/2283 4701/3584/3019
f 4701/3584/3019 2718/2735/2283 699/2740/2288 2241/3585/2332
f 2227/2755/2301 4701/3584/3019 2241/3585/2332 465/2756/2302
f 409/2490/2127 2155/2489/2126 4702/3586/66 2677/3587/66
f 2155/2489/2125 90/2488/208 2674/3588/68 4702/3586/67
f 4702/3586/67 2674/3588/68 690/2730/68 2719/2727/67
f 2677/3587/66 4702/3586/66 2719/2727/66 693/2726/66
f 657/2380/2043 2614/2379/2042 4703/3589/3020 2699/3543/3021
f 2614/2379/2042 408/2378/2041 2676/3590/3022 4703/3589/3020
f 4703/3589/3020 2676/3590/3022 692/2724/2278 2720/2721/2275
f 2699/3543/3021 4703/3589/3020 2720/2721/2275 715/2720/2274
f 409/2370/2028 2677/3591/1141 4704/3592/1142 2133/2371/2029
f 2677/3591/1141 693/2714/1141 2721/2717/1142 4704/3592/1142
f 4704/3592/1142 2721/2717/1142 696/2719/1143 2680/3593/1143
f 2133/2371/2029 4704/3592/1142 2680/3593/1143 413/2372/2031
f 411/2350/2013 2131/2349/2012 4705/3594/1736 2678/3595/1735
f 2131/2349/2012 412/2344/2007 2679/3596/1737 4705/3594/1736
f 4705/3594/1736 2679/3596/1737 695/2704/1737 2722/2711/1736
f 2678/3595/1735 4705/3594/1736 2722/2711/1736 694/2710/1735
f 412/2344/2007 2130/2343/2006 4706/3597/1738 2679/3596/1737
f 2130/2343/2006 413/2342/2005 2680/3598/1739 4706/3597/1738
f 4706/3597/1738 2680/3598/1739 696/2708/1739 2723/2705/1738
f 2679/3596/1737 4706/3597/1738 2723/2705/1738 695/2704/1737
f 454/2499/2136 2191/2498/2135 4707/3599/3023 2671/3600/3024
f 2191/2498/2135 432/2497/2134 2650/3601/3025 4707/3599/3023
f 4707/3599/3023 2650/3601/3025 666/2454/2101 2724/2483/2120
f 2671/3600/3024 4707/3599/3023 2724/2483/2120 687/2299/1973
f 444/2508/2145 2192/2507/2144 4708/3602/3026 2662/2952/2470
f 2192/2507/2144 518/2506/2143 2690/3021/2533 4708/3602/3026
f 4708/3602/3026 2690/3021/2533 706/2481/2118 2725/2478/2115
f 2662/2952/2470 4708/3602/3026 2725/2478/2115 678/2477/2114
f 633/2517/2112 2577/2516/2113 4709/3603/2113 2697/3552/2112
f 2577/2516/2113 422/2515/68 2156/3604/68 4709/3603/2113
f 4709/3603/2113 2156/3604/68 690/2475/68 2726/2472/2113
f 2697/3552/2112 4709/3603/2113 2726/2472/2113 713/2471/2112
f 438/2526/2154 2194/2525/2153 4710/3605/3027 2656/3606/3028
f 2194/2525/2153 423/2524/2152 2157/3607/3029 4710/3605/3027
f 4710/3605/3027 2157/3607/3029 691/2469/2064 2727/2467/2110
f 2656/3606/3028 4710/3605/3027 2727/2467/2110 672/2438/2098
f 447/2535/2163 2195/2534/2162 4711/3608/3030 2664/3609/3031
f 2195/2534/2162 430/2533/2161 2648/3610/3032 4711/3608/3030
f 4711/3608/3030 2648/3610/3032 664/2462/2108 2728/2459/2105
f 2664/3609/3031 4711/3608/3030 2728/2459/2105 680/2458/2104
f 432/2497/2134 2196/2541/2102 4712/3611/2102 2650/3601/3025
f 2196/2541/2102 433/2540/2100 2651/3612/2100 4712/3611/2102
f 4712/3611/2102 2651/3612/2100 667/2450/2100 2729/2455/2102
f 2650/3601/3025 4712/3611/2102 2729/2455/2102 666/2454/2101
f 433/2540/2100 2197/2547/2014 4713/3613/2014 2651/3612/2100
f 2197/2547/2014 434/2546/2014 2652/3614/2014 4713/3613/2014
f 4713/3613/2014 2652/3614/2014 668/2351/2014 2730/2451/2014
f 2651/3612/2100 4713/3613/2014 2730/2451/2014 667/2450/2100
f 448/2556/2014 2198/2555/2014 4714/3615/2014 2665/3616/2014
f 2198/2555/2014 435/2554/2014 2653/3617/2014 4714/3615/2014
f 4714/3615/2014 2653/3617/2014 669/2444/2014 2731/2448/2014
f 2665/3616/2014 4714/3615/2014 2731/2448/2014 681/2355/2014
f 435/2554/2014 2199/2562/2014 4715/3618/2014 2653/3617/2014
f 2199/2562/2014 436/2561/2014 2654/3619/2014 4715/3618/2014
f 4715/3618/2014 2654/3619/2014 670/2440/2014 2732/2445/2014
f 2653/3617/2014 4715/3618/2014 2732/2445/2014 669/2444/2014
f 436/2561/2014 2200/2568/2014 4716/3620/2014 2654/3619/2014
f 2200/2568/2014 437/2567/2014 2655/3621/2014 4716/3620/2014
f 4716/3620/2014 2655/3621/2014 671/2434/2014 2733/2441/2014
f 2654/3619/2014 4716/3620/2014 2733/2441/2014 670/2440/2014
f 437/2567/2014 2201/2571/2014 4717/3622/2014 2655/3621/2014
f 2201/2571/2014 438/2526/2154 2656/3606/3028 4717/3622/2014
f 4717/3622/2014 2656/3606/3028 672/2438/2098 2734/2435/2014
f 2655/3621/2014 4717/3622/2014 2734/2435/2014 671/2434/2014
f 430/2580/2172 2202/2579/2171 4718/3623/3033 2648/3624/3034
f 2202/2579/2171 561/2578/2170 2693/3146/2647 4718/3623/3033
f 4718/3623/3033 2693/3146/2647 709/2432/2095 2735/2429/2094
f 2648/3624/3034 4718/3623/3033 2735/2429/2091 664/2428/2090
f 439/2589/2181 2203/2588/2180 4719/3625/3035 2657/3162/2663
f 2203/2588/2180 440/2587/2179 2658/3626/3036 4719/3625/3035
f 4719/3625/3035 2658/3626/3036 674/2418/2080 2736/2425/2087
f 2657/3162/2663 4719/3625/3035 2736/2425/2087 673/2424/2086
f 440/2587/2179 2204/2595/2187 4720/3627/3037 2658/3626/3036
f 2204/2595/2187 505/2594/2186 2689/3002/2514 4720/3627/3037
f 4720/3627/3037 2689/3002/2514 705/2422/2084 2737/2419/2081
f 2658/3626/3036 4720/3627/3037 2737/2419/2081 674/2418/2080
f 441/2604/2196 2205/2603/2195 4721/3628/3038 2659/3006/2518
f 2205/2603/2195 497/2602/2194 2688/2982/2497 4721/3628/3038
f 4721/3628/3038 2688/2982/2497 704/2416/2078 2738/2413/2075
f 2659/3006/2518 4721/3628/3038 2738/2413/2075 675/2412/2074
f 443/2613/2205 2206/2612/2204 4722/3629/3039 2661/3630/3040
f 2206/2612/2204 487/2611/2203 2686/2949/2467 4722/3629/3039
f 4722/3629/3039 2686/2949/2467 702/2410/2072 2739/2408/2070
f 2661/3630/3040 4722/3629/3039 2739/2408/2070 677/316/302
f 423/2619/2152 2207/2618/2208 4723/3631/3041 2157/3632/3029
f 2207/2618/2208 445/2390/2053 2663/2765/2307 4723/3631/3041
f 4723/3631/3041 2663/2765/2307 679/2403/2068 2740/2400/2065
f 2157/3632/3029 4723/3631/3041 2740/2400/2065 691/2399/2064
f 447/3633/2703 2664/3634/3042 4724/3635/3043 2477/3636/2704
f 2664/3634/3042 680/3637/2044 2741/3638/2047 4724/3635/3043
f 4724/3635/3043 2741/3638/2047 711/3639/2052 2695/3640/3044
f 2477/3636/2704 4724/3635/3043 2695/3640/3044 571/3641/2705
f 434/2546/2014 2211/2640/2014 4725/3642/2014 2652/3614/2014
f 2211/2640/2014 448/2556/2014 2665/3616/2014 4725/3642/2014
f 4725/3642/2014 2665/3616/2014 681/2355/2014 2742/2352/2014
f 2652/3614/2014 4725/3642/2014 2742/2352/2014 668/2351/2014
f 424/2645/1136 2158/3643/2279 4726/3644/3045 2212/2646/2228
f 2158/3643/2279 692/2330/1993 2743/2333/1996 4726/3644/3045
f 4726/3644/3045 2743/2333/1996 694/2335/1998 2160/3645/3046
f 2212/2646/2228 4726/3644/3045 2160/3645/3046 426/2647/2229
f 456/2658/2234 2213/2657/1992 4727/3646/1992 2673/3647/3047
f 2213/2657/1992 449/2656/1981 2666/3648/1981 4727/3646/1992
f 4727/3646/1992 2666/3648/1981 682/2307/1981 2744/2328/1992
f 2673/3647/3047 4727/3646/1992 2744/2328/1992 689/2289/1963
f 451/3649/3048 2214/3650/2242 4728/3651/3049 2668/3652/3050
f 2214/3650/2242 450/3653/2241 2667/3654/3051 4728/3651/3049
f 4728/3651/3049 2667/3654/3051 683/2324/1965 2745/2322/1990
f 2668/3652/3050 4728/3651/3049 2745/2322/1990 684/2317/1988
f 634/3548/2991 2578/3655/3052 4729/3656/3053 2698/3549/2992
f 2578/3655/3052 451/3649/3048 2668/3652/3050 4729/3656/3053
f 4729/3656/3053 2668/3652/3050 684/2317/1988 2746/2314/1985
f 2698/3549/2992 4729/3656/3053 2746/2314/1985 714/2313/1984
f 449/2656/1981 2216/2679/1982 4730/3657/1982 2666/3648/1981
f 2216/2679/1982 452/2678/1983 2669/3551/1983 4730/3657/1982
f 4730/3657/1982 2669/3551/1983 685/2311/1983 2747/2308/1982
f 2666/3648/1981 4730/3657/1982 2747/2308/1982 682/2307/1981
f 431/2688/2258 2217/2687/2257 4731/3658/3054 2649/3025/2537
f 2217/2687/2257 538/2686/2256 2407/3071/2572 4731/3658/3054
f 4731/3658/3054 2407/3071/2572 707/2305/1979 2748/2302/1976
f 2649/3025/2537 4731/3658/3054 2748/2302/1976 665/2301/1975
f 455/2694/2264 2218/2693/2263 4732/3659/3055 2672/3660/3056
f 2218/2693/2263 454/2499/2136 2671/3600/3024 4732/3659/3055
f 4732/3659/3055 2671/3600/3024 687/2299/1973 2749/2297/1971
f 2672/3660/3056 4732/3659/3055 2749/2297/1971 688/2295/1969
f 450/2665/2241 2219/2697/2267 4733/3661/3057 2667/3662/3051
f 2219/2697/2267 455/2694/2264 2672/3660/3056 4733/3661/3057
f 4733/3661/3057 2672/3660/3056 688/2295/1969 2750/2292/1966
f 2667/3662/3051 4733/3661/3057 2750/2292/1966 683/2291/1965
f 453/2703/2273 2220/2702/2272 4734/3663/3058 2670/3075/2576
f 2220/2702/2272 456/2658/2234 2673/3647/3047 4734/3663/3058
f 4734/3663/3058 2673/3647/3047 689/2289/1963 2751/2286/1960
f 2670/3075/2576 4734/3663/3058 2751/2286/1960 686/2285/1959
f 443/2613/2205 2661/3630/3040 4735/3664/3059 2316/2954/2472
f 2661/3630/3040 677/316/302 2752/319/305 4735/3664/3059
f 4735/3664/3059 2752/319/305 703/324/310 2687/3569/3005
f 2316/2954/2472 4735/3664/3059 2687/3569/3005 493/2363/2021
f 863/3665/3060 3093/3666/3061 4736/3667/3062 3012/3668/3063
f 3093/3666/3061 842/3669/3064 2984/3670/3065 4736/3667/3062
f 4736/3667/3062 2984/3670/3065 719/3671/3066 2755/3672/3067
f 3012/3668/3063 4736/3667/3062 2755/3672/3067 739/3673/3068
f 727/3674/3069 2773/3675/3070 4737/3676/3071 2834/3677/3072
f 728/3678/3073 3688/3679/3074 4737/3676/3071 2773/3675/3070
f 1186/3680/3075 2827/3681/3076 4737/3676/3071 3688/3679/3074
f 774/3682/3077 2899/3683/3078 4737/3676/3071 2827/3681/3076
f 783/3684/3079 2834/3677/3072 4737/3676/3071 2899/3683/3078
f 810/3685/3080 2928/3686/3081 4738/3687/3082 2858/3688/3083
f 2928/3686/3081 749/3689/3084 2756/3690/3085 4738/3687/3082
f 4738/3687/3082 2756/3690/3085 718/3691/3086 2794/3692/3087
f 2858/3688/3083 4738/3687/3082 2794/3692/3087 743/3693/3088
f 1293/3694/3089 3914/3695/3090 4739/3696/3091 3897/3697/3092
f 3914/3695/3090 1286/3698/3093 2757/3699/3094 4739/3696/3091
f 4739/3696/3091 2757/3699/3094 717/3700/3095 2793/3701/3096
f 3897/3697/3092 4739/3696/3091 2793/3701/3096 742/3702/3097
f 740/3703/3098 3686/3704/3099 4740/3705/3100 2760/3706/3101
f 3686/3704/3099 1184/3707/3102 3697/3708/3103 4740/3705/3100
f 4740/3705/3100 3697/3708/3103 1185/3709/3104 2759/3710/3105
f 2760/3706/3101 4740/3705/3100 2759/3710/3105 721/3711/3106
f 1046/3712/3107 3393/3713/3108 4741/3714/3109 3380/3715/3110
f 3393/3713/3108 1043/3716/3111 2758/3717/3112 4741/3714/3109
f 4741/3714/3109 2758/3717/3112 720/3718/3113 2761/3719/3114
f 3380/3715/3110 4741/3714/3109 2761/3719/3114 741/3720/3115
f 1281/3721/3116 3089/3722/3117 4742/3723/3118 3889/3724/3119
f 3089/3722/3117 879/3725/3120 3033/3726/3121 4742/3723/3118
f 4742/3723/3118 3033/3726/3121 816/3727/3122 2933/3728/3123
f 3889/3724/3119 4742/3723/3118 2933/3728/3123 1272/3729/3124
f 1105/3730/66 3086/3731/66 4743/3732/66 3565/3733/66
f 3086/3731/66 152/74/66 1634/73/66 4743/3732/66
f 4743/3732/67 1634/73/67 8/72/68 2763/3734/68
f 3565/3733/67 4743/3732/67 2763/3734/68 1102/3735/68
f 876/3736/3125 3083/3737/3126 4744/3738/3127 3030/3739/3128
f 3083/3737/3126 848/3740/3129 2993/3741/3130 4744/3738/3127
f 4744/3738/3127 2993/3741/3130 725/3742/3131 2766/3743/3132
f 3030/3739/3128 4744/3738/3127 2766/3743/3132 767/3744/3133
f 831/3745/3134 2912/3746/3135 4745/3747/3136 2981/3748/3137
f 2912/3746/3135 767/3749/3133 2766/3750/3132 4745/3747/3136
f 4745/3747/3136 2766/3750/3132 725/3751/3131 2939/3752/3138
f 2981/3748/3137 4745/3747/3136 2939/3752/3138 823/3753/3139
f 842/3669/3064 3080/3754/3140 4746/3755/3141 2984/3670/3065
f 3080/3754/3140 851/3756/3142 2996/3757/3143 4746/3755/3141
f 4746/3755/3141 2996/3757/3143 737/3758/3144 2770/3759/3145
f 2984/3670/3065 4746/3755/3141 2770/3759/3145 719/3671/3066
f 851/3756/3142 3078/3760/3146 4747/3761/3147 2996/3757/3143
f 3078/3760/3146 853/3762/3148 2999/3763/3149 4747/3761/3147
f 4747/3761/3147 2999/3763/3149 736/3764/3150 2781/3765/3151
f 2996/3757/3143 4747/3761/3147 2781/3765/3151 737/3758/3144
f 853/3762/3148 3076/3766/3152 4748/3767/3153 2999/3763/3149
f 3076/3766/3152 855/3768/3154 3002/3769/3155 4748/3767/3153
f 4748/3767/3153 3002/3769/3155 735/3770/3156 2780/3771/3157
f 2999/3763/3149 4748/3767/3153 2780/3771/3157 736/3764/3150
f 855/3768/3154 3074/3772/3158 4749/3773/3159 3002/3769/3155
f 3074/3772/3158 857/3774/3160 3005/3775/3161 4749/3773/3159
f 4749/3773/3159 3005/3775/3161 734/3776/3162 2779/3777/3163
f 3002/3769/3155 4749/3773/3159 2779/3777/3163 735/3770/3156
f 755/3778/3164 3723/3779/3165 4750/3780/3166 3687/3781/3167
f 3723/3779/3165 1205/3782/3168 3731/3783/3169 4750/3780/3166
f 4750/3780/3166 3731/3783/3169 1199/3784/3170 3717/3785/3171
f 3687/3781/3167 4750/3780/3166 3717/3785/3171 1185/3709/3104
f 768/3786/3172 2905/3787/3173 4751/3788/3174 2822/3789/3175
f 2905/3787/3173 774/3682/3077 2827/3681/3076 4751/3788/3174
f 4751/3788/3174 2827/3681/3076 1186/3680/3075 3698/3790/3176
f 2822/3789/3175 4751/3788/3174 3698/3790/3176 1188/3791/3177
f 775/3792/3178 2898/3793/3179 4752/3794/3180 2828/3795/3181
f 784/3796/3182 2835/3797/3183 4752/3794/3180 2898/3793/3179
f 783/3684/3079 2899/3683/3078 4752/3794/3180 2835/3797/3183
f 774/3682/3077 3637/3798/3184 4752/3794/3180 2899/3683/3078
f 1159/3799/3185 2828/3795/3181 4752/3794/3180 3637/3798/3184
f 749/3800/3084 2890/3801/3186 4753/3802/3187 2756/3803/3085
f 2890/3801/3186 789/3804/3188 2839/3805/3189 4753/3802/3187
f 4753/3802/3187 2839/3805/3189 730/3806/3190 2775/3807/3191
f 2756/3803/3085 4753/3802/3187 2775/3807/3191 718/3808/3086
f 789/3809/3192 2884/3810/3193 4754/3811/3194 2839/3812/3195
f 2884/3810/3193 795/3813/3196 2845/3814/3197 4754/3811/3194
f 4754/3811/3194 2845/3814/3197 731/3815/3198 2776/3816/3199
f 2839/3812/3195 4754/3811/3194 2776/3816/3199 730/3817/3190
f 795/3818/3196 2878/3819/3200 4755/3820/3201 2845/3821/3197
f 2878/3819/3200 801/3822/3202 2851/3823/3203 4755/3820/3201
f 4755/3820/3201 2851/3823/3203 732/3824/3204 2777/3825/3205
f 2845/3821/3197 4755/3820/3201 2777/3825/3205 731/3826/3198
f 801/3822/3202 2876/3827/3206 4756/3828/3207 2851/3823/3203
f 2876/3827/3206 802/3829/3208 2852/3830/3209 4756/3828/3207
f 4756/3828/3207 2852/3830/3209 733/3831/3210 2778/3832/3211
f 2851/3823/3203 4756/3828/3207 2778/3832/3211 732/3824/3204
f 1298/3833/3212 3968/3834/3213 4757/3835/3214 2762/3836/3215
f 3968/3834/3213 1301/3837/3216 3918/3838/3217 4757/3835/3214
f 4757/3835/3214 3918/3838/3217 726/3839/3218 2771/3840/3219
f 2762/3836/3215 4757/3835/3214 2771/3840/3219 720/3841/3113
f 1301/3842/3216 3967/3843/3220 4758/3844/3221 3918/3845/3217
f 3967/3843/3220 1309/3846/3222 3926/3847/3223 4758/3844/3221
f 4758/3844/3221 3926/3847/3223 1006/3848/3224 3613/3849/3225
f 3918/3845/3217 4758/3844/3221 3613/3849/3225 726/3850/3218
f 859/3851/3226 3009/3852/3227 4759/3853/3228 3629/3854/3229
f 3009/3852/3227 860/3855/3230 3628/3856/3231 4759/3853/3228
f 4759/3853/3228 3628/3856/3231 1010/3857/3232 3620/3858/3233
f 3629/3854/3229 4759/3853/3228 3620/3858/3233 1007/3859/3234
f 841/3860/3235 3070/3861/3236 4760/3862/3237 2754/3863/3238
f 3070/3861/3239 861/3864/3240 3010/3865/3241 4760/3862/3239
f 4760/3862/3242 3010/3865/3243 742/3866/3097 2793/3867/3096
f 2754/3863/3244 4760/3862/3242 2793/3867/3096 717/3868/3095
f 1099/3869/3245 3392/3870/3246 4761/3871/3247 3495/3872/3248
f 3392/3870/3246 1046/3712/3107 3380/3715/3110 4761/3871/3247
f 4761/3871/3247 3380/3715/3110 741/3720/3115 2792/3873/3249
f 3495/3872/3248 4761/3871/3247 2792/3873/3249 1072/3874/3250
f 1084/3875/3251 2875/3876/3252 4762/3877/3253 3494/3878/3254
f 2875/3876/3252 804/3879/3255 2853/3880/3256 4762/3877/3253
f 4762/3877/3253 2853/3880/3256 1187/3881/3257 3693/3882/3258
f 3494/3878/3254 4762/3877/3253 3693/3882/3258 1183/3883/3259
f 1295/3884/3260 3913/3885/3261 4763/3886/3262 3899/3887/3263
f 3913/3885/3261 1293/3694/3089 3897/3697/3092 4763/3886/3262
f 4763/3886/3262 3897/3697/3092 742/3702/3097 3427/3888/3264
f 3899/3887/3263 4763/3886/3262 3427/3888/3264 787/3889/3265
f 1078/3890/3266 2869/3891/3267 4764/3892/3268 3492/3893/3269
f 2869/3891/3270 810/3894/3080 2858/3895/3083 4764/3892/3268
f 4764/3892/3268 2858/3895/3083 743/3896/3088 3428/3897/3271
f 3492/3893/3269 4764/3892/3268 3428/3897/3271 1068/3898/3272
f 1087/3899/3273 3068/3900/3274 4765/3901/3275 3491/3902/3276
f 3068/3900/3277 863/3903/3060 3012/3904/3063 4765/3901/3278
f 4765/3901/3278 3012/3904/3063 739/3905/3068 2790/3906/3279
f 3491/3902/3280 4765/3901/3278 2790/3906/3279 1070/3907/3281
f 1072/3874/3250 2792/3873/3249 4766/3908/3282 3490/3909/3283
f 2792/3873/3249 741/3720/3115 2799/3910/3284 4766/3908/3282
f 4766/3908/3282 2799/3910/3284 815/3911/3285 2864/3912/3286
f 3490/3909/3283 4766/3908/3282 2864/3912/3286 1073/3913/3287
f 1073/3913/3287 2864/3912/3286 4767/3914/3288 3489/3915/3289
f 2864/3912/3286 815/3911/3285 2863/3916/3290 4767/3914/3288
f 4767/3914/3288 2863/3916/3290 814/3917/3291 2865/3918/3292
f 3489/3915/3289 4767/3914/3288 2865/3918/3292 1074/3919/3293
f 1090/3920/3294 3271/3921/3295 4768/3922/3296 3488/3923/3297
f 3271/3921/3295 980/3924/3298 3262/3925/3299 4768/3922/3296
f 4768/3922/3296 3262/3925/3299 813/3926/3300 2866/3927/3301
f 3488/3923/3297 4768/3922/3296 2866/3927/3301 1075/3928/3302
f 1075/3928/3302 2866/3927/3301 4769/3929/3303 3487/3930/3304
f 2866/3927/3301 813/3926/3300 2861/3931/3305 4769/3929/3303
f 4769/3929/3303 2861/3931/3305 812/3932/3306 2867/3933/3307
f 3487/3930/3304 4769/3929/3303 2867/3933/3308 1076/3934/3309
f 1076/3934/3309 2867/3933/3308 4770/3935/3310 3486/3936/3311
f 2867/3933/3307 812/3932/3306 2860/3937/3312 4770/3935/3313
f 4770/3935/3313 2860/3937/3312 811/3938/3314 2868/3939/3315
f 3486/3936/3311 4770/3935/3310 2868/3939/3316 1077/3940/3317
f 1077/3940/3317 2868/3939/3316 4771/3941/3318 3485/3942/3319
f 2868/3939/3315 811/3938/3314 2859/3943/3320 4771/3941/3321
f 4771/3941/3321 2859/3943/3320 810/3894/3080 2869/3891/3270
f 3485/3942/3319 4771/3941/3318 2869/3891/3267 1078/3890/3266
f 1070/3944/3322 2790/3945/3323 4772/3946/3324 3484/3947/3325
f 2790/3945/3323 739/3948/3326 2797/3949/3327 4772/3946/3324
f 4772/3946/3328 2797/3949/3329 1221/3950/3330 3775/3951/3331
f 3484/3947/3332 4772/3946/3328 3775/3951/3331 1228/3952/3333
f 1079/3953/3334 2870/3954/3335 4773/3955/3336 3483/3956/3337
f 2870/3954/3335 809/3957/3338 2857/3958/3339 4773/3955/3336
f 4773/3955/3336 2857/3958/3339 808/3959/3340 2871/3960/3341
f 3483/3956/3337 4773/3955/3336 2871/3960/3341 1080/3961/3342
f 1080/3961/3342 2871/3960/3341 4774/3962/3343 3482/3963/3344
f 2871/3960/3341 808/3959/3340 2856/3964/3345 4774/3962/3343
f 4774/3962/3343 2856/3964/3345 1181/3965/3346 3681/3966/3347
f 3482/3963/3344 4774/3962/3343 3681/3966/3347 1180/3967/3348
f 1081/3968/3349 2872/3969/3350 4775/3970/3351 3481/3971/3352
f 2872/3969/3350 807/3972/3353 2855/3973/3354 4775/3970/3351
f 4775/3970/3351 2855/3973/3354 1172/3974/3355 3668/3975/3356
f 3481/3971/3352 4775/3970/3351 3668/3975/3356 1176/3976/3357
f 1339/3977/3358 4074/3978/3359 4776/3979/3360 3443/3980/3361
f 4074/3978/3359 1365/3981/3362 3657/3982/3363 4776/3979/3360
f 4776/3979/3360 3657/3982/3363 1167/3983/3364 3651/3984/3365
f 3443/3980/3361 4776/3979/3360 3651/3984/3365 1083/3985/3366
f 1083/3985/3366 2874/3986/3367 4777/3987/3368 3479/3988/3369
f 2874/3986/3367 805/3989/3370 2854/3990/3371 4777/3987/3368
f 4777/3987/3368 2854/3990/3371 1161/3991/3372 3645/3992/3373
f 3479/3988/3369 4777/3987/3368 3645/3992/3373 1164/3993/3374
f 1006/3848/3375 3627/3994/3376 4778/3995/3377 3614/3996/3378
f 3627/3994/3379 1012/3997/3380 3318/3998/3381 4778/3995/3382
f 4778/3995/3382 3318/3998/3381 1013/3999/3383 3633/4000/3384
f 3614/3996/3378 4778/3995/3377 3633/4000/3385 1009/4001/3386
f 726/4002/3218 3613/4003/3225 4779/4004/3387 2786/4005/3388
f 3613/4003/3225 1006/4006/3375 3615/4007/3389 4779/4004/3387
f 4779/4004/3387 3615/4007/3389 800/4008/3390 2879/4009/3391
f 2786/4005/3388 4779/4004/3387 2879/4009/3391 794/4010/3392
f 794/4010/3392 2879/4009/3391 4780/4011/3393 2844/4012/3394
f 2879/4009/3391 800/4008/3390 2850/4013/3395 4780/4011/3393
f 4780/4011/3393 2850/4013/3395 799/4014/3396 2880/4015/3397
f 2844/4012/3394 4780/4011/3393 2880/4015/3397 793/4016/3398
f 978/4017/3399 3270/4018/3400 4781/4019/3401 3259/4020/3402
f 3270/4018/3400 979/4021/3403 3260/4022/3404 4781/4019/3401
f 4781/4019/3401 3260/4022/3404 798/4023/3405 2881/4024/3406
f 3259/4020/3402 4781/4019/3401 2881/4024/3406 792/4025/3407
f 792/4025/3407 2881/4024/3406 4782/4026/3408 2842/4027/3409
f 2881/4024/3406 798/4023/3405 2848/4028/3410 4782/4026/3408
f 4782/4026/3408 2848/4028/3410 797/4029/3411 2882/4030/3412
f 2842/4027/3409 4782/4026/3408 2882/4030/3412 791/4031/3413
f 791/4032/3413 2882/4033/3412 4783/4034/3414 2841/4035/3415
f 2882/4033/3412 797/4036/3411 2847/4037/3416 4783/4034/3414
f 4783/4034/3414 2847/4037/3416 796/4038/3417 2883/4039/3418
f 2841/4035/3415 4783/4034/3414 2883/4039/3418 790/4040/3419
f 790/4040/3419 2883/4039/3418 4784/4041/3420 2840/4042/3421
f 2883/4039/3418 796/4038/3417 2846/4043/3422 4784/4041/3420
f 4784/4041/3420 2846/4043/3422 795/3813/3196 2884/3810/3193
f 2840/4042/3421 4784/4041/3420 2884/3810/3193 789/3809/3192
f 720/3841/3113 2771/3840/3219 4785/4044/3423 2800/4045/3424
f 2771/3840/3219 726/3839/3218 2786/4046/3388 4785/4044/3423
f 4785/4044/3423 2786/4046/3388 794/4047/3392 2885/4048/3425
f 2800/4045/3424 4785/4044/3423 2885/4048/3425 744/4049/3426
f 744/4049/3426 2885/4048/3425 4786/4050/3427 2801/4051/3428
f 2885/4048/3425 794/4047/3392 2844/4052/3429 4786/4050/3427
f 4786/4050/3427 2844/4052/3429 793/4053/3430 2886/4054/3431
f 2801/4051/3428 4786/4050/3427 2886/4054/3431 745/4055/3432
f 975/4056/3433 3269/4057/3434 4787/4058/3435 2802/4059/3436
f 3269/4057/3434 978/4060/3437 3259/4061/3438 4787/4058/3435
f 4787/4058/3435 3259/4061/3438 792/4062/3439 2887/4063/3440
f 2802/4059/3436 4787/4058/3435 2887/4063/3440 746/4064/3441
f 746/4064/3441 2887/4063/3440 4788/4065/3442 2803/4066/3443
f 2887/4063/3440 792/4062/3439 2842/4067/3444 4788/4065/3442
f 4788/4065/3442 2842/4067/3444 791/4068/3445 2888/4069/3446
f 2803/4066/3443 4788/4065/3442 2888/4069/3446 747/4070/3447
f 747/4070/3447 2888/4069/3446 4789/4071/3448 2804/4072/3449
f 2888/4069/3446 791/4068/3445 2841/4073/3450 4789/4071/3448
f 4789/4071/3448 2841/4073/3450 790/4074/3451 2889/4075/3452
f 2804/4072/3449 4789/4071/3448 2889/4075/3452 748/4076/3453
f 748/4076/3453 2889/4075/3452 4790/4077/3454 2805/4078/3455
f 2889/4075/3452 790/4074/3451 2840/4079/3456 4790/4077/3454
f 4790/4077/3454 2840/4079/3456 789/4080/3188 2890/4081/3186
f 2805/4078/3455 4790/4077/3454 2890/4081/3186 749/3689/3084
f 735/4082/3457 2779/4083/3458 4791/4084/3459 2784/4085/3460
f 2779/4083/3458 734/4086/3461 2785/4087/3462 4791/4084/3459
f 4791/4084/3459 2785/4087/3462 1225/4088/3463 3766/4089/3464
f 2784/4085/3460 4791/4084/3459 3766/4089/3464 1223/4090/3465
f 1065/4091/3466 2944/4092/3467 4792/4093/3468 2892/4094/3469
f 2944/4092/3470 1152/4095/3471 3590/4096/3472 4792/4093/3473
f 4792/4093/3473 3590/4096/3472 1149/4097/3474 3597/4098/3475
f 2892/4094/3469 4792/4093/3468 3597/4098/3476 825/4099/3477
f 780/4100/3478 2838/4101/3479 4793/4102/3480 2893/4103/3481
f 2838/4101/3479 1059/4104/3482 3417/4105/3483 4793/4102/3480
f 4793/4102/3480 3417/4105/3483 1062/4106/3484 3423/4107/3485
f 2893/4103/3481 4793/4102/3480 3423/4107/3485 786/4108/3486
f 776/4109/3487 2897/4110/3488 4794/4111/3489 3257/4112/3490
f 785/4113/3491 3258/4114/3492 4794/4111/3489 2897/4110/3488
f 784/3796/3182 2898/3793/3179 4794/4111/3489 3258/4114/3492
f 775/3792/3178 3653/4115/3493 4794/4111/3489 2898/3793/3179
f 1169/4116/3494 3257/4112/3490 4794/4111/3489 3653/4115/3493
f 1082/4117/3495 2873/4118/3496 4795/4119/3497 3480/4120/3498
f 2873/4118/3496 806/4121/3499 3261/4122/3500 4795/4119/3497
f 4795/4119/3497 3261/4122/3500 1166/4123/3501 3659/4124/3502
f 3480/4120/3498 4795/4119/3497 3659/4124/3502 1167/3983/3364
f 777/4125/3503 2896/4126/3504 4796/4127/3505 2829/4128/3506
f 780/4100/3478 2893/4103/3481 4796/4127/3505 2896/4126/3504
f 786/4108/3486 2836/4129/3507 4796/4127/3505 2893/4103/3481
f 785/4113/3491 2897/4110/3488 4796/4127/3505 2836/4129/3507
f 776/4109/3487 3664/4130/3508 4796/4127/3505 2897/4110/3488
f 1174/4131/3509 2829/4128/3506 4796/4127/3505 3664/4130/3508
f 736/4132/3510 2780/4133/3511 4797/4134/3512 2783/4135/3513
f 2780/4133/3511 735/4082/3457 2784/4085/3460 4797/4134/3512
f 4797/4134/3512 2784/4085/3460 1223/4090/3465 3764/4136/3514
f 2783/4135/3513 4797/4134/3512 3764/4136/3514 1222/4137/3515
f 779/4138/3516 2894/4139/3517 4798/4140/3518 2831/4141/3519
f 2894/4139/3517 782/4142/3520 2833/4143/3521 4798/4140/3518
f 4798/4140/3518 2833/4143/3521 781/4144/3522 2895/4145/3523
f 2831/4141/3519 4798/4140/3518 2895/4145/3523 778/4146/3524
f 778/4146/3524 2895/4145/3523 4799/4147/3525 2830/4148/3526
f 781/4144/3522 2832/4149/3527 4799/4147/3525 2895/4145/3523
f 780/4100/3478 2896/4126/3504 4799/4147/3525 2832/4149/3527
f 777/4125/3503 3675/4150/3528 4799/4147/3525 2896/4126/3504
f 1179/4151/3529 2830/4148/3526 4799/4147/3525 3675/4150/3528
f 992/4152/3530 3630/4153/3531 4800/4154/3532 3288/4155/3533
f 3630/4153/3531 727/4156/3534 3617/4157/3534 4800/4154/3532
f 4800/4154/3535 3617/4157/3536 1008/4158/3536 3631/4159/3537
f 3288/4155/3538 4800/4154/3535 3631/4159/3537 994/4160/3539
f 737/4161/3540 2781/4162/3541 4801/4163/3542 2782/4164/3543
f 2781/4162/3541 736/4132/3510 2783/4135/3513 4801/4163/3542
f 4801/4163/3542 2783/4135/3513 1222/4137/3515 3765/4165/3544
f 2782/4164/3543 4801/4163/3542 3765/4165/3544 1224/4166/3545
f 773/4167/3546 2900/4168/3547 4802/4169/3548 2826/4170/3549
f 2900/4168/3547 779/4138/3516 2831/4141/3519 4802/4169/3548
f 4802/4169/3548 2831/4141/3519 778/4146/3524 2901/4171/3550
f 2826/4170/3549 4802/4169/3548 2901/4171/3550 772/4172/3551
f 772/4172/3551 2901/4171/3550 4803/4173/3552 2825/4174/3553
f 2901/4171/3550 778/4146/3524 2830/4148/3526 4803/4173/3552
f 4803/4173/3552 2830/4148/3526 1179/4151/3529 3679/4175/3554
f 2825/4174/3553 4803/4173/3552 3679/4175/3554 1182/4176/3555
f 771/4177/3556 2902/4178/3557 4804/4179/3558 2824/4180/3559
f 2902/4178/3557 777/4125/3503 2829/4128/3506 4804/4179/3558
f 4804/4179/3558 2829/4128/3506 1174/4131/3509 3671/4181/3560
f 2824/4180/3559 4804/4179/3558 3671/4181/3560 1173/4182/3561
f 769/4183/3562 2904/4184/3563 4805/4185/3564 2823/4186/3565
f 2904/4184/3563 775/3792/3178 2828/3795/3181 4805/4185/3564
f 4805/4185/3564 2828/3795/3181 1159/3799/3185 3646/4187/3566
f 2823/4186/3565 4805/4185/3564 3646/4187/3566 1162/4188/3567
f 719/4189/3568 2770/4190/3569 4806/4191/3570 3757/4192/3571
f 2770/4190/3569 737/4161/3540 2782/4164/3543 4806/4191/3570
f 4806/4191/3570 2782/4164/3543 1224/4166/3545 3767/4193/3572
f 3757/4192/3573 4806/4191/3570 3767/4193/3572 1220/4194/3574
f 750/4195/3575 2906/4196/3576 4807/4197/3577 2807/4198/3578
f 773/4167/3546 2826/4170/3549 4807/4197/3577 2906/4196/3576
f 772/4172/3551 2907/4199/3579 4807/4197/3577 2826/4170/3549
f 1207/4200/3580 3725/4201/3581 4807/4197/3577 2907/4199/3579
f 751/4202/3582 2807/4198/3578 4807/4197/3577 3725/4201/3581
f 751/4202/3582 3725/4201/3581 4808/4203/3583 3673/4204/3584
f 3725/4201/3581 1207/4200/3580 3732/4205/3585 4808/4203/3583
f 4808/4203/3583 3732/4205/3585 1202/4206/3586 3720/4207/3587
f 3673/4204/3584 4808/4203/3583 3720/4207/3587 1177/4208/3588
f 752/4209/3589 3721/4210/3590 4809/4211/3591 3665/4212/3592
f 3721/4210/3590 1203/4213/3593 3728/4214/3594 4809/4211/3591
f 4809/4211/3591 3728/4214/3594 1206/4215/3595 3724/4216/3596
f 3665/4212/3592 4809/4211/3591 3724/4216/3596 1175/4217/3597
f 770/4218/3598 2903/4219/3599 4810/4220/3600 3256/4221/3601
f 2903/4219/3599 776/4109/3487 3257/4112/3490 4810/4220/3600
f 4810/4220/3600 3257/4112/3490 1169/4116/3494 3656/4222/3602
f 3256/4221/3601 4810/4220/3600 3656/4222/3602 1170/4223/3603
f 754/4224/3604 3726/4225/3605 4811/4226/3606 3638/4227/3607
f 3726/4225/3605 1208/4228/3608 3730/4229/3609 4811/4226/3606
f 4811/4226/3606 3730/4229/3609 1204/4230/3610 3722/4231/3611
f 3638/4227/3607 4811/4226/3606 3722/4231/3611 1160/4232/3612
f 826/4233/3613 2979/4234/3614 4812/4235/3615 2945/4236/3616
f 2979/4234/3614 825/4237/3617 2943/4238/3618 4812/4235/3615
f 4812/4235/3615 2943/4238/3618 762/4239/3619 2817/4240/3620
f 2945/4236/3616 4812/4235/3615 2817/4240/3620 763/4241/3621
f 827/4242/3622 2978/4243/3623 4813/4244/3624 2947/4245/3625
f 2978/4243/3623 826/4233/3613 2945/4236/3616 4813/4244/3624
f 4813/4244/3624 2945/4236/3616 763/4241/3621 2818/4246/3626
f 2947/4245/3625 4813/4244/3624 2818/4246/3626 764/4247/3627
f 828/4248/3628 2977/4249/3629 4814/4250/3630 2949/4251/3631
f 2977/4249/3629 827/4242/3622 2947/4245/3625 4814/4250/3630
f 4814/4250/3630 2947/4245/3625 764/4247/3627 2819/4252/3632
f 2949/4251/3631 4814/4250/3630 2819/4252/3632 765/4253/3633
f 822/4254/3634 2768/4255/3635 4815/4256/3636 2975/4257/3637
f 2768/4255/3635 724/4258/3638 2811/4259/3639 4815/4256/3636
f 4815/4256/3636 2811/4259/3639 756/4260/3640 2913/4261/3641
f 2975/4257/3637 4815/4256/3636 2913/4261/3641 834/4262/3642
f 799/4014/3396 2850/4013/3395 4816/4263/3643 2914/4264/3644
f 800/4008/3390 2877/4265/3645 4816/4263/3643 2850/4013/3395
f 803/4266/3646 2954/4267/3647 4816/4263/3643 2877/4265/3645
f 832/4268/3648 2955/4269/3649 4816/4263/3643 2954/4267/3647
f 833/4270/3650 2914/4264/3644 4816/4263/3643 2955/4269/3649
f 825/4237/3617 2942/4271/3651 4817/4272/3652 2943/4238/3618
f 788/4273/3653 3780/4274/3654 4817/4272/3652 2942/4271/3651
f 1232/4275/3655 3751/4276/3656 4817/4272/3652 3780/4274/3654
f 1219/4277/3657 3762/4278/3658 4817/4272/3652 3751/4276/3656
f 1225/4088/3463 2785/4087/3462 4817/4272/3652 3762/4278/3658
f 734/4086/3461 2941/4279/3659 4817/4272/3652 2785/4087/3462
f 722/4280/3660 2816/4281/3661 4817/4272/3652 2941/4279/3659
f 762/4239/3619 2943/4238/3618 4817/4272/3652 2816/4281/3661
f 830/4282/3662 2976/4283/3663 4818/4284/3664 2953/4285/3665
f 829/4286/3666 2951/4287/3667 4818/4284/3664 2976/4283/3663
f 766/4288/3668 2821/4289/3669 4818/4284/3664 2951/4287/3667
f 767/3749/3133 2912/3746/3135 4818/4284/3664 2821/4289/3669
f 831/3745/3134 2953/4285/3665 4818/4284/3664 2912/3746/3135
f 761/4290/3670 2957/4291/3671 4819/4292/3672 2815/4293/3673
f 802/3829/3208 2876/3827/3206 4819/4292/3672 2957/4291/3671
f 801/3822/3202 2878/3819/3200 4819/4292/3672 2876/3827/3206
f 795/3818/3196 2846/4294/3422 4819/4292/3672 2878/3819/3200
f 796/4295/3417 2847/4296/3416 4819/4292/3672 2846/4294/3422
f 797/4029/3411 2848/4028/3410 4819/4292/3672 2847/4296/3416
f 798/4023/3405 3260/4022/3404 4819/4292/3672 2848/4028/3410
f 979/4021/3403 2849/4297/3674 4819/4292/3672 3260/4022/3404
f 799/4014/3396 2971/4298/3675 4819/4292/3672 2849/4297/3674
f 757/4299/3676 3254/4300/3677 4819/4292/3672 2971/4298/3675
f 976/4301/3678 3268/4302/3679 4819/4292/3672 3254/4300/3677
f 758/4303/3680 2813/4304/3681 4819/4292/3672 3268/4302/3679
f 759/4305/3682 2814/4306/3683 4819/4292/3672 2813/4304/3681
f 760/4307/3684 2815/4293/3673 4819/4292/3672 2814/4306/3683
f 846/4308/3685 3066/4309/3686 4820/4310/3687 2990/4311/3688
f 3066/4309/3686 865/4312/3689 3015/4313/3690 4820/4310/3687
f 4820/4310/3687 3015/4313/3690 762/4314/3619 2816/4315/3661
f 2990/4311/3691 4820/4310/3687 2816/4315/3661 722/4316/3660
f 865/4312/3689 3064/4317/3692 4821/4318/3693 3015/4313/3690
f 3064/4317/3692 867/4319/3694 3018/4320/3695 4821/4318/3693
f 4821/4318/3693 3018/4320/3695 763/4321/3621 2817/4322/3620
f 3015/4313/3690 4821/4318/3693 2817/4322/3620 762/4314/3619
f 867/4319/3694 3062/4323/3696 4822/4324/3697 3018/4320/3695
f 3062/4323/3696 869/4325/3698 3021/4326/3699 4822/4324/3697
f 4822/4324/3697 3021/4326/3699 764/4327/3627 2818/4328/3626
f 3018/4320/3695 4822/4324/3697 2818/4328/3626 763/4321/3621
f 869/4325/3698 3060/4329/3700 4823/4330/3701 3021/4326/3699
f 3060/4329/3700 871/4331/3702 3024/4332/3703 4823/4330/3701
f 4823/4330/3701 3024/4332/3703 765/4333/3633 2819/4334/3632
f 3021/4326/3699 4823/4330/3701 2819/4334/3632 764/4327/3627
f 739/3948/3326 2755/4335/3704 4824/4336/3705 2797/3949/3327
f 2755/4335/3704 719/4189/3568 3757/4192/3571 4824/4336/3705
f 4824/4336/3706 3757/4192/3573 1220/4194/3574 3763/4337/3707
f 2797/3949/3329 4824/4336/3706 3763/4337/3707 1221/3950/3330
f 809/3957/3338 2917/4338/3708 4825/4339/3709 2857/3958/3339
f 750/4195/3575 2807/4198/3578 4825/4339/3709 2917/4338/3708
f 751/4202/3582 2918/4340/3710 4825/4339/3709 2807/4198/3578
f 1195/4341/3711 3704/4342/3712 4825/4339/3709 2918/4340/3710
f 808/3959/3340 2857/3958/3339 4825/4339/3709 3704/4342/3712
f 808/3959/3340 3704/4342/3712 4826/4343/3713 2856/3964/3345
f 3704/4342/3712 1195/4341/3711 3716/4344/3714 4826/4343/3713
f 4826/4343/3713 3716/4344/3714 1197/4345/3715 3706/4346/3716
f 2856/3964/3345 4826/4343/3713 3706/4346/3716 1181/3965/3346
f 807/3972/3353 3699/4347/3717 4827/4348/3718 2855/3973/3354
f 3699/4347/3717 1190/4349/3719 3710/4350/3720 4827/4348/3718
f 4827/4348/3718 3710/4350/3720 1191/4351/3721 3700/4352/3722
f 2855/3973/3354 4827/4348/3718 3700/4352/3722 1172/3974/3355
f 753/4353/3723 3719/4354/3724 4828/4355/3725 3649/4356/3726
f 3719/4354/3724 1201/4357/3727 3733/4358/3728 4828/4355/3725
f 4828/4355/3725 3733/4358/3728 1200/4359/3729 3718/4360/3730
f 3649/4356/3726 4828/4355/3725 3718/4360/3730 1165/4361/3731
f 805/3989/3370 3703/4362/3732 4829/4363/3733 2854/3990/3371
f 3703/4362/3732 1194/4364/3734 3714/4365/3735 4829/4363/3733
f 4829/4363/3733 3714/4365/3735 1196/4366/3736 3705/4367/3737
f 2854/3990/3371 4829/4363/3733 3705/4367/3737 1161/3991/3372
f 741/3720/3115 2761/3719/3114 4830/4368/3738 2799/3910/3284
f 2761/3719/3114 720/3718/3113 2800/4369/3424 4830/4368/3738
f 4830/4368/3738 2800/4369/3424 744/4370/3426 2923/4371/3739
f 2799/3910/3284 4830/4368/3738 2923/4371/3739 815/3911/3285
f 815/3911/3285 2923/4371/3739 4831/4372/3740 2863/3916/3290
f 2923/4371/3739 744/4370/3426 2801/4373/3428 4831/4372/3740
f 4831/4372/3740 2801/4373/3428 745/4374/3432 2924/4375/3741
f 2863/3916/3290 4831/4372/3740 2924/4375/3741 814/3917/3291
f 980/4376/3298 3267/4377/3742 4832/4378/3743 3262/4379/3299
f 3267/4377/3742 975/4056/3433 2802/4059/3436 4832/4378/3743
f 4832/4378/3743 2802/4059/3436 746/4064/3441 2925/4380/3744
f 3262/4379/3299 4832/4378/3743 2925/4380/3744 813/4381/3300
f 813/4381/3300 2925/4380/3744 4833/4382/3745 2861/4383/3305
f 2925/4380/3744 746/4064/3441 2803/4066/3443 4833/4382/3745
f 4833/4382/3745 2803/4066/3443 747/4070/3447 2926/4384/3746
f 2861/4383/3305 4833/4382/3745 2926/4384/3746 812/4385/3306
f 812/4385/3306 2926/4384/3746 4834/4386/3747 2860/4387/3312
f 2926/4384/3746 747/4070/3447 2804/4072/3449 4834/4386/3747
f 4834/4386/3747 2804/4072/3449 748/4076/3453 2927/4388/3748
f 2860/4387/3312 4834/4386/3747 2927/4388/3748 811/4389/3314
f 811/4389/3314 2927/4388/3748 4835/4390/3749 2859/4391/3320
f 2927/4388/3748 748/4076/3453 2805/4078/3455 4835/4390/3749
f 4835/4390/3749 2805/4078/3455 749/3689/3084 2928/3686/3081
f 2859/4391/3320 4835/4390/3749 2928/3686/3081 810/3685/3080
f 816/4392/3122 3044/4393/3750 4836/4394/3751 2961/4395/3752
f 3044/4393/3753 891/4396/3754 3038/4397/3755 4836/4394/3756
f 4836/4394/3756 3038/4397/3755 886/4398/3757 3045/4399/3758
f 2961/4395/3752 4836/4394/3751 3045/4399/3759 838/4400/3760
f 1278/4401/3761 2967/4402/3762 4837/4403/3763 3888/4404/3764
f 2967/4402/3762 839/4405/3765 2931/4406/3766 4837/4403/3763
f 4837/4403/3763 2931/4406/3766 819/4407/3767 2935/4408/3768
f 3888/4404/3764 4837/4403/3763 2935/4408/3768 1273/4409/3769
f 1323/4410/3770 3966/4411/3771 4838/4412/3772 3940/4413/3773
f 3966/4411/3771 1302/4414/3774 3919/4415/3775 4838/4412/3772
f 4838/4412/3772 3919/4415/3775 818/4416/3776 3618/4417/3777
f 3940/4413/3773 4838/4412/3772 3618/4417/3777 1282/4418/3778
f 1276/4419/3779 2965/4420/3780 4839/4421/3781 3886/4422/3782
f 2965/4420/3780 837/4423/3783 2930/4424/3784 4839/4421/3781
f 4839/4421/3781 2930/4424/3784 817/4425/3785 3875/4426/3786
f 3886/4422/3782 4839/4421/3781 3875/4426/3786 1285/4427/3787
f 1282/4428/3778 3618/4429/3777 4840/4430/3788 3885/4431/3789
f 3618/4429/3777 818/4432/3776 2958/4433/3790 4840/4430/3788
f 4840/4430/3788 2958/4433/3790 835/4434/3791 2963/4435/3792
f 3885/4431/3789 4840/4430/3788 2963/4435/3792 1274/4436/3793
f 1274/4436/3793 2963/4435/3792 4841/4437/3794 3884/4438/3795
f 2963/4435/3792 835/4434/3791 2959/4439/3796 4841/4437/3794
f 4841/4437/3794 2959/4439/3796 836/4440/3797 2964/4441/3798
f 3884/4438/3795 4841/4437/3794 2964/4441/3798 1275/4442/3799
f 1275/4442/3799 2964/4441/3798 4842/4443/3800 3883/4444/3801
f 2964/4441/3798 836/4440/3797 2960/4445/3802 4842/4443/3800
f 4842/4443/3800 2960/4445/3802 837/4423/3783 2965/4420/3780
f 3883/4444/3801 4842/4443/3800 2965/4420/3780 1276/4419/3779
f 1272/4446/3124 2933/4447/3123 4843/4448/3803 3882/4449/3804
f 2933/4447/3123 816/4450/3122 2961/4451/3752 4843/4448/3803
f 4843/4448/3803 2961/4451/3752 838/4452/3760 2966/4453/3805
f 3882/4449/3804 4843/4448/3803 2966/4453/3805 1277/4454/3806
f 894/4455/3807 3116/4456/3808 4844/4457/3809 3051/4458/3810
f 3116/4456/3808 908/4459/3811 3108/4460/3812 4844/4457/3809
f 4844/4457/3809 3108/4460/3812 907/4461/3813 3115/4462/3814
f 3051/4458/3810 4844/4457/3809 3115/4462/3814 893/4463/3815
f 880/4464/3816 2969/4465/3817 4845/4466/3818 3034/4467/3819
f 2969/4465/3820 894/4468/3807 3051/4469/3810 4845/4466/3821
f 4845/4466/3821 3051/4469/3810 893/4470/3815 3042/4471/3822
f 3034/4467/3819 4845/4466/3818 3042/4471/3823 879/4472/3120
f 1001/4473/3824 3303/4474/3825 4846/4475/3826 3299/4476/3827
f 1003/4477/3828 3301/4478/3829 4846/4475/3826 3303/4474/3825
f 1005/4479/3830 3300/4480/3830 4846/4475/3826 3301/4478/3829
f 1004/4481/3831 3302/4482/3832 4846/4475/3833 3300/4480/3831
f 1002/4483/3834 3304/4484/3835 4846/4475/3833 3302/4482/3832
f 1000/4485/3836 3299/4476/3837 4846/4475/3833 3304/4484/3835
f 727/3674/3069 3630/4486/3838 4847/4487/3839 2773/3675/3070
f 992/4488/3840 3294/4489/3841 4847/4487/3839 3630/4486/3838
f 728/3678/3073 2773/3675/3070 4847/4487/3839 3294/4489/3841
f 834/4262/3642 2913/4261/3641 4848/4490/3842 2972/4491/3843
f 756/4260/3640 2812/4492/3844 4848/4490/3842 2913/4261/3641
f 757/4299/3676 2972/4491/3843 4848/4490/3842 2812/4492/3844
f 1009/4493/3386 3619/4494/3845 4849/4495/3846 3616/4496/3847
f 3619/4494/3845 820/4497/3848 2973/4498/3849 4849/4495/3846
f 4849/4495/3846 2973/4498/3849 832/4268/3648 2954/4267/3647
f 3616/4496/3847 4849/4495/3846 2954/4267/3647 803/4266/3646
f 820/4497/3848 2936/4499/3850 4850/4500/3851 2973/4498/3849
f 2936/4499/3850 821/4501/3852 2974/4502/3853 4850/4500/3851
f 4850/4500/3851 2974/4502/3853 833/4270/3650 2955/4269/3649
f 2973/4498/3849 4850/4500/3851 2955/4269/3649 832/4268/3648
f 821/4501/3852 2937/4503/3854 4851/4504/3855 2974/4502/3853
f 2937/4503/3854 822/4254/3634 2975/4257/3637 4851/4504/3855
f 4851/4504/3855 2975/4257/3637 834/4262/3642 2956/4505/3856
f 2974/4502/3853 4851/4504/3855 2956/4505/3856 833/4270/3650
f 784/3796/3182 2950/4506/3857 4852/4507/3858 2835/3797/3183
f 2950/4506/3857 829/4286/3666 2976/4283/3663 4852/4507/3858
f 4852/4507/3858 2976/4283/3663 830/4282/3662 2952/4508/3859
f 2835/3797/3183 4852/4507/3858 2952/4508/3859 783/3684/3079
f 806/4121/3499 3707/4509/3860 4853/4510/3861 3261/4122/3500
f 3707/4509/3860 1198/4511/3862 3708/4512/3863 4853/4510/3861
f 4853/4510/3861 3708/4512/3863 1193/4513/3864 3702/4514/3865
f 3261/4122/3500 4853/4510/3861 3702/4514/3865 1166/4123/3501
f 785/4113/3491 2948/4515/3866 4854/4516/3867 3258/4114/3492
f 2948/4515/3866 828/4248/3628 3263/4517/3868 4854/4516/3867
f 4854/4516/3867 3263/4517/3868 829/4286/3666 2950/4506/3857
f 3258/4114/3492 4854/4516/3867 2950/4506/3857 784/3796/3182
f 786/4108/3486 2946/4518/3869 4855/4519/3870 2836/4129/3507
f 2946/4518/3869 827/4242/3622 2977/4249/3629 4855/4519/3870
f 4855/4519/3870 2977/4249/3629 828/4248/3628 2948/4515/3866
f 2836/4129/3507 4855/4519/3870 2948/4515/3866 785/4113/3491
f 781/4520/3522 2837/4521/3871 4856/4522/3872 2832/4523/3527
f 2837/4521/3871 1060/4524/3873 3411/4525/3874 4856/4522/3872
f 4856/4522/3872 3411/4525/3874 1059/4526/3482 2838/4527/3479
f 2832/4523/3527 4856/4522/3872 2838/4527/3479 780/4528/3478
f 1064/4529/3875 3596/4530/3876 4857/4531/3877 3418/4532/3878
f 3596/4530/3879 1151/4533/3880 3594/4534/3881 4857/4531/3882
f 4857/4531/3882 3594/4534/3881 1152/4095/3471 2944/4092/3470
f 3418/4532/3878 4857/4531/3877 2944/4092/3467 1065/4091/3466
f 733/3831/3210 2852/3830/3209 4858/4535/3883 2938/4536/3884
f 2852/3830/3209 802/3829/3208 2957/4291/3671 4858/4535/3883
f 4858/4535/3883 2957/4291/3671 761/4290/3670 2765/4537/3885
f 2938/4536/3884 4858/4535/3883 2765/4537/3885 723/4538/3886
f 823/3753/3139 2940/4539/3887 4859/4540/3888 2981/3748/3137
f 2940/4539/3887 824/4541/3889 2980/4542/3890 4859/4540/3888
f 4859/4540/3888 2980/4542/3890 830/4282/3662 2953/4285/3665
f 2981/3748/3137 4859/4540/3888 2953/4285/3665 831/3745/3134
f 846/4543/3685 3047/4544/3891 4860/4545/3892 2991/4546/3893
f 3047/4544/3891 857/3774/3160 3006/4547/3894 4860/4545/3892
f 4860/4545/3892 3006/4547/3894 858/4548/3895 3046/4549/3896
f 2991/4546/3893 4860/4545/3892 3046/4549/3896 847/4550/3897
f 783/3684/3079 2952/4508/3859 4861/4551/3898 2834/3677/3072
f 2952/4508/3859 830/4282/3662 2980/4542/3890 4861/4551/3898
f 4861/4551/3898 2980/4542/3890 824/4541/3889 2772/4552/3899
f 2834/3677/3072 4861/4551/3898 2772/4552/3899 727/3674/3069
f 846/4543/3685 2990/4553/3688 4862/4554/3900 3047/4544/3891
f 2990/4553/3691 722/4555/3660 2941/4556/3901 4862/4554/3902
f 4862/4554/3902 2941/4556/3901 734/3776/3162 3005/3775/3161
f 3047/4544/3891 4862/4554/3900 3005/3775/3161 857/3774/3160
f 838/4400/3760 3045/4399/3759 4863/4557/3903 2962/4558/3904
f 3045/4399/3758 886/4398/3757 3056/4559/3905 4863/4557/3906
f 4863/4557/3906 3056/4559/3905 892/4560/3907 3094/4561/3908
f 2962/4558/3904 4863/4557/3903 3094/4561/3909 839/4562/3765
f 892/4563/3907 3056/4564/3905 4864/4565/3910 3118/4566/3911
f 3056/4564/3905 886/4567/3757 3122/4568/3912 4864/4565/3910
f 4864/4565/3910 3122/4568/3912 900/4569/3913 3113/4570/3914
f 3118/4566/3911 4864/4565/3910 3113/4570/3914 906/4571/3915
f 759/4572/3682 2813/4573/3681 4865/4574/3916 3023/4575/3917
f 2813/4573/3681 758/4576/3680 3026/4577/3918 4865/4574/3916
f 4865/4574/3916 3026/4577/3918 872/4578/3919 3059/4579/3920
f 3023/4575/3917 4865/4574/3916 3059/4579/3920 870/4580/3921
f 723/4581/3922 2992/4582/3923 4866/4583/3924 2938/4584/3884
f 2992/4582/3923 847/4550/3897 3046/4549/3896 4866/4583/3924
f 4866/4583/3924 3046/4549/3896 858/4548/3895 3007/4585/3925
f 2938/4584/3884 4866/4583/3924 3007/4585/3925 733/4586/3210
f 839/4562/3765 3094/4561/3909 4867/4587/3926 2931/4588/3766
f 3094/4561/3908 892/4560/3907 3055/4589/3927 4867/4587/3928
f 4867/4587/3928 3055/4589/3927 884/4590/3929 3095/4591/3930
f 2931/4588/3766 4867/4587/3926 3095/4591/3931 819/4592/3767
f 819/4592/3767 3095/4591/3931 4868/4593/3932 2932/4594/3933
f 3095/4591/3930 884/4590/3929 3053/4595/3934 4868/4593/3935
f 4868/4593/3935 3053/4595/3934 897/4596/3936 3098/4597/3937
f 2932/4594/3933 4868/4593/3932 3098/4597/3938 883/4598/3939
f 837/4599/3783 3039/4600/3940 4869/4601/3941 2930/4602/3784
f 3039/4600/3942 887/4603/3943 3057/4604/3944 4869/4601/3945
f 4869/4601/3945 3057/4604/3944 889/4605/3946 3040/4606/3947
f 2930/4602/3784 4869/4601/3941 3040/4606/3948 817/4607/3785
f 897/4608/3936 3123/4609/3949 4870/4610/3950 3048/4611/3951
f 3123/4609/3949 911/4612/3952 3105/4613/3953 4870/4610/3950
f 4870/4610/3950 3105/4613/3953 910/4614/3954 3128/4615/3955
f 3048/4611/3951 4870/4610/3950 3128/4615/3955 896/4616/3956
f 818/4617/3776 3096/4618/3957 4871/4619/3958 2958/4620/3790
f 3096/4618/3959 885/4621/3960 2970/4622/3961 4871/4619/3962
f 4871/4619/3962 2970/4622/3961 890/4623/3963 3099/4624/3964
f 2958/4620/3790 4871/4619/3958 3099/4624/3965 835/4625/3791
f 817/4607/3785 3040/4606/3948 4872/4626/3966 2929/4627/3967
f 3040/4606/3947 889/4605/3946 3054/4628/3968 4872/4626/3969
f 4872/4626/3969 3054/4628/3968 895/4629/3970 3041/4630/3971
f 2929/4627/3967 4872/4626/3966 3041/4630/3972 881/4631/3973
f 835/4625/3791 3099/4624/3965 4873/4632/3974 2959/4633/3796
f 3099/4624/3964 890/4623/3963 3043/4634/3975 4873/4632/3976
f 4873/4632/3976 3043/4634/3975 888/4635/3977 3100/4636/3978
f 2959/4633/3796 4873/4632/3974 3100/4636/3979 836/4637/3797
f 836/4637/3797 3100/4636/3979 4874/4638/3980 2960/4639/3802
f 3100/4636/3978 888/4635/3977 2968/4640/3981 4874/4638/3982
f 4874/4638/3982 2968/4640/3981 887/4603/3943 3039/4600/3942
f 2960/4639/3802 4874/4638/3980 3039/4600/3940 837/4599/3783
f 1273/4409/3769 2935/4408/3768 4875/4641/3983 3881/4642/3984
f 2935/4408/3768 819/4407/3767 2932/4643/3933 4875/4641/3983
f 4875/4641/3983 2932/4643/3933 883/4644/3939 3623/4645/3985
f 3881/4642/3984 4875/4641/3983 3623/4645/3985 1283/4646/3986
f 840/4647/3987 3069/4648/3988 4876/4649/3989 2983/4650/3990
f 3069/4648/3991 862/4651/3992 3011/4652/3993 4876/4649/3994
f 4876/4649/3994 3011/4652/3993 861/3864/3995 3070/3861/3995
f 2983/4650/3990 4876/4649/3989 3070/3861/3236 841/3860/3235
f 879/4472/3120 3042/4471/3823 4877/4653/3996 3033/4654/3121
f 3042/4471/3822 893/4470/3815 3052/4655/3997 4877/4653/3998
f 4877/4653/3998 3052/4655/3997 891/4396/3754 3044/4393/3753
f 3033/4654/3121 4877/4653/3996 3044/4393/3750 816/4392/3122
f 881/4631/3973 3041/4630/3972 4878/4656/3999 3035/4657/4000
f 3041/4630/3971 895/4629/3970 3050/4658/4001 4878/4656/4002
f 4878/4656/4002 3050/4658/4001 894/4468/3807 2969/4465/3820
f 3035/4657/4000 4878/4656/3999 2969/4465/3817 880/4464/3816
f 1302/4659/3774 3965/4660/4003 4879/4661/4004 3919/4662/3775
f 3965/4660/4005 1303/4663/4006 3920/4664/4007 4879/4661/4008
f 4879/4661/4008 3920/4664/4007 885/4621/3960 3096/4618/3959
f 3919/4662/3775 4879/4661/4004 3096/4618/3957 818/4617/3776
f 874/4665/4009 3058/4666/4010 4880/4667/4011 3028/4668/4012
f 877/4669/4013 3031/4670/4014 4880/4667/4011 3058/4666/4010
f 876/3736/3125 3030/3739/3128 4880/4667/4011 3031/4670/4014
f 767/3744/3133 2821/4671/3669 4880/4667/4011 3030/3739/3128
f 766/4672/3668 3027/4673/4015 4880/4667/4011 2821/4671/3669
f 873/4674/4016 3028/4668/4012 4880/4667/4011 3027/4673/4015
f 873/4674/4016 3027/4673/4015 4881/4675/4017 3266/4676/4018
f 766/4672/3668 2820/4677/4019 4881/4675/4017 3027/4673/4015
f 977/4678/4020 3265/4679/4020 4881/4675/4017 2820/4677/4019
f 984/4680/4021 3278/4681/4022 4881/4675/4017 3265/4679/4023
f 987/4682/4024 3266/4676/4018 4881/4675/4017 3278/4681/4022
f 976/4683/3678 3254/4684/3677 4882/4685/4025 3279/4686/4026
f 757/4687/3676 2915/4688/4027 4882/4685/4025 3254/4684/3677
f 875/4689/4028 3280/4690/4029 4882/4685/4030 2915/4688/4031
f 985/4691/4032 3277/4692/4033 4882/4685/4030 3280/4690/4029
f 983/4693/4034 3279/4686/4035 4882/4685/4030 3277/4692/4033
f 875/4689/4028 3029/4694/4036 4883/4695/4037 3280/4690/4029
f 3029/4694/4036 874/4665/4009 3281/4696/4038 4883/4695/4037
f 4883/4695/4037 3281/4696/4038 986/4697/4039 3276/4698/4040
f 3280/4690/4029 4883/4695/4037 3276/4698/4040 985/4691/4032
f 760/4699/3684 2814/4700/3683 4884/4701/4041 3020/4702/4042
f 2814/4700/3683 759/4572/3682 3023/4575/3917 4884/4701/4041
f 4884/4701/4041 3023/4575/3917 870/4580/3921 3061/4703/4043
f 3020/4702/4042 4884/4701/4041 3061/4703/4043 868/4704/4044
f 865/4705/3689 3016/4706/4045 4885/4707/4046 3064/4708/3692
f 3016/4706/4045 998/4709/4047 3306/4710/4048 4885/4707/4046
f 4885/4707/4046 3306/4710/4048 1000/4711/4049 3311/4712/4050
f 3064/4708/3692 4885/4707/4046 3311/4712/4050 867/4713/3694
f 761/4714/3670 2815/4715/3673 4886/4716/4051 3017/4717/4052
f 2815/4715/3673 760/4699/3684 3020/4702/4042 4886/4716/4051
f 4886/4716/4051 3020/4702/4042 868/4704/4044 3063/4718/4053
f 3017/4717/4052 4886/4716/4051 3063/4718/4053 866/4719/4054
f 872/4720/3919 3310/4721/4055 4887/4722/4056 3059/4723/3920
f 3310/4721/4055 1005/4724/4057 3301/4725/3829 4887/4722/4056
f 4887/4722/4056 3301/4725/3829 1003/4726/3828 3019/4727/4058
f 3059/4723/3920 4887/4722/4056 3019/4727/4058 870/4728/3921
f 723/4729/3922 2765/4730/3885 4888/4731/4059 2992/4732/3923
f 2765/4730/3885 761/4714/3670 3017/4717/4052 4888/4731/4059
f 4888/4731/4059 3017/4717/4052 866/4719/4054 3065/4733/4060
f 2992/4732/3923 4888/4731/4059 3065/4733/4060 847/4734/3897
f 846/4735/3685 3309/4736/4061 4889/4737/4062 3066/4738/3686
f 3309/4736/4061 996/4739/4063 3308/4740/4064 4889/4737/4062
f 4889/4737/4062 3308/4740/4064 998/4709/4047 3016/4706/4045
f 3066/4738/3686 4889/4737/4062 3016/4706/4045 865/4705/3689
f 1085/4741/4065 3478/4742/4066 4890/4743/4067 3477/4744/4068
f 1068/4745/3272 3428/4746/3271 4890/4743/4067 3478/4742/4066
f 743/4747/3088 3014/4748/4069 4890/4743/4067 3428/4746/3271
f 864/4749/4070 3067/4750/4071 4890/4743/4067 3014/4748/4069
f 1086/4751/4072 3477/4744/4068 4890/4743/4067 3067/4750/4071
f 870/4728/3921 3019/4727/4058 4891/4752/4073 3061/4753/4043
f 3019/4727/4058 1003/4726/3828 3303/4754/3825 4891/4752/4073
f 4891/4752/4073 3303/4754/3825 1001/4755/4074 3022/4756/4075
f 3061/4753/4043 4891/4752/4073 3022/4756/4075 868/4757/4044
f 732/4758/3204 2778/4759/3211 4892/4760/4076 3004/4761/4077
f 2778/4759/3211 733/4586/3210 3007/4585/3925 4892/4760/4076
f 4892/4760/4076 3007/4585/3925 858/4548/3895 3073/4762/4078
f 3004/4761/4077 4892/4760/4076 3073/4762/4078 856/4763/4079
f 1086/4751/4072 3067/4750/4071 4893/4764/4080 3476/4765/4081
f 3067/4750/4071 864/4749/4070 3013/4766/4082 4893/4764/4083
f 4893/4764/4083 3013/4766/4082 863/3903/3060 3068/3900/3277
f 3476/4765/4081 4893/4764/4080 3068/3900/3274 1087/3899/3273
f 1300/4767/4084 3964/4768/4085 4894/4769/4086 2982/4770/4087
f 3964/4768/4085 1299/4771/4088 3916/4772/4089 4894/4769/4086
f 4894/4769/4086 3916/4772/4089 862/4651/3992 3069/4648/3991
f 2982/4770/4087 4894/4769/4086 3069/4648/3988 840/4647/3987
f 844/4773/4090 3071/4774/4091 4895/4775/4092 2988/4776/4093
f 3071/4774/4091 860/4777/3230 3009/4778/3227 4895/4775/4092
f 4895/4775/4092 3009/4778/3227 859/4779/3226 3072/4780/4094
f 2988/4776/4093 4895/4775/4092 3072/4780/4094 845/4781/4095
f 1286/4782/3093 3912/4783/4096 4896/4784/4097 2757/4785/3094
f 3912/4783/4096 1290/4786/4098 3284/4787/4099 4896/4784/4097
f 4896/4784/4097 3284/4787/4099 989/4788/4100 2788/4789/4101
f 2757/4785/3094 4896/4784/4097 2788/4789/4101 717/4790/3095
f 1008/4791/4102 3626/4792/4103 4897/4793/4104 3631/4794/4105
f 1010/4795/3232 3632/4796/4106 4897/4793/4104 3626/4792/4103
f 994/4797/4107 3631/4794/4105 4897/4793/4104 3632/4796/4106
f 1284/4798/4108 3880/4799/4109 4898/4800/4110 3624/4801/4111
f 3880/4799/4109 1283/4802/3986 3623/4803/3985 4898/4800/4110
f 4898/4800/4110 3623/4803/3985 883/4804/3939 3037/4805/4112
f 3624/4801/4111 4898/4800/4110 3037/4805/4112 882/4806/4113
f 1048/4807/4114 3391/4808/4115 4899/4809/4116 3382/4810/4117
f 3391/4808/4115 1050/4811/4118 3384/4812/4119 4899/4809/4116
f 4899/4809/4116 3384/4812/4119 995/4813/4120 2787/4814/4121
f 3382/4810/4117 4899/4809/4116 2787/4814/4121 844/4815/4090
f 1277/4454/3806 2966/4453/3805 4900/4816/4122 3879/4817/4123
f 2966/4453/3805 838/4452/3760 2962/4818/3904 4900/4816/4122
f 4900/4816/4122 2962/4818/3904 839/4405/3765 2967/4402/3762
f 3879/4817/4123 4900/4816/4122 2967/4402/3762 1278/4401/3761
f 717/4790/3095 2788/4789/4101 4901/4819/4124 2754/4820/3244
f 2788/4789/4101 989/4788/4100 3283/4821/4125 4901/4819/4124
f 4901/4819/4126 3283/4821/4127 988/4822/4128 2987/4823/4129
f 2754/4820/3238 4901/4819/4126 2987/4823/4129 841/4824/3235
f 1289/4825/4130 3911/4826/4131 4902/4827/4132 3091/4828/4133
f 3911/4826/4131 1288/4829/4134 3090/4830/4135 4902/4827/4132
f 4902/4827/4132 3090/4830/4135 840/4831/3987 2983/4832/3990
f 3091/4828/4133 4902/4827/4132 2983/4832/3990 841/4833/3235
f 731/4834/3198 2777/4835/3205 4903/4836/4136 3001/4837/4137
f 2777/4835/3205 732/4758/3204 3004/4761/4077 4903/4836/4136
f 4903/4836/4136 3004/4761/4077 856/4763/4079 3075/4838/4138
f 3001/4837/4137 4903/4836/4136 3075/4838/4138 854/4839/4139
f 856/4763/4079 3073/4762/4078 4904/4840/4140 3003/4841/4141
f 3073/4762/4078 858/4548/3895 3006/4547/3894 4904/4840/4140
f 4904/4840/4140 3006/4547/3894 857/3774/3160 3074/3772/3158
f 3003/4841/4141 4904/4840/4140 3074/3772/3158 855/3768/3154
f 730/4842/3190 2776/4843/3199 4905/4844/4142 2998/4845/4143
f 2776/4843/3199 731/4834/3198 3001/4837/4137 4905/4844/4142
f 4905/4844/4142 3001/4837/4137 854/4839/4139 3077/4846/4144
f 2998/4845/4143 4905/4844/4142 3077/4846/4144 852/4847/4145
f 854/4839/4139 3075/4838/4138 4906/4848/4146 3000/4849/4147
f 3075/4838/4138 856/4763/4079 3003/4841/4141 4906/4848/4146
f 4906/4848/4146 3003/4841/4141 855/3768/3154 3076/3766/3152
f 3000/4849/4147 4906/4848/4146 3076/3766/3152 853/3762/3148
f 718/4850/3086 2775/4851/3191 4907/4852/4148 2986/4853/4149
f 2775/4851/3191 730/4842/3190 2998/4845/4143 4907/4852/4148
f 4907/4852/4148 2998/4845/4143 852/4847/4145 3079/4854/4150
f 2986/4853/4151 4907/4852/4148 3079/4854/4150 843/4855/4152
f 852/4847/4145 3077/4846/4144 4908/4856/4153 2997/4857/4154
f 3077/4846/4144 854/4839/4139 3000/4849/4147 4908/4856/4153
f 4908/4856/4153 3000/4849/4147 853/3762/3148 3078/3760/3146
f 2997/4857/4154 4908/4856/4153 3078/3760/3146 851/3756/3142
f 900/4858/3913 3103/4859/4155 4909/4860/4156 3113/4861/3914
f 905/4862/4157 3157/4863/4158 4909/4860/4156 3103/4859/4155
f 920/4864/4159 3131/4865/4160 4909/4860/4161 3157/4863/4162
f 915/4866/4163 3143/4867/4164 4909/4860/4161 3131/4865/4160
f 913/4868/4165 3140/4869/4166 4909/4860/4161 3143/4867/4164
f 921/4870/4167 3145/4871/4168 4909/4860/4161 3140/4869/4166
f 906/4872/3915 3113/4861/3914 4909/4860/4156 3145/4871/4169
f 843/4855/4152 3079/4854/4150 4910/4873/4170 2985/4874/4171
f 3079/4854/4150 852/4847/4145 2997/4857/4154 4910/4873/4170
f 4910/4873/4170 2997/4857/4154 851/3756/3142 3080/3754/3140
f 2985/4874/4171 4910/4873/4170 3080/3754/3140 842/3669/3064
f 743/4875/3088 2794/4876/3087 4911/4877/4172 3014/4878/4069
f 2794/4876/3087 718/4850/3086 2986/4853/4149 4911/4877/4172
f 4911/4877/4173 2986/4853/4151 843/4855/4152 3092/4879/4174
f 3014/4878/4069 4911/4877/4173 3092/4879/4174 864/4880/4070
f 756/4260/3640 2811/4259/3639 4912/4881/4175 2916/4882/4176
f 2811/4259/3639 724/4258/3638 2767/4883/4177 4912/4881/4175
f 4912/4881/4175 2767/4883/4177 850/4884/4178 3081/4885/4179
f 2916/4882/4176 4912/4881/4175 3081/4885/4179 878/4886/4180
f 878/4887/4180 3081/4888/4179 4913/4889/4181 3032/4890/4182
f 3081/4888/4179 850/4891/4178 2995/4892/4183 4913/4889/4181
f 4913/4889/4181 2995/4892/4183 849/4893/4184 3082/4894/4185
f 3032/4890/4182 4913/4889/4181 3082/4894/4185 877/4669/4013
f 877/4669/4013 3082/4894/4185 4914/4895/4186 3031/4670/4014
f 3082/4894/4185 849/4893/4184 2994/4896/4187 4914/4895/4186
f 4914/4895/4186 2994/4896/4187 848/3740/3129 3083/3737/3126
f 3031/4670/4014 4914/4895/4186 3083/3737/3126 876/3736/3125
f 1320/4897/4188 3963/4898/4189 4915/4899/4190 3937/4900/4191
f 3963/4898/4189 636/1246/1140 2593/1245/1139 4915/4899/4190
f 4915/4899/4190 2593/1245/1139 153/1244/1138 3084/4901/4192
f 3937/4900/4191 4915/4899/4190 3084/4901/4192 1104/4902/4193
f 1105/4903/1141 3563/4904/1142 4916/4905/1142 3086/4906/1141
f 3563/4904/1142 1108/4907/1143 3341/4908/1143 4916/4905/1142
f 4916/4905/1142 3341/4908/1143 333/1253/1143 1991/1252/1142
f 3086/4906/1141 4916/4905/1142 1991/1252/1142 152/1251/1141
f 1011/4909/4194 3635/4910/4195 4917/4911/4196 3622/4912/4197
f 3635/4910/4195 1016/4913/4198 3324/4914/4199 4917/4911/4196
f 4917/4911/4196 3324/4914/4199 1017/4915/4200 3621/4916/4201
f 3622/4912/4197 4917/4911/4196 3621/4916/4201 1008/4917/4202
f 1285/4918/3787 3875/4919/3786 4918/4920/4203 3878/4921/4204
f 3875/4919/3786 817/4922/3785 2929/4923/3967 4918/4920/4203
f 4918/4920/4203 2929/4923/3967 881/4924/3973 3087/4925/4205
f 3878/4921/4204 4918/4920/4203 3087/4925/4205 1279/4926/4206
f 1279/4926/4206 3087/4925/4205 4919/4927/4207 3877/4928/4208
f 3087/4925/4205 881/4924/3973 3035/4929/4000 4919/4927/4207
f 4919/4927/4207 3035/4929/4000 880/4930/3816 3088/4931/4209
f 3877/4928/4208 4919/4927/4207 3088/4931/4209 1280/4932/4210
f 1280/4932/4210 3088/4931/4209 4920/4933/4211 3876/4934/4212
f 3088/4931/4209 880/4930/3816 3034/4935/3819 4920/4933/4211
f 4920/4933/4211 3034/4935/3819 879/3725/3120 3089/3722/3117
f 3876/4934/4212 4920/4933/4211 3089/3722/3117 1281/3721/3116
f 1324/4936/4213 3962/4937/4214 4921/4938/4215 3941/4939/4216
f 3962/4937/4214 1300/4940/4084 2982/4941/4087 4921/4938/4215
f 4921/4938/4215 2982/4941/4087 840/4831/3987 3090/4830/4135
f 3941/4939/4216 4921/4938/4215 3090/4830/4135 1288/4829/4134
f 883/4598/3939 3098/4597/3938 4922/4942/4217 3037/4943/4112
f 3098/4597/3937 897/4596/3936 3048/4944/3951 4922/4942/4218
f 4922/4942/4218 3048/4944/3951 896/4945/3956 3097/4946/4219
f 3037/4943/4112 4922/4942/4217 3097/4946/4220 882/4947/4113
f 864/4880/4070 3092/4879/4174 4923/4948/4221 3013/4949/4222
f 3092/4879/4174 843/4855/4152 2985/4874/4171 4923/4948/4221
f 4923/4948/4221 2985/4874/4171 842/3669/3064 3093/3666/3061
f 3013/4949/4222 4923/4948/4221 3093/3666/3061 863/3665/3060
f 892/4563/3907 3118/4566/3911 4924/4950/4223 3055/4951/3927
f 3118/4566/3911 906/4571/3915 3112/4952/4224 4924/4950/4223
f 4924/4950/4223 3112/4952/4224 898/4953/4225 3117/4954/4226
f 3055/4951/3927 4924/4950/4223 3117/4954/4226 884/4955/3929
f 893/4463/3815 3115/4462/3814 4925/4956/4227 3052/4957/3997
f 3115/4462/3814 907/4461/3813 3109/4958/4228 4925/4956/4227
f 4925/4956/4227 3109/4958/4228 905/4959/4157 3119/4960/4229
f 3052/4957/3997 4925/4956/4227 3119/4960/4229 891/4961/3754
f 888/4962/3977 3121/4963/4230 4926/4964/4231 2968/4965/3981
f 3121/4963/4230 902/4966/4232 3101/4967/4233 4926/4964/4231
f 4926/4964/4231 3101/4967/4233 901/4968/4234 3120/4969/4235
f 2968/4965/3981 4926/4964/4231 3120/4969/4235 887/4970/3943
f 884/4971/3929 3117/4972/4226 4927/4973/4236 3053/4974/3934
f 3117/4972/4226 898/4975/4225 3110/4976/4237 4927/4973/4236
f 4927/4973/4236 3110/4976/4237 911/4612/3952 3123/4609/3949
f 3053/4974/3934 4927/4973/4236 3123/4609/3949 897/4608/3936
f 887/4970/3943 3120/4969/4235 4928/4977/4238 3057/4978/3944
f 3120/4969/4235 901/4968/4234 3114/4979/4239 4928/4977/4238
f 4928/4977/4238 3114/4979/4239 903/4980/4240 3124/4981/4241
f 3057/4978/3944 4928/4977/4238 3124/4981/4241 889/4982/3946
f 885/4983/3960 3126/4984/4242 4929/4985/4243 2970/4986/3961
f 3126/4984/4242 899/4987/4244 3102/4988/4245 4929/4985/4243
f 4929/4985/4243 3102/4988/4245 904/4989/4246 3125/4990/4247
f 2970/4986/3961 4929/4985/4243 3125/4990/4247 890/4991/3963
f 911/4992/3952 3146/4993/4248 4930/4994/4249 3105/4995/3953
f 927/4996/4250 3133/4997/4251 4930/4994/4252 3146/4993/4253
f 926/4998/4254 3134/4999/4255 4930/4994/4252 3133/4997/4251
f 925/5000/4256 3149/5001/4257 4930/4994/4252 3134/4999/4255
f 910/5002/3954 3105/4995/3953 4930/4994/4249 3149/5001/4258
f 889/4982/3946 3124/4981/4241 4931/5003/4259 3054/5004/3968
f 3124/4981/4241 903/4980/4240 3111/5005/4260 4931/5003/4259
f 4931/5003/4259 3111/5005/4260 909/5006/4261 3127/5007/4262
f 3054/5004/3968 4931/5003/4259 3127/5007/4262 895/5008/3970
f 890/4991/3963 3125/4990/4247 4932/5009/4263 3043/5010/3975
f 3125/4990/4247 904/4989/4246 3104/5011/4264 4932/5009/4263
f 4932/5009/4263 3104/5011/4264 902/4966/4232 3121/4963/4230
f 3043/5010/3975 4932/5009/4263 3121/4963/4230 888/4962/3977
f 1303/5012/4006 3961/5013/4265 4933/5014/4266 3920/5015/4007
f 3961/5013/4265 1304/5016/4267 3921/5017/4268 4933/5014/4266
f 4933/5014/4266 3921/5017/4268 899/5018/4244 3126/5019/4242
f 3920/5015/4007 4933/5014/4266 3126/5019/4242 885/5020/3960
f 891/5021/3754 3119/5022/4229 4934/5023/4269 3038/5024/3755
f 3119/5022/4229 905/5025/4157 3103/5026/4155 4934/5023/4269
f 4934/5023/4269 3103/5026/4155 900/4569/3913 3122/4568/3912
f 3038/5024/3755 4934/5023/4269 3122/4568/3912 886/4567/3757
f 895/5027/3970 3127/5028/4262 4935/5029/4270 3050/5030/4001
f 3127/5028/4262 909/5031/4261 3107/5032/4271 4935/5029/4270
f 4935/5029/4270 3107/5032/4271 908/4459/3811 3116/4456/3808
f 3050/5030/4001 4935/5029/4270 3116/4456/3808 894/4455/3807
f 927/5033/4250 3175/5034/4272 4936/5035/4273 3133/5036/4251
f 3175/5034/4272 943/5037/4274 3162/5038/4275 4936/5035/4273
f 4936/5035/4273 3162/5038/4275 942/5039/4276 3174/5040/4277
f 3133/5036/4251 4936/5035/4273 3174/5040/4277 926/5041/4254
f 945/5042/4278 3195/5043/4279 4937/5044/4280 3216/5045/4281
f 944/5046/4282 3249/5047/4283 4937/5044/4280 3195/5043/4279
f 974/5048/4284 3240/5049/4285 4937/5044/4280 3249/5047/4283
f 973/5050/4286 3242/5051/4287 4937/5044/4280 3240/5049/4285
f 946/5052/4288 3216/5045/4281 4937/5044/4280 3242/5051/4287
f 903/5053/4240 3148/5054/4289 4938/5055/4290 3111/5056/4260
f 3148/5054/4291 918/5057/4292 3141/5058/4293 4938/5055/4294
f 4938/5055/4294 3141/5058/4293 924/5059/4295 3147/5060/4296
f 3111/5056/4260 4938/5055/4290 3147/5060/4297 909/5061/4261
f 906/4872/3915 3145/4871/4169 4939/5062/4298 3112/5063/4224
f 3145/4871/4168 921/4870/4167 3142/5064/4299 4939/5062/4300
f 4939/5062/4300 3142/5064/4299 912/5065/4301 3150/5066/4302
f 3112/5063/4224 4939/5062/4298 3150/5066/4303 898/5067/4225
f 1304/5068/4267 3960/5069/4304 4940/5070/4305 3921/5071/4268
f 3960/5069/4306 1305/5072/4307 3922/5073/4308 4940/5070/4309
f 4940/5070/4309 3922/5073/4308 914/5074/4310 3151/5075/4311
f 3921/5071/4268 4940/5070/4305 3151/5075/4312 899/5076/4244
f 909/5061/4261 3147/5060/4297 4941/5077/4313 3107/5078/4271
f 3147/5060/4296 924/5059/4295 3136/5079/4314 4941/5077/4315
f 4941/5077/4315 3136/5079/4314 923/5080/4316 3152/5081/4317
f 3107/5078/4271 4941/5077/4313 3152/5081/4318 908/5082/3811
f 902/5083/4232 3154/5084/4319 4942/5085/4320 3101/5086/4233
f 3154/5084/4321 917/5087/4322 3129/5088/4323 4942/5085/4324
f 4942/5085/4324 3129/5088/4323 916/5089/4325 3153/5090/4326
f 3101/5086/4233 4942/5085/4320 3153/5090/4327 901/5091/4234
f 901/5091/4234 3153/5090/4327 4943/5092/4328 3114/5093/4239
f 3153/5090/4326 916/5089/4325 3144/5094/4329 4943/5092/4330
f 4943/5092/4330 3144/5094/4329 918/5057/4292 3148/5054/4291
f 3114/5093/4239 4943/5092/4328 3148/5054/4289 903/5053/4240
f 908/5082/3811 3152/5081/4318 4944/5095/4331 3108/5096/3812
f 3152/5081/4317 923/5080/4316 3137/5097/4332 4944/5095/4333
f 4944/5095/4333 3137/5097/4332 922/5098/4334 3155/5099/4335
f 3108/5096/3812 4944/5095/4331 3155/5099/4336 907/5100/3813
f 899/5076/4244 3151/5075/4312 4945/5101/4337 3102/5102/4245
f 3151/5075/4311 914/5074/4310 3130/5103/4338 4945/5101/4339
f 4945/5101/4339 3130/5103/4338 919/5104/4340 3156/5105/4341
f 3102/5102/4245 4945/5101/4337 3156/5105/4342 904/5106/4246
f 907/5100/3813 3155/5099/4336 4946/5107/4343 3109/5108/4228
f 3155/5099/4335 922/5098/4334 3138/5109/4344 4946/5107/4345
f 4946/5107/4345 3138/5109/4344 920/4864/4159 3157/4863/4162
f 3109/5108/4228 4946/5107/4343 3157/4863/4158 905/4862/4157
f 829/4286/3666 3263/4517/3868 4947/5110/4346 2951/4287/3667
f 828/4248/3628 2949/4251/3631 4947/5110/4346 3263/4517/3868
f 765/4253/3633 3255/5111/4347 4947/5110/4346 2949/4251/3631
f 977/5112/4348 2820/5113/4019 4947/5110/4346 3255/5111/4347
f 766/4288/3668 2951/4287/3667 4947/5110/4346 2820/5113/4019
f 898/5067/4225 3150/5066/4303 4948/5114/4349 3110/5115/4237
f 3150/5066/4302 912/5065/4301 3139/5116/4350 4948/5114/4351
f 4948/5114/4351 3139/5116/4350 927/4996/4250 3146/4993/4253
f 3110/5115/4237 4948/5114/4349 3146/4993/4248 911/4992/3952
f 904/5106/4246 3156/5105/4342 4949/5117/4352 3104/5118/4264
f 3156/5105/4341 919/5104/4340 3132/5119/4353 4949/5117/4354
f 4949/5117/4354 3132/5119/4353 917/5087/4322 3154/5084/4321
f 3104/5118/4264 4949/5117/4352 3154/5084/4319 902/5083/4232
f 930/5120/4355 3192/5121/4356 4950/5122/4357 3159/5123/4358
f 3192/5121/4359 957/5124/4360 3215/5125/4361 4950/5122/4362
f 4950/5122/4362 3215/5125/4361 952/5126/4363 3208/5127/4363
f 3159/5123/4358 4950/5122/4357 3208/5127/4364 935/5128/4365
f 918/5129/4292 3177/5130/4366 4951/5131/4367 3141/5132/4293
f 3177/5130/4366 934/5133/4368 3170/5134/4369 4951/5131/4367
f 4951/5131/4367 3170/5134/4369 940/5135/4370 3176/5136/4371
f 3141/5132/4293 4951/5131/4367 3176/5136/4371 924/5137/4295
f 926/5041/4254 3174/5040/4277 4952/5138/4372 3134/5139/4255
f 3174/5040/4277 942/5039/4276 3163/5140/4373 4952/5138/4372
f 4952/5138/4372 3163/5140/4373 941/5141/4374 3178/5142/4375
f 3134/5139/4255 4952/5138/4372 3178/5142/4375 925/5143/4256
f 921/5144/4167 3180/5145/4376 4953/5146/4377 3142/5147/4299
f 3180/5145/4376 937/5148/4378 3171/5149/4379 4953/5146/4377
f 4953/5146/4377 3171/5149/4379 928/5150/4380 3179/5151/4381
f 3142/5147/4299 4953/5146/4377 3179/5151/4381 912/5152/4301
f 1305/5153/4307 3959/5154/4382 4954/5155/4383 3922/5156/4308
f 3959/5154/4382 1306/5157/4384 3923/5158/4385 4954/5155/4383
f 4954/5155/4383 3923/5158/4385 930/5159/4355 3181/5160/4386
f 3922/5156/4308 4954/5155/4383 3181/5160/4386 914/5161/4310
f 915/5162/4163 3183/5163/4387 4955/5164/4388 3143/5165/4164
f 3183/5163/4387 931/5166/4389 3172/5167/4390 4955/5164/4388
f 4955/5164/4388 3172/5167/4390 929/5168/4391 3182/5169/4392
f 3143/5165/4164 4955/5164/4388 3182/5169/4392 913/5170/4165
f 924/5137/4295 3176/5136/4371 4956/5171/4393 3136/5172/4314
f 3176/5136/4371 940/5135/4370 3165/5173/4394 4956/5171/4393
f 4956/5171/4393 3165/5173/4394 939/5174/4395 3184/5175/4396
f 3136/5172/4314 4956/5171/4393 3184/5175/4396 923/5176/4316
f 917/5177/4322 3186/5178/4397 4957/5179/4398 3129/5180/4323
f 3186/5178/4397 933/5181/4399 3158/5182/4400 4957/5179/4398
f 4957/5179/4398 3158/5182/4400 932/5183/4401 3185/5184/4402
f 3129/5180/4323 4957/5179/4398 3185/5184/4402 916/5185/4325
f 916/5185/4325 3185/5184/4402 4958/5186/4403 3144/5187/4329
f 3185/5184/4402 932/5183/4401 3173/5188/4404 4958/5186/4403
f 4958/5186/4403 3173/5188/4404 934/5189/4368 3177/5190/4366
f 3144/5187/4329 4958/5186/4403 3177/5190/4366 918/5191/4292
f 923/5176/4316 3184/5175/4396 4959/5192/4405 3137/5193/4332
f 3184/5175/4396 939/5174/4395 3166/5194/4406 4959/5192/4405
f 4959/5192/4405 3166/5194/4406 938/5195/4407 3187/5196/4408
f 3137/5193/4332 4959/5192/4405 3187/5196/4408 922/5197/4334
f 914/5161/4310 3181/5160/4386 4960/5198/4409 3130/5199/4338
f 3181/5160/4386 930/5159/4355 3159/5200/4358 4960/5198/4409
f 4960/5198/4409 3159/5200/4358 935/5201/4365 3188/5202/4410
f 3130/5199/4338 4960/5198/4409 3188/5202/4410 919/5203/4340
f 922/5197/4334 3187/5196/4408 4961/5204/4411 3138/5205/4344
f 3187/5196/4408 938/5195/4407 3167/5206/4412 4961/5204/4411
f 4961/5204/4411 3167/5206/4412 936/5207/4413 3189/5208/4414
f 3138/5205/4344 4961/5204/4411 3189/5208/4414 920/5209/4159
f 920/5209/4159 3189/5208/4414 4962/5210/4415 3131/5211/4160
f 3189/5208/4414 936/5207/4413 3160/5212/4416 4962/5210/4415
f 4962/5210/4415 3160/5212/4416 931/5213/4389 3183/5214/4387
f 3131/5211/4160 4962/5210/4415 3183/5214/4387 915/5215/4163
f 912/5152/4301 3179/5151/4381 4963/5216/4417 3139/5217/4350
f 3179/5151/4381 928/5150/4380 3168/5218/4418 4963/5216/4417
f 4963/5216/4417 3168/5218/4418 943/5219/4274 3175/5220/4272
f 3139/5217/4350 4963/5216/4417 3175/5220/4272 927/5221/4250
f 919/5222/4340 3188/5223/4410 4964/5224/4419 3132/5225/4353
f 3188/5223/4410 935/5226/4365 3161/5227/4420 4964/5224/4419
f 4964/5224/4419 3161/5227/4420 933/5181/4399 3186/5178/4397
f 3132/5225/4353 4964/5224/4419 3186/5178/4397 917/5177/4322
f 913/5170/4165 3182/5169/4392 4965/5228/4421 3140/5229/4166
f 3182/5169/4392 929/5168/4391 3169/5230/4422 4965/5228/4421
f 4965/5228/4421 3169/5230/4422 937/5148/4378 3180/5145/4376
f 3140/5229/4166 4965/5228/4421 3180/5145/4376 921/5144/4167
f 929/5231/4391 3201/5232/4423 4966/5233/4424 3169/5234/4422
f 3201/5232/4425 958/5235/4426 3206/5236/4427 4966/5233/4428
f 4966/5233/4428 3206/5236/4427 950/5237/4429 3204/5238/4430
f 3169/5234/4422 4966/5233/4424 3204/5238/4431 937/5239/4378
f 931/5240/4389 3196/5241/4432 4967/5242/4433 3172/5243/4390
f 3196/5241/4434 956/5244/4435 3217/5245/4436 4967/5242/4437
f 4967/5242/4437 3217/5245/4436 958/5235/4426 3201/5232/4425
f 3172/5243/4390 4967/5242/4433 3201/5232/4423 929/5231/4391
f 936/5246/4413 3219/5247/4438 4968/5248/4439 3160/5249/4416
f 3219/5247/4440 951/5250/4441 3194/5251/4442 4968/5248/4443
f 4968/5248/4443 3194/5251/4442 956/5244/4435 3196/5241/4434
f 3160/5249/4416 4968/5248/4439 3196/5241/4432 931/5240/4389
f 937/5239/4378 3204/5238/4431 4969/5252/4444 3171/5253/4379
f 3204/5238/4430 950/5237/4429 3212/5254/4445 4969/5252/4446
f 4969/5252/4446 3212/5254/4445 959/5255/4447 3214/5256/4448
f 3171/5253/4379 4969/5252/4444 3214/5256/4449 928/5257/4380
f 933/5258/4399 3193/5259/4450 4970/5260/4451 3158/5261/4400
f 3193/5259/4452 954/5262/4453 3209/5263/4454 4970/5260/4455
f 4970/5260/4455 3209/5263/4454 955/5264/4456 3211/5265/4457
f 3158/5261/4400 4970/5260/4451 3211/5265/4458 932/5266/4401
f 938/5267/4407 3205/5268/4459 4971/5269/4460 3167/5270/4412
f 3205/5268/4461 949/5271/4461 3198/5272/4462 4971/5269/4463
f 4971/5269/4463 3198/5272/4462 951/5250/4441 3219/5247/4440
f 3167/5270/4412 4971/5269/4460 3219/5247/4438 936/5246/4413
f 956/5244/4464 3246/5273/4465 4972/5274/4466 3217/5245/4467
f 3246/5273/4465 963/5275/4468 3237/5276/4469 4972/5274/4466
f 4972/5274/4466 3237/5276/4469 961/5277/4470 3243/5278/4471
f 3217/5245/4467 4972/5274/4466 3243/5278/4471 958/5235/4472
f 1306/5279/4384 3958/5280/4473 4973/5281/4474 3923/5282/4385
f 3958/5280/4475 1307/5283/4475 3924/5284/4476 4973/5281/4476
f 4973/5281/4476 3924/5284/4476 957/5124/4360 3192/5121/4359
f 3923/5282/4385 4973/5281/4474 3192/5121/4356 930/5120/4355
f 943/5285/4274 3191/5286/4477 4974/5287/4478 3162/5288/4275
f 3191/5286/4479 944/5289/4480 3195/5290/4481 4974/5287/4482
f 4974/5287/4482 3195/5290/4481 945/5291/4483 3210/5292/4484
f 3162/5288/4275 4974/5287/4478 3210/5292/4485 942/5293/4276
f 942/5293/4276 3210/5292/4485 4975/5294/4486 3163/5295/4373
f 3210/5292/4484 945/5291/4483 3216/5296/4487 4975/5294/4488
f 4975/5294/4488 3216/5296/4487 946/5297/4489 3200/5298/4490
f 3163/5295/4373 4975/5294/4486 3200/5298/4491 941/5299/4374
f 932/5266/4401 3211/5265/4458 4976/5300/4492 3173/5301/4404
f 3211/5265/4457 955/5264/4456 3202/5302/4493 4976/5300/4494
f 4976/5300/4494 3202/5302/4493 953/5303/4495 3221/5304/4496
f 3173/5301/4404 4976/5300/4492 3221/5304/4497 934/5305/4368
f 935/5128/4365 3208/5127/4364 4977/5306/4498 3161/5307/4420
f 3208/5127/4363 952/5126/4363 3218/5308/4499 4977/5306/4500
f 4977/5306/4500 3218/5308/4499 954/5262/4453 3193/5259/4452
f 3161/5307/4420 4977/5306/4498 3193/5259/4450 933/5258/4399
f 928/5257/4380 3214/5256/4449 4978/5309/4501 3168/5310/4418
f 3214/5256/4448 959/5255/4447 3213/5311/4502 4978/5309/4503
f 4978/5309/4503 3213/5311/4502 944/5289/4480 3191/5286/4479
f 3168/5310/4418 4978/5309/4501 3191/5286/4477 943/5285/4274
f 939/5312/4395 3190/5313/4504 4979/5314/4505 3166/5315/4406
f 3190/5313/4506 948/5316/4507 3207/5317/4508 4979/5314/4508
f 4979/5314/4508 3207/5317/4508 949/5271/4461 3205/5268/4461
f 3166/5315/4406 4979/5314/4505 3205/5268/4459 938/5267/4407
f 934/5305/4368 3221/5304/4497 4980/5318/4509 3170/5319/4369
f 3221/5304/4496 953/5303/4495 3199/5320/4510 4980/5318/4511
f 4980/5318/4511 3199/5320/4510 947/5321/4512 3203/5322/4513
f 3170/5319/4369 4980/5318/4509 3203/5322/4514 940/5323/4370
f 953/5303/4515 3248/5324/4516 4981/5325/4517 3199/5320/4518
f 3248/5324/4516 966/5326/4519 3235/5327/4520 4981/5325/4517
f 4981/5325/4517 3235/5327/4520 972/5328/4521 3223/5329/4522
f 3199/5320/4518 4981/5325/4517 3223/5329/4522 947/5321/4523
f 940/5323/4370 3203/5322/4514 4982/5330/4524 3165/5331/4394
f 3203/5322/4513 947/5321/4512 3197/5332/4525 4982/5330/4526
f 4982/5330/4526 3197/5332/4525 948/5316/4507 3190/5313/4506
f 3165/5331/4394 4982/5330/4524 3190/5313/4504 939/5312/4395
f 955/5333/4527 3226/5334/4528 4983/5335/4529 3202/5336/4530
f 3226/5334/4528 964/5337/4531 3238/5338/4532 4983/5335/4529
f 4983/5335/4529 3238/5338/4532 966/5339/4519 3248/5340/4516
f 3202/5336/4530 4983/5335/4529 3248/5340/4516 953/5341/4515
f 949/5342/4533 3244/5343/4534 4984/5344/4535 3198/5345/4536
f 3244/5343/4534 970/5346/4537 3234/5347/4538 4984/5344/4535
f 4984/5344/4535 3234/5347/4538 968/5348/4539 3225/5349/4540
f 3198/5345/4536 4984/5344/4535 3225/5349/4540 951/5350/4541
f 951/5250/4541 3225/5351/4540 4985/5352/4542 3194/5251/4543
f 3225/5351/4540 968/5353/4539 3231/5354/4544 4985/5352/4542
f 4985/5352/4542 3231/5354/4544 963/5275/4468 3246/5273/4465
f 3194/5251/4543 4985/5352/4542 3246/5273/4465 956/5244/4464
f 965/5355/4545 3239/5356/4546 4986/5357/4547 3227/5358/4548
f 967/5359/4549 3228/5360/4550 4986/5357/4547 3239/5356/4546
f 962/5361/4551 3925/5362/4552 4986/5357/4547 3228/5360/4550
f 1308/5363/4553 3236/5364/4554 4986/5357/4547 3925/5362/4552
f 973/5365/4286 3240/5366/4285 4986/5357/4547 3236/5364/4554
f 974/5367/4284 3232/5368/4555 4986/5357/4547 3240/5366/4285
f 960/5369/4556 3229/5370/4557 4986/5357/4547 3232/5368/4555
f 969/5371/4558 3230/5372/4559 4986/5357/4547 3229/5370/4557
f 961/5277/4470 3237/5276/4469 4986/5357/4547 3230/5372/4559
f 963/5275/4468 3231/5354/4544 4986/5357/4547 3237/5276/4469
f 968/5353/4539 3234/5373/4538 4986/5357/4547 3231/5354/4544
f 970/5374/4537 3241/5375/4560 4986/5357/4547 3234/5373/4538
f 971/5376/4561 3233/5377/4562 4986/5357/4547 3241/5375/4560
f 972/5328/4521 3235/5327/4520 4986/5357/4547 3233/5377/4562
f 966/5326/4519 3238/5378/4532 4986/5357/4547 3235/5327/4520
f 964/5379/4531 3227/5358/4548 4986/5357/4547 3238/5378/4532
f 1307/5380/4563 3957/5381/4564 4987/5382/4565 3924/5383/4566
f 3957/5381/4564 1308/5384/4553 3925/5385/4552 4987/5382/4565
f 4987/5382/4565 3925/5385/4552 962/5386/4551 3245/5387/4567
f 3924/5383/4566 4987/5382/4565 3245/5387/4567 957/5388/4568
f 1016/5389/4198 3336/5390/4569 4988/5391/4570 3324/5392/4199
f 3336/5390/4569 1022/5393/4571 3332/5394/4572 4988/5391/4570
f 4988/5391/4570 3332/5394/4572 1023/5395/4573 3325/5396/4574
f 3324/5392/4199 4988/5391/4570 3325/5396/4574 1017/5397/4200
f 954/5398/4575 3222/5399/4576 4989/5400/4577 3209/5401/4578
f 3222/5399/4576 965/5402/4545 3227/5403/4548 4989/5400/4577
f 4989/5400/4577 3227/5403/4548 964/5337/4531 3226/5334/4528
f 3209/5401/4578 4989/5400/4577 3226/5334/4528 955/5333/4527
f 948/5316/4579 3250/5404/4580 4990/5405/4581 3207/5317/4582
f 3250/5404/4580 971/5376/4561 3241/5375/4560 4990/5405/4581
f 4990/5405/4581 3241/5375/4560 970/5374/4537 3244/5406/4534
f 3207/5317/4582 4990/5405/4581 3244/5406/4534 949/5271/4533
f 952/5407/4583 3247/5408/4584 4991/5409/4585 3218/5410/4586
f 3247/5408/4584 967/5411/4549 3239/5412/4546 4991/5409/4585
f 4991/5409/4585 3239/5412/4546 965/5402/4545 3222/5399/4576
f 3218/5410/4586 4991/5409/4585 3222/5399/4576 954/5398/4575
f 958/5413/4472 3243/5414/4471 4992/5415/4587 3206/5416/4588
f 3243/5414/4471 961/5417/4470 3230/5418/4559 4992/5415/4587
f 4992/5415/4587 3230/5418/4559 969/5419/4558 3224/5420/4589
f 3206/5416/4588 4992/5415/4587 3224/5420/4589 950/5421/4590
f 959/5255/4591 3251/5422/4592 4993/5423/4593 3213/5311/4594
f 3251/5422/4592 960/5369/4556 3232/5368/4555 4993/5423/4593
f 4993/5423/4593 3232/5368/4555 974/5367/4284 3249/5424/4283
f 3213/5311/4594 4993/5423/4593 3249/5424/4283 944/5289/4282
f 947/5321/4523 3223/5329/4522 4994/5425/4595 3197/5332/4596
f 3223/5329/4522 972/5328/4521 3233/5377/4562 4994/5425/4595
f 4994/5425/4595 3233/5377/4562 971/5376/4561 3250/5404/4580
f 3197/5332/4596 4994/5425/4595 3250/5404/4580 948/5316/4579
f 957/5124/4568 3245/5426/4567 4995/5427/4597 3215/5125/4598
f 3245/5426/4567 962/5361/4551 3228/5360/4550 4995/5427/4597
f 4995/5427/4597 3228/5360/4550 967/5359/4549 3247/5428/4584
f 3215/5125/4598 4995/5427/4597 3247/5428/4584 952/5126/4583
f 950/5421/4590 3224/5420/4589 4996/5429/4599 3212/5430/4600
f 3224/5420/4589 969/5419/4558 3229/5431/4557 4996/5429/4599
f 4996/5429/4599 3229/5431/4557 960/5432/4556 3251/5433/4592
f 3212/5430/4600 4996/5429/4599 3251/5433/4592 959/5434/4591
f 758/5435/3680 3264/5436/4601 4997/5437/4602 3026/5438/3918
f 981/5439/4603 3273/5440/4604 4997/5437/4605 3264/5436/4606
f 982/5441/4607 3282/5442/4608 4997/5437/4605 3273/5440/4604
f 765/5443/4609 3024/5444/4610 4997/5437/4610 3282/5442/4611
f 871/5445/4612 3025/5446/4613 4997/5437/4614 3024/5444/4614
f 872/5447/3919 3026/5438/4615 4997/5437/4615 3025/5446/4616
f 976/5448/3678 3279/5449/4026 4998/5450/4617 3268/5451/3679
f 3279/5449/4035 983/5452/4034 3272/5453/4618 4998/5450/4619
f 4998/5450/4620 3272/5453/1569 981/5454/4603 3264/5455/4606
f 3268/5451/3679 4998/5450/4617 3264/5455/4601 758/5456/3680
f 814/3917/3291 2924/4375/3741 4999/5457/4621 2862/5458/4622
f 2924/4375/3741 745/4374/3432 3252/5459/4623 4999/5457/4621
f 4999/5457/4621 3252/5459/4623 975/5460/3433 3267/5461/3742
f 2862/5458/4622 4999/5457/4621 3267/5461/3742 980/3924/3298
f 799/4014/3396 2914/4264/3644 5000/5462/4624 2971/4298/3675
f 2914/4264/3644 833/4270/3650 2956/4505/3856 5000/5462/4624
f 5000/5462/4624 2956/4505/3856 834/4262/3642 2972/4491/3843
f 2971/4298/3675 5000/5462/4624 2972/4491/3843 757/4299/3676
f 745/4055/3432 2886/4054/3431 5001/5463/4625 3252/5464/4623
f 2886/4054/3431 793/4053/3430 2843/5465/4626 5001/5463/4625
f 5001/5463/4625 2843/5465/4626 978/4060/3437 3269/4057/3434
f 3252/5464/4623 5001/5463/4625 3269/4057/3434 975/4056/3433
f 793/4016/3398 2880/4015/3397 5002/5466/4627 2843/5467/4628
f 2880/4015/3397 799/4014/3396 2849/4297/3674 5002/5466/4627
f 5002/5466/4627 2849/4297/3674 979/4021/3403 3270/4018/3400
f 2843/5467/4628 5002/5466/4627 3270/4018/3400 978/4017/3399
f 1074/3919/3293 2865/3918/3292 5003/5468/4629 3473/5469/4630
f 2865/3918/3292 814/3917/3291 2862/5458/4622 5003/5468/4629
f 5003/5468/4629 2862/5458/4622 980/3924/3298 3271/3921/3295
f 3473/5469/4630 5003/5468/4629 3271/3921/3295 1090/3920/3294
f 981/5470/4603 3272/5471/1569 5004/5472/4631 3273/5473/4604
f 983/5474/4034 3277/5475/4632 5004/5472/4632 3272/5471/4618
f 985/5476/4032 3276/5477/4040 5004/5472/4633 3277/5475/4033
f 986/5478/4039 3275/5479/4634 5004/5472/4633 3276/5477/4040
f 987/5480/4024 3278/5481/4022 5004/5472/4633 3275/5479/4634
f 984/5482/4021 3274/5483/4635 5004/5472/4635 3278/5481/4022
f 982/5484/4607 3273/5473/4604 5004/5472/4631 3274/5483/4636
f 765/5485/4609 3282/5486/4611 5005/5487/4637 3255/5488/4637
f 3282/5486/4608 982/5489/4607 3274/5490/4636 5005/5487/4638
f 5005/5487/4638 3274/5490/4636 984/5491/4639 3265/5492/4639
f 3255/5488/4640 5005/5487/4640 3265/5492/4640 977/5493/4640
f 1291/5494/4641 3292/5495/4642 5006/5496/4643 3909/5497/4644
f 3292/5495/4642 988/5498/4128 3283/5499/4127 5006/5496/4643
f 5006/5496/4645 3283/5499/4646 989/5500/4646 3284/5501/4647
f 3909/5497/4648 5006/5496/4645 3284/5501/4647 1290/5502/4649
f 1012/5503/3380 3322/5504/4650 5007/5505/4651 3318/5506/3381
f 3322/5504/4650 1018/5507/4652 3328/5508/4653 5007/5505/4651
f 5007/5505/4651 3328/5508/4653 1019/5509/4654 3335/5510/4655
f 3318/5506/3381 5007/5505/4651 3335/5510/4655 1013/5511/3383
f 991/5512/4656 3286/5513/4657 5008/5514/4658 3287/5515/4659
f 3286/5513/4657 992/5516/3530 3288/5517/3533 5008/5514/4658
f 5008/5514/4660 3288/5517/3538 994/5518/3539 3290/5519/4661
f 3287/5515/4662 5008/5514/4660 3290/5519/4661 993/5520/4663
f 990/5521/4664 3285/5522/4665 5009/5523/4666 3289/5524/4667
f 3285/5522/4665 991/5525/4656 3287/5526/4659 5009/5523/4666
f 5009/5523/4668 3287/5526/4662 993/5527/4663 3291/5528/4669
f 3289/5524/4667 5009/5523/4668 3291/5528/4669 995/5529/4120
f 844/5530/4090 2787/5531/4121 5010/5532/4670 3071/5533/4091
f 2787/5531/4121 995/5534/4120 3291/5535/4669 5010/5532/4670
f 5010/5532/4670 3291/5535/4669 993/5536/4663 3295/5537/4671
f 3071/5533/4091 5010/5532/4670 3295/5537/4671 860/5538/3230
f 860/5538/3230 3295/5537/4671 5011/5539/4672 3628/5540/3231
f 3295/5537/4671 993/5536/4663 3290/5541/4661 5011/5539/4672
f 5011/5539/4672 3290/5541/4661 994/4797/4107 3632/4796/4106
f 3628/5540/3231 5011/5539/4672 3632/4796/4106 1010/4795/3232
f 728/3678/3073 3294/4489/3841 5012/5542/4673 2774/5543/4674
f 3294/4489/3841 992/4488/3840 3286/5544/4675 5012/5542/4673
f 5012/5542/4673 3286/5544/4675 991/5545/4676 3296/5546/4677
f 2774/5543/4674 5012/5542/4673 3296/5546/4677 729/5547/4678
f 729/5547/4678 3296/5546/4677 5013/5548/4679 2769/5549/4680
f 3296/5546/4677 991/5545/4676 3285/5550/4681 5013/5548/4679
f 5013/5548/4679 3285/5550/4681 990/5551/4682 3293/5552/4683
f 2769/5549/4680 5013/5548/4679 3293/5552/4683 721/3711/3106
f 1008/4917/4102 3621/4916/4684 5014/5553/4685 3626/5554/4103
f 3621/4916/4684 1017/4915/4686 3326/5555/4687 5014/5553/4685
f 5014/5553/4685 3326/5555/4687 1015/5556/4688 3634/5557/4689
f 3626/5554/4103 5014/5553/4685 3634/5557/4689 1010/5558/3232
f 999/5559/4690 3305/5560/4691 5015/5561/4692 3298/5562/4693
f 3305/5560/4691 1001/4473/3824 3299/4476/3827 5015/5561/4692
f 5015/5561/4694 3299/4476/3837 1000/4485/3836 3306/5563/4695
f 3298/5562/4696 5015/5561/4694 3306/5563/4695 998/5564/4697
f 997/5565/4698 3307/5566/4699 5016/5567/4700 3297/5568/4701
f 3307/5566/4699 999/5559/4690 3298/5562/4693 5016/5567/4700
f 5016/5567/4702 3298/5562/4696 998/5564/4697 3308/5569/4703
f 3297/5568/4704 5016/5567/4702 3308/5569/4703 996/5570/4063
f 867/4713/3694 3311/4712/4050 5017/5571/4705 3062/5572/3696
f 3311/4712/4050 1000/4711/4049 3304/5573/3835 5017/5571/4705
f 5017/5571/4705 3304/5573/3835 1002/5574/3834 3312/5575/4706
f 3062/5572/3696 5017/5571/4705 3312/5575/4706 869/5576/3698
f 847/4550/3897 3313/5577/4707 5018/5578/4708 2991/4546/3893
f 3313/5577/4707 997/5579/4698 3297/5580/4701 5018/5578/4708
f 5018/5578/4709 3297/5580/4704 996/5581/4063 3309/5582/4061
f 2991/4546/3893 5018/5578/4709 3309/5582/4061 846/4543/3685
f 869/5576/3698 3312/5575/4706 5019/5583/4710 3060/5584/3700
f 3312/5575/4706 1002/5574/3834 3302/5585/3832 5019/5583/4710
f 5019/5583/4710 3302/5585/3832 1004/5586/4711 3314/5587/4712
f 3060/5584/3700 5019/5583/4710 3314/5587/4712 871/5588/3702
f 871/5589/4612 3314/5590/4712 5020/5591/4713 3025/5592/4613
f 3314/5590/4712 1004/5593/4711 3300/5594/4714 5020/5591/4713
f 5020/5591/4715 3300/5594/4716 1005/5595/4057 3310/5596/4055
f 3025/5592/4616 5020/5591/4715 3310/5596/4055 872/5597/3919
f 866/5598/4717 3315/5599/4718 5021/5600/4719 3065/5601/4720
f 3315/5599/4718 999/5602/4721 3307/5603/4722 5021/5600/4719
f 5021/5600/4719 3307/5603/4722 997/5604/4723 3313/5605/4724
f 3065/5601/4720 5021/5600/4719 3313/5605/4724 847/5606/4725
f 868/4757/4044 3022/4756/4075 5022/5607/4726 3063/5608/4727
f 3022/4756/4075 1001/4755/4074 3305/5609/4728 5022/5607/4726
f 5022/5607/4726 3305/5609/4728 999/5602/4721 3315/5599/4718
f 3063/5608/4727 5022/5607/4726 3315/5599/4718 866/5598/4717
f 1006/4006/3375 3614/5610/3378 5023/5611/4729 3615/4007/3389
f 3614/5610/3378 1009/4493/3386 3616/4496/3847 5023/5611/4729
f 5023/5611/4729 3616/4496/3847 803/4266/3646 2877/4265/3645
f 3615/4007/3389 5023/5611/4729 2877/4265/3645 800/4008/3390
f 1021/5612/4730 3333/5613/4731 5024/5614/4732 3330/5615/4733
f 3333/5613/4731 1023/5616/4734 3332/5617/4735 5024/5614/4732
f 5024/5614/4732 3332/5617/4735 1022/5618/4736 3334/5619/4737
f 3330/5615/4733 5024/5614/4732 3334/5619/4737 1020/5620/4738
f 1313/5621/4739 3329/5622/4740 5025/5623/4741 3956/5624/4742
f 3329/5622/4740 1020/5620/4738 3334/5619/4737 5025/5623/4741
f 5025/5623/4741 3334/5619/4737 1022/5618/4736 3331/5625/4743
f 3956/5624/4742 5025/5623/4741 3331/5625/4743 1314/5626/4744
f 1014/5627/4745 3320/5628/4746 5026/5629/4747 3327/5630/4748
f 3320/5628/4749 1015/5631/4688 3321/5632/4750 5026/5629/4751
f 5026/5629/4751 3321/5632/4750 1021/5633/4730 3330/5634/4733
f 3327/5630/4748 5026/5629/4747 3330/5634/4733 1020/5635/4738
f 1310/5636/4752 3955/5637/4753 5027/5638/4754 3317/5639/4755
f 3955/5637/4753 1312/5640/4756 3323/5641/4757 5027/5638/4754
f 5027/5638/4754 3323/5641/4757 1016/4913/4198 3635/4910/4195
f 3317/5639/4755 5027/5638/4754 3635/4910/4195 1011/4909/4194
f 1309/3846/3222 3954/5642/4758 5028/5643/4759 3926/3847/3223
f 3954/5642/4758 1311/5644/4760 3928/5645/4761 5028/5643/4759
f 5028/5643/4759 3928/5645/4761 1012/3997/3380 3627/3994/3379
f 3926/3847/3223 5028/5643/4759 3627/3994/4762 1006/3848/3224
f 1053/5646/4763 3347/5647/4764 5029/5648/4765 3409/5649/4766
f 3347/5647/4764 1031/5650/4767 3352/5651/4768 5029/5648/4765
f 5029/5648/4765 3352/5651/4768 1032/5652/4769 3348/5653/4770
f 3409/5649/4766 5029/5648/4765 3348/5653/4770 1054/5654/4771
f 1017/5655/4686 3325/5656/4772 5030/5657/4773 3326/5658/4687
f 3325/5656/4772 1023/5659/4774 3333/5660/4775 5030/5657/4773
f 5030/5657/4773 3333/5660/4775 1021/5661/4730 3321/5662/4750
f 3326/5658/4687 5030/5657/4773 3321/5662/4750 1015/5663/4688
f 1312/5664/4756 3953/5665/4776 5031/5666/4777 3323/5667/4757
f 3953/5665/4776 1314/5668/4778 3331/5669/4779 5031/5666/4777
f 5031/5666/4777 3331/5669/4779 1022/5393/4571 3336/5390/4569
f 3323/5667/4757 5031/5666/4777 3336/5390/4569 1016/5389/4198
f 1311/5670/4760 3952/5671/4780 5032/5672/4781 3928/5673/4761
f 3952/5671/4780 1313/5674/4739 3930/5675/4782 5032/5672/4781
f 5032/5672/4781 3930/5675/4783 1018/5676/4652 3322/5677/4650
f 3928/5673/4761 5032/5672/4781 3322/5677/4650 1012/5678/3380
f 1106/5679/1735 3339/5680/1735 5033/5681/1736 3562/5682/1736
f 3339/5680/1735 335/2033/1735 1985/2032/1736 5033/5681/1736
f 5033/5681/1736 1985/2032/1736 334/2031/1737 3340/5683/1737
f 3562/5682/1736 5033/5681/1736 3340/5683/1737 1107/5684/1737
f 1107/5684/1737 3340/5683/1737 5034/5685/1738 3561/5686/1738
f 3340/5683/1737 334/2031/1737 1984/2039/1738 5034/5685/1738
f 5034/5685/1738 1984/2039/1738 333/2038/1739 3341/5687/1739
f 3561/5686/1738 5034/5685/1738 3341/5687/1739 1108/5688/1739
f 1088/5689/4784 3470/5690/4785 5035/5691/4786 3448/5692/4787
f 3470/5690/4785 1091/5693/4788 3451/5694/4789 5035/5691/4786
f 5035/5691/4790 3451/5694/4791 1026/5695/4792 3085/5696/4793
f 3448/5692/4794 5035/5691/4790 3085/5696/4793 862/5697/4794
f 1056/5698/4795 3350/5699/4796 5036/5700/4797 3410/5701/4798
f 3350/5699/4796 1034/5702/4799 3351/5703/4800 5036/5700/4797
f 5036/5700/4797 3351/5703/4801 1033/5704/4802 3349/5705/4803
f 3410/5701/4798 5036/5700/4797 3349/5705/4803 1055/5706/4804
f 1031/5707/4767 3362/5708/4805 5037/5709/4806 3352/5710/4768
f 3362/5708/4805 1037/5711/4807 3372/5712/4808 5037/5709/4806
f 5037/5709/4806 3372/5712/4808 1038/5713/4809 3363/5714/4810
f 3352/5710/4768 5037/5709/4806 3363/5714/4810 1032/5715/4769
f 1318/5716/4811 3951/5717/4812 5038/5718/4813 3935/5719/4814
f 3951/5717/4812 1315/5720/4815 3932/5721/4816 5038/5718/4813
f 5038/5718/4813 3932/5721/4816 1031/5650/4767 3347/5647/4764
f 3935/5719/4814 5038/5718/4813 3347/5647/4764 1053/5646/4763
f 1038/5722/4809 3370/5723/4817 5039/5724/4818 3363/5725/4810
f 3370/5723/4817 1040/5726/4819 3365/5727/4820 5039/5724/4818
f 5039/5724/4818 3365/5727/4820 1034/5702/4799 3354/5728/4821
f 3363/5725/4810 5039/5724/4818 3354/5728/4821 1032/5652/4769
f 1051/5729/4822 3407/5730/4823 5040/5731/4824 3343/5732/4825
f 3407/5730/4823 1055/5733/4826 3349/5734/4827 5040/5731/4824
f 5040/5731/4824 3349/5734/4827 1033/5735/4828 3355/5736/4829
f 3343/5732/4825 5040/5731/4824 3355/5736/4829 1027/5737/4830
f 1101/5738/4831 3406/5739/4832 5041/5740/4833 3469/5741/4834
f 3406/5739/4832 1058/5742/4835 3401/5743/4836 5041/5740/4833
f 5041/5740/4833 3401/5743/4836 1030/5744/4837 3356/5745/4838
f 3469/5741/4834 5041/5740/4833 3356/5745/4838 1094/5746/4839
f 1096/5747/4840 3369/5748/4841 5042/5749/4842 3468/5750/4843
f 3369/5748/4841 1036/5751/4844 3361/5752/4845 5042/5749/4842
f 5042/5749/4842 3361/5752/4845 1029/5753/4846 3357/5754/4847
f 3468/5750/4843 5042/5749/4842 3357/5754/4847 1095/5755/4848
f 1036/5756/4844 3368/5757/4849 5043/5758/4850 3361/5759/4845
f 3368/5757/4849 1041/5760/4851 3344/5761/4852 5043/5758/4850
f 5043/5758/4850 3344/5761/4852 1028/5762/4853 3358/5763/4854
f 3361/5759/4845 5043/5758/4850 3358/5763/4854 1029/5764/4846
f 1058/5742/4835 3405/5765/4855 5044/5766/4856 3401/5743/4836
f 3405/5765/4855 1051/5729/4822 3343/5732/4825 5044/5766/4856
f 5044/5766/4856 3343/5732/4825 1027/5737/4830 3359/5767/4857
f 3401/5743/4836 5044/5766/4856 3359/5767/4857 1030/5744/4837
f 1287/5768/4858 3908/5769/4859 5045/5770/4860 3891/5771/4861
f 3908/5769/4859 1292/5772/4862 3366/5773/4863 5045/5770/4860
f 5045/5770/4860 3366/5773/4863 1041/5774/4851 3368/5775/4849
f 3891/5771/4861 5045/5770/4860 3368/5775/4849 1036/5751/4844
f 1294/5776/4864 3907/5777/4865 5046/5778/4866 3898/5779/4867
f 3907/5777/4868 1287/5768/4858 3891/5771/4861 5046/5778/4869
f 5046/5778/4869 3891/5771/4861 1036/5751/4844 3369/5748/4841
f 3898/5779/4867 5046/5778/4866 3369/5748/4841 1096/5747/4840
f 1289/4825/4130 3906/5780/4870 5047/5781/4871 3893/5782/4872
f 3906/5780/4870 1291/5494/4641 3895/5783/4873 5047/5781/4871
f 5047/5781/4871 3895/5783/4873 1040/5726/4819 3370/5723/4817
f 3893/5782/4872 5047/5781/4871 3370/5723/4817 1038/5722/4809
f 1034/5702/4799 3365/5727/4820 5048/5784/4874 3351/5703/4800
f 3365/5727/4820 1040/5726/4819 3371/5785/4875 5048/5784/4874
f 5048/5784/4876 3371/5785/4877 1039/5786/4878 3364/5787/4879
f 3351/5703/4801 5048/5784/4876 3364/5787/4879 1033/5704/4802
f 844/4815/4090 2988/5788/4093 5049/5789/4880 3382/4810/4117
f 2988/5788/4093 845/5790/4095 3381/5791/4881 5049/5789/4880
f 5049/5789/4880 3381/5791/4881 1047/5792/4882 3389/5793/4883
f 3382/4810/4117 5049/5789/4880 3389/5793/4883 1048/4807/4114
f 1315/5720/4815 3950/5794/4884 5050/5795/4885 3932/5721/4816
f 3950/5794/4884 1316/5796/4886 3933/5797/4887 5050/5795/4885
f 5050/5795/4885 3933/5797/4887 1037/5798/4807 3362/5799/4805
f 3932/5721/4816 5050/5795/4885 3362/5799/4805 1031/5650/4767
f 1027/5737/4830 3355/5736/4829 5051/5800/4888 3360/5801/4889
f 3355/5736/4829 1033/5735/4828 3364/5802/4890 5051/5800/4888
f 5051/5800/4888 3364/5802/4890 1039/5803/4891 3374/5804/4892
f 3360/5801/4889 5051/5800/4888 3374/5804/4892 1035/5805/4893
f 1094/5746/4839 3356/5745/4838 5052/5806/4894 3466/5807/4895
f 3356/5745/4838 1030/5744/4837 3346/5808/4896 5052/5806/4894
f 5052/5806/4894 3346/5808/4896 1042/5809/4897 3375/5810/4898
f 3466/5807/4895 5052/5806/4894 3375/5810/4898 1097/5811/4899
f 1030/5744/4837 3359/5767/4857 5053/5812/4900 3346/5808/4896
f 3359/5767/4857 1027/5737/4830 3360/5801/4889 5053/5812/4900
f 5053/5812/4900 3360/5801/4889 1035/5805/4893 3376/5813/4901
f 3346/5808/4896 5053/5812/4900 3376/5813/4901 1042/5809/4897
f 740/3703/3098 2760/3706/3101 5054/5814/4902 2798/5815/4903
f 2760/3706/3101 721/3711/3106 3379/5816/4904 5054/5814/4902
f 5054/5814/4902 3379/5816/4904 1045/5817/4905 3385/5818/4906
f 2798/5815/4903 5054/5814/4902 3385/5818/4906 1044/5819/4907
f 1071/5820/4908 2791/5821/4909 5055/5822/4910 3465/5823/4911
f 740/3703/3098 3739/5824/4912 5055/5822/4910 2791/5821/4909
f 1210/5825/4913 3465/5823/4911 5055/5822/4910 3739/5824/4912
f 721/3711/3106 3293/5552/4683 5056/5826/4914 3379/5816/4904
f 3293/5552/4683 990/5551/4682 3383/5827/4915 5056/5826/4914
f 5056/5826/4914 3383/5827/4915 1049/5828/4916 3387/5829/4917
f 3379/5816/4904 5056/5826/4914 3387/5829/4917 1045/5817/4905
f 1298/3833/3212 3949/5830/4918 5057/5831/4919 3915/5832/4920
f 3949/5830/4918 1317/5833/4921 3934/5834/4922 5057/5831/4919
f 5057/5831/4919 3934/5834/4922 1047/5792/4882 3381/5791/4881
f 3915/5832/4920 5057/5831/4919 3381/5791/4881 845/5790/4095
f 1047/5792/4882 3396/5835/4923 5058/5836/4924 3389/5793/4883
f 3396/5835/4923 1053/5646/4763 3409/5649/4766 5058/5836/4924
f 5058/5836/4924 3409/5649/4766 1054/5654/4771 3397/5837/4925
f 3389/5793/4883 5058/5836/4924 3397/5837/4925 1048/4807/4114
f 995/4813/4120 3384/4812/4119 5059/5838/4926 3289/5839/4667
f 3384/4812/4119 1050/4811/4118 3390/5840/4927 5059/5838/4926
f 5059/5838/4926 3390/5840/4927 1049/5841/4928 3383/5842/4929
f 3289/5839/4667 5059/5838/4926 3383/5842/4929 990/5843/4664
f 1054/5654/4771 3404/5844/4930 5060/5845/4931 3397/5837/4925
f 3404/5844/4930 1056/5698/4795 3399/5846/4932 5060/5845/4931
f 5060/5845/4931 3399/5846/4932 1050/4811/4118 3391/4808/4115
f 3397/5837/4925 5060/5845/4931 3391/4808/4115 1048/4807/4114
f 1100/5847/4933 3403/5848/4934 5061/5849/4935 3464/5850/4936
f 3403/5848/4934 1052/5851/4937 3395/5852/4938 5061/5849/4935
f 5061/5849/4935 3395/5852/4938 1046/3712/3107 3392/3870/3246
f 3464/5850/4936 5061/5849/4935 3392/3870/3246 1099/3869/3245
f 1052/5853/4937 3402/5854/4939 5062/5855/4940 3395/5856/4938
f 3402/5854/4939 1057/5857/4941 3377/5858/4942 5062/5855/4940
f 5062/5855/4940 3377/5858/4942 1043/5859/3111 3393/5860/3108
f 3395/5856/4938 5062/5855/4940 3393/5860/3108 1046/5861/3107
f 1029/5753/4846 3358/5862/4854 5063/5863/4943 3345/5864/4944
f 3358/5862/4854 1028/5865/4853 3400/5866/4945 5063/5863/4943
f 5063/5863/4943 3400/5866/4945 1057/5867/4941 3402/5868/4939
f 3345/5864/4944 5063/5863/4943 3402/5868/4939 1052/5851/4937
f 1095/5755/4848 3357/5754/4847 5064/5869/4946 3463/5870/4947
f 3357/5754/4847 1029/5753/4846 3345/5864/4944 5064/5869/4946
f 5064/5869/4946 3345/5864/4944 1052/5851/4937 3403/5848/4934
f 3463/5870/4947 5064/5869/4946 3403/5848/4934 1100/5847/4933
f 1032/5652/4769 3354/5728/4821 5065/5871/4948 3348/5653/4770
f 3354/5728/4821 1034/5702/4799 3350/5699/4796 5065/5871/4948
f 5065/5871/4948 3350/5699/4796 1056/5698/4795 3404/5844/4930
f 3348/5653/4770 5065/5871/4948 3404/5844/4930 1054/5654/4771
f 1044/5819/4907 3385/5818/4906 5066/5872/4949 3378/5873/4950
f 3385/5818/4906 1045/5817/4905 3394/5874/4951 5066/5872/4949
f 5066/5872/4949 3394/5874/4951 1051/5729/4822 3405/5765/4855
f 3378/5873/4950 5066/5872/4949 3405/5765/4855 1058/5742/4835
f 1098/5875/4952 3386/5876/4953 5067/5877/4954 3462/5878/4955
f 3386/5876/4953 1044/5819/4907 3378/5873/4950 5067/5877/4954
f 5067/5877/4954 3378/5873/4950 1058/5742/4835 3406/5739/4832
f 3462/5878/4955 5067/5877/4954 3406/5739/4832 1101/5738/4831
f 1045/5817/4905 3387/5829/4917 5068/5879/4956 3394/5874/4951
f 3387/5829/4917 1049/5828/4916 3398/5880/4957 5068/5879/4956
f 5068/5879/4956 3398/5880/4957 1055/5733/4826 3407/5730/4823
f 3394/5874/4951 5068/5879/4956 3407/5730/4823 1051/5729/4822
f 1317/5833/4921 3948/5881/4958 5069/5882/4959 3934/5834/4922
f 3948/5881/4958 1318/5716/4811 3935/5719/4814 5069/5882/4959
f 5069/5882/4959 3935/5719/4814 1053/5646/4763 3396/5835/4923
f 3934/5834/4922 5069/5882/4959 3396/5835/4923 1047/5792/4882
f 1010/5558/3232 3634/5557/4689 5070/5883/4960 3620/5884/3233
f 3634/5557/4689 1015/5556/4688 3320/5885/4749 5070/5883/4960
f 5070/5883/4961 3320/5885/4746 1014/5886/4745 3625/5887/4962
f 3620/5884/3233 5070/5883/4961 3625/5887/4962 1007/5888/3234
f 1050/4811/4118 3399/5846/4932 5071/5889/4963 3390/5840/4927
f 3399/5846/4932 1056/5698/4795 3410/5701/4798 5071/5889/4963
f 5071/5889/4963 3410/5701/4798 1055/5706/4804 3398/5890/4964
f 3390/5840/4927 5071/5889/4963 3398/5890/4964 1049/5841/4928
f 1061/5891/4965 3415/5892/4966 5072/5893/4967 3412/5894/4968
f 3415/5892/4969 1064/5895/4969 3414/5896/4970 5072/5893/4971
f 5072/5893/4971 3414/5896/4970 1063/5897/4972 3416/5898/4973
f 3412/5894/4968 5072/5893/4967 3416/5898/4974 1060/5899/3873
f 1060/5899/3873 3416/5898/4974 5073/5900/4975 3411/5901/3874
f 3416/5898/4973 1063/5897/4972 3413/5902/4976 5073/5900/4975
f 5073/5900/4975 3413/5902/4976 1062/4106/3484 3417/4105/3483
f 3411/5901/3874 5073/5900/4975 3417/4105/3483 1059/4104/3482
f 1063/5897/4972 3419/5903/4977 5074/5904/4978 3413/5902/4976
f 3419/5903/4979 1066/5905/4980 3421/5906/4981 5074/5904/4982
f 5074/5904/4983 3421/5906/4981 1067/5907/4984 3420/5908/4985
f 3413/5902/4976 5074/5904/4978 3420/5908/4985 1062/4106/3484
f 1064/5895/4986 3418/5909/4986 5075/5910/4987 3414/5896/4988
f 3418/5909/4989 1065/5911/3466 3422/5912/4990 5075/5910/4991
f 5075/5910/4991 3422/5912/4990 1066/5905/4980 3419/5903/4979
f 3414/5896/4988 5075/5910/4987 3419/5903/4977 1063/5897/4972
f 827/5913/3622 3426/5914/4992 5076/5915/4993 2978/5916/3623
f 3426/5914/4992 1067/5917/4984 3421/5918/4981 5076/5915/4993
f 5076/5915/4993 3421/5918/4981 1066/5919/4980 3425/5920/4994
f 2978/5916/3623 5076/5915/4993 3425/5920/4994 826/5921/4995
f 782/5922/4996 3424/5923/4997 5077/5924/4998 2833/5925/3521
f 3424/5923/4997 1061/5926/4965 3412/5927/4968 5077/5924/4998
f 5077/5924/4998 3412/5927/4968 1060/4524/3873 2837/4521/3871
f 2833/5925/3521 5077/5924/4998 2837/4521/3871 781/4520/3522
f 786/4108/3486 3423/4107/3485 5078/5928/4999 2946/4518/3869
f 3423/4107/3485 1062/4106/3484 3420/5908/4985 5078/5928/4999
f 5078/5928/4999 3420/5908/4985 1067/5907/4984 3426/5929/4992
f 2946/4518/3869 5078/5928/4999 3426/5929/4992 827/4242/3622
f 826/5921/4995 3425/5920/4994 5079/5930/5000 2979/5931/5001
f 3425/5920/4994 1066/5919/4980 3422/5932/4990 5079/5930/5000
f 5079/5930/5000 3422/5932/4990 1065/5933/3466 2892/5934/3469
f 2979/5931/5001 5079/5930/5000 2892/5934/3469 825/5935/5002
f 1348/5936/5003 3458/5937/5004 5080/5938/5005 4073/5939/5006
f 3458/5937/5004 1098/5875/4952 3462/5878/4955 5080/5938/5005
f 5080/5938/5005 3462/5878/4955 1101/5738/4831 3461/5940/5007
f 4073/5939/5006 5080/5938/5005 3461/5940/5007 1351/5941/5008
f 1345/5942/5009 3455/5943/5010 5081/5944/5011 4072/5945/5012
f 3455/5943/5010 1095/5755/4848 3463/5870/4947 5081/5944/5011
f 5081/5944/5011 3463/5870/4947 1100/5847/4933 3460/5946/5013
f 4072/5945/5012 5081/5944/5011 3460/5946/5013 1350/5947/5014
f 1350/5947/5014 3460/5946/5013 5082/5948/5015 4071/5949/5016
f 3460/5946/5013 1100/5847/4933 3464/5850/4936 5082/5948/5015
f 5082/5948/5015 3464/5850/4936 1099/3869/3245 3459/5950/5017
f 4071/5949/5016 5082/5948/5015 3459/5950/5017 1349/5951/5018
f 1327/5952/5019 3431/5953/5020 5083/5954/5021 4070/5955/5022
f 3431/5953/5020 1071/5820/4908 3465/5823/4911 5083/5954/5021
f 5083/5954/5021 3465/5823/4911 1210/5825/4913 4013/5956/5023
f 4070/5955/5022 5083/5954/5021 4013/5956/5023 1369/5957/5024
f 1344/5958/1981 3454/5959/1981 5084/5960/1982 4069/5961/1982
f 3454/5959/1981 1094/5746/4839 3466/5807/4895 5084/5960/1982
f 5084/5960/1982 3466/5807/4895 1097/5811/4899 3457/5962/1983
f 4069/5961/1982 5084/5960/1982 3457/5962/1983 1347/5963/1983
f 1376/5964/5025 3905/5965/5026 5085/5966/5027 4068/5967/5028
f 3905/5965/5026 1294/5968/4864 3898/5969/4867 5085/5966/5027
f 5085/5966/5027 3898/5969/4867 1096/5970/4840 3456/5971/5029
f 4068/5967/5028 5085/5966/5027 3456/5971/5029 1346/5972/5030
f 1346/5972/5030 3456/5971/5029 5086/5973/5031 4067/5974/5032
f 3456/5971/5029 1096/5970/4840 3468/5975/4843 5086/5973/5031
f 5086/5973/5031 3468/5975/4843 1095/5976/4848 3455/5977/5010
f 4067/5974/5032 5086/5973/5031 3455/5977/5010 1345/5978/5009
f 1351/5941/5008 3461/5940/5007 5087/5979/1992 4066/5980/1992
f 3461/5940/5007 1101/5738/4831 3469/5741/4834 5087/5979/1992
f 5087/5979/1992 3469/5741/4834 1094/5746/4839 3454/5959/1981
f 4066/5980/1992 5087/5979/1992 3454/5959/1981 1344/5958/1981
f 1354/5981/5033 4065/5982/5034 5088/5983/5035 3998/5984/5036
f 4065/5982/5034 1356/5985/5037 4000/5986/5038 5088/5983/5035
f 5088/5983/5035 4000/5986/5038 1091/5693/4788 3470/5690/4785
f 3998/5984/5036 5088/5983/5035 3470/5690/4785 1088/5689/4784
f 1025/5987/5039 3452/5988/5040 5089/5989/5041 3337/5990/5042
f 3452/5988/5040 1092/5991/5043 3471/5992/5044 5089/5989/5041
f 5089/5989/5041 3471/5992/5044 1093/5993/5045 3453/5994/5046
f 3337/5990/5042 5089/5989/5041 3453/5994/5046 1024/5995/5047
f 1026/5996/5048 3451/5997/5049 5090/5998/5050 3338/5999/5051
f 3451/5997/5049 1091/6000/5052 3472/6001/5053 5090/5998/5050
f 5090/5998/5050 3472/6001/5053 1092/5991/5043 3452/5988/5040
f 3338/5999/5051 5090/5998/5050 3452/5988/5040 1025/5987/5039
f 1330/6002/2014 3434/6003/2014 5091/6004/2014 4064/6005/2014
f 3434/6003/2014 1074/3919/3293 3473/5469/4630 5091/6004/2014
f 5091/6004/2014 3473/5469/4630 1090/3920/3294 3450/6006/2014
f 4064/6005/2014 5091/6004/2014 3450/6006/2014 1343/6007/2014
f 49/2357/2015 3517/6008/5054 5092/6009/5055 1899/2358/2016
f 3517/6008/5054 1122/6010/5056 3550/6011/5057 5092/6009/5055
f 5092/6009/5055 3550/6011/5057 1168/6012/5058 3655/6013/5059
f 1899/2358/2016 5092/6009/5055 3655/6013/5059 496/2361/2019
f 861/6014/5060 3342/6015/5061 5093/6016/5062 3449/6017/5060
f 3342/6015/5061 1024/6018/5063 3453/6019/5064 5093/6016/5062
f 5093/6016/5065 3453/6019/5066 1093/6020/5067 3474/6021/5068
f 3449/6017/5069 5093/6016/5065 3474/6021/5068 1089/6022/5070
f 1299/4771/5071 3947/6023/5072 5094/6024/5073 3916/4772/5074
f 3947/6023/5072 1319/6025/5075 3936/6026/5076 5094/6024/5073
f 5094/6024/5073 3936/6026/5076 1088/6027/5077 3448/6028/5078
f 3916/4772/5074 5094/6024/5073 3448/6028/5078 862/4651/5079
f 1342/6029/5080 4063/6030/5081 5095/6031/5082 3447/6032/5083
f 4063/6030/5081 1373/6033/5084 3795/6034/5085 5095/6031/5082
f 5095/6031/5082 3795/6034/5085 1240/6035/5086 3803/6036/5087
f 3447/6032/5083 5095/6031/5082 3803/6036/5087 1087/6037/5088
f 1125/6038/5089 3446/6039/5090 5096/6040/5091 3520/6041/5092
f 3446/6039/5093 1139/6042/5094 3572/6043/5095 5096/6040/5096
f 5096/6040/5096 3572/6043/5095 458/2396/2060 2180/2395/2060
f 3520/6041/5092 5096/6040/5091 2180/2395/2058 151/2394/2057
f 1353/6044/5097 3997/6045/5098 5097/6046/5099 4062/6047/5100
f 3997/6045/5098 1068/6048/3272 3478/6049/4066 5097/6046/5099
f 5097/6046/5099 3478/6049/4066 1085/6050/4065 3445/6051/5101
f 4062/6047/5100 5097/6046/5099 3445/6051/5101 1341/6052/5102
f 1339/3977/3358 3443/3980/3361 5098/6053/5103 4061/6054/5104
f 3443/3980/3361 1083/3985/3366 3479/3988/3369 5098/6053/5103
f 5098/6053/5103 3479/3988/3369 1164/3993/3374 3648/6055/5105
f 4061/6054/5104 5098/6053/5103 3648/6055/5105 1364/6056/5106
f 1337/6057/5107 3441/6058/5108 5099/6059/5109 4060/6060/5110
f 3441/6058/5108 1081/3968/3349 3481/3971/3352 5099/6059/5109
f 5099/6059/5109 3481/3971/3352 1176/3976/3357 3669/6061/5111
f 4060/6060/5110 5099/6059/5109 3669/6061/5111 1366/6062/5112
f 1336/6063/5113 3440/6064/5114 5100/6065/5115 4059/6066/5116
f 3440/6064/5114 1080/3961/3342 3482/3963/3344 5100/6065/5115
f 5100/6065/5115 3482/3963/3344 1180/3967/3348 3680/6067/5117
f 4059/6066/5116 5100/6065/5115 3680/6067/5117 1367/6068/5118
f 1335/6069/5119 3439/6070/5120 5101/6071/5121 4058/6072/5122
f 3439/6070/5120 1079/3953/3334 3483/3956/3337 5101/6071/5121
f 5101/6071/5121 3483/3956/3337 1080/3961/3342 3440/6064/5114
f 4058/6072/5122 5101/6071/5121 3440/6064/5114 1336/6063/5113
f 1326/6073/5123 3430/6074/5124 5102/6075/5125 4057/6076/5126
f 3430/6074/5124 1070/3944/3322 3484/3947/3325 5102/6075/5125
f 5102/6075/5127 3484/3947/3332 1228/3952/3333 3776/6077/5128
f 4057/6076/5129 5102/6075/5127 3776/6077/5128 1371/6078/5130
f 1333/6079/2014 3437/6080/2014 5103/6081/2014 4056/6082/2014
f 3437/6080/2014 1077/3940/3317 3485/3942/3319 5103/6081/2014
f 5103/6081/2014 3485/3942/3319 1078/3890/3266 3438/6083/5131
f 4056/6082/2014 5103/6081/2014 3438/6083/5131 1334/6084/5132
f 1332/6085/2014 3436/6086/2014 5104/6087/2014 4055/6088/2014
f 3436/6086/2014 1076/3934/3309 3486/3936/3311 5104/6087/2014
f 5104/6087/2014 3486/3936/3311 1077/3940/3317 3437/6080/2014
f 4055/6088/2014 5104/6087/2014 3437/6080/2014 1333/6079/2014
f 1331/6089/2014 3435/6090/2014 5105/6091/2014 4054/6092/2014
f 3435/6090/2014 1075/3928/3302 3487/3930/3304 5105/6091/2014
f 5105/6091/2014 3487/3930/3304 1076/3934/3309 3436/6086/2014
f 4054/6092/2014 5105/6091/2014 3436/6086/2014 1332/6085/2014
f 1343/6007/2014 3450/6006/2014 5106/6093/2014 4053/6094/2014
f 3450/6006/2014 1090/3920/3294 3488/3923/3297 5106/6093/2014
f 5106/6093/2014 3488/3923/3297 1075/3928/3302 3435/6090/2014
f 4053/6094/2014 5106/6093/2014 3435/6090/2014 1331/6089/2014
f 1329/6095/2100 3433/6096/2100 5107/6097/2014 4052/6098/2014
f 3433/6096/2100 1073/3913/3287 3489/3915/3289 5107/6097/2014
f 5107/6097/2014 3489/3915/3289 1074/3919/3293 3434/6003/2014
f 4052/6098/2014 5107/6097/2014 3434/6003/2014 1330/6002/2014
f 1328/6099/5133 3432/6100/5134 5108/6101/2102 4051/6102/2102
f 3432/6100/5134 1072/3874/3250 3490/3909/3283 5108/6101/2102
f 5108/6101/2102 3490/3909/3283 1073/3913/3287 3433/6096/2100
f 4051/6102/2102 5108/6101/2102 3433/6096/2100 1329/6095/2100
f 1342/6103/5135 3447/6104/5136 5109/6105/5137 4050/6106/5138
f 3447/6104/5136 1087/6107/3273 3491/6108/3276 5109/6105/5137
f 5109/6105/5137 3491/6108/3280 1070/6109/3281 3430/6110/5139
f 4050/6106/5138 5109/6105/5137 3430/6110/5139 1326/6111/5140
f 1334/6084/5132 3438/6083/5131 5110/6112/5141 4049/6113/5142
f 3438/6083/5131 1078/3890/3266 3492/3893/3269 5110/6112/5141
f 5110/6112/5141 3492/3893/3269 1068/3898/3272 3997/6114/5098
f 4049/6113/5142 5110/6112/5141 3997/6114/5098 1353/6115/5097
f 1375/6116/2112 3904/6117/2112 5111/6118/2113 4048/6119/2113
f 3904/6117/2112 1295/3884/3260 3899/3887/3263 5111/6118/2113
f 5111/6118/2113 3899/3887/3263 787/3889/3265 3996/6120/68
f 4048/6119/2113 5111/6118/2113 3996/6120/68 1352/6121/68
f 1340/6122/5143 3444/6123/5144 5112/6124/5145 4047/6125/5146
f 3444/6123/5144 1084/3875/3251 3494/3878/3254 5112/6124/5145
f 5112/6124/5145 3494/3878/3254 1183/3883/3259 3692/6126/5147
f 4047/6125/5146 5112/6124/5145 3692/6126/5147 1368/6127/5148
f 1349/5951/5018 3459/5950/5017 5113/6128/5149 4046/6129/5150
f 3459/5950/5017 1099/3869/3245 3495/3872/3248 5113/6128/5149
f 5113/6128/5149 3495/3872/3248 1072/3874/3250 3432/6100/5134
f 4046/6129/5150 5113/6128/5149 3432/6100/5134 1328/6099/5133
f 861/3864/3240 3449/6130/5151 5114/6131/5152 3010/3865/3241
f 3449/6130/5151 1089/6132/5153 3496/6133/5154 5114/6131/5152
f 5114/6131/5155 3496/6133/5156 787/6134/3265 3427/6135/3264
f 3010/3865/3243 5114/6131/5155 3427/6135/3264 742/3866/3097
f 363/2491/2128 3528/6136/5157 5115/6137/5158 2036/2492/2129
f 3528/6136/5157 1133/6138/5159 3531/6139/5160 5115/6137/5158
f 5115/6137/5158 3531/6139/5160 1112/6140/5161 3507/6141/5162
f 2036/2492/2129 5115/6137/5158 3507/6141/5162 12/2495/2132
f 47/2500/2137 3519/6142/5163 5116/6143/5164 1442/2501/2138
f 3519/6142/5163 1124/6144/5165 3532/6145/5166 5116/6143/5164
f 5116/6143/5164 3532/6145/5166 1189/6146/5167 3694/6147/5168
f 1442/2501/2138 5116/6143/5164 3694/6147/5168 513/2504/2141
f 629/2509/2112 3903/6148/2112 5117/6149/2113 2573/2510/2113
f 3903/6148/2112 1296/6150/2112 3900/6151/2113 5117/6149/2113
f 5117/6149/2113 3900/6151/2113 1102/6152/68 2763/6153/68
f 2573/2510/2113 5117/6149/2113 2763/6153/68 8/2513/68
f 53/2518/2146 3513/6154/5169 5118/6155/5170 1447/2519/2147
f 3513/6154/5169 1118/6156/5171 3534/6157/5172 5118/6155/5170
f 5118/6155/5170 3534/6157/5172 1103/6158/5173 2764/6159/5174
f 1447/2519/2147 5118/6155/5170 2764/6159/5174 9/2522/2150
f 149/2527/2155 3521/6160/5175 5119/6161/5176 1631/2528/2156
f 3521/6160/5175 1126/6162/5177 3535/6163/5178 5119/6161/5176
f 5119/6161/5176 3535/6163/5178 1110/6164/5179 3505/6165/5180
f 1631/2528/2156 5119/6161/5176 3505/6165/5180 10/2531/2159
f 12/2495/2132 3507/6141/5162 5120/6166/2102 1393/2536/2102
f 3507/6141/5162 1112/6140/5161 3536/6167/2102 5120/6166/2102
f 5120/6166/2102 3536/6167/2102 1113/6168/2100 3508/6169/2100
f 1393/2536/2102 5120/6166/2102 3508/6169/2100 58/2538/2100
f 58/2538/2100 3508/6169/2100 5121/6170/2014 1452/2542/2014
f 3508/6169/2100 1113/6168/2100 3537/6171/2014 5121/6170/2014
f 5121/6170/2014 3537/6171/2014 1114/6172/2014 3509/6173/2014
f 1452/2542/2014 5121/6170/2014 3509/6173/2014 57/2544/2014
f 284/2548/2014 3522/6174/2014 5122/6175/2014 1900/2549/2014
f 3522/6174/2014 1127/6176/2014 3538/6177/2014 5122/6175/2014
f 5122/6175/2014 3538/6177/2014 1115/6178/2014 3510/6179/2014
f 1900/2549/2014 5122/6175/2014 3510/6179/2014 56/2552/2014
f 56/2552/2014 3510/6179/2014 5123/6180/2014 1450/2557/2014
f 3510/6179/2014 1115/6178/2014 3539/6181/2014 5123/6180/2014
f 5123/6180/2014 3539/6181/2014 1116/6182/2014 3511/6183/2014
f 1450/2557/2014 5123/6180/2014 3511/6183/2014 55/2559/2014
f 55/2559/2014 3511/6183/2014 5124/6184/2014 1449/2563/2014
f 3511/6183/2014 1116/6182/2014 3540/6185/2014 5124/6184/2014
f 5124/6184/2014 3540/6185/2014 1117/6186/2014 3512/6187/2014
f 1449/2563/2014 5124/6184/2014 3512/6187/2014 54/2565/2014
f 54/2565/2014 3512/6187/2014 5125/6188/2014 1448/2569/2014
f 3512/6187/2014 1117/6186/2014 3541/6189/2014 5125/6188/2014
f 5125/6188/2014 3541/6189/2014 1118/6156/5171 3513/6154/5169
f 1448/2569/2014 5125/6188/2014 3513/6154/5169 53/2518/2146
f 10/2572/2164 3505/6190/5181 5126/6191/5182 1391/2573/2165
f 3505/6190/5181 1110/6192/5183 3542/6193/5184 5126/6191/5182
f 5126/6191/5182 3542/6193/5184 1229/6194/5185 3777/6195/5186
f 1391/2573/2165 5126/6191/5182 3777/6195/5186 560/2576/2168
f 52/2581/2173 3514/6196/5187 5127/6197/5188 1446/2582/2174
f 3514/6196/5187 1119/6198/5189 3543/6199/5190 5127/6197/5188
f 5127/6197/5188 3543/6199/5190 1120/6200/5191 3515/6201/5192
f 1446/2582/2174 5127/6197/5188 3515/6201/5192 51/2585/2177
f 51/2585/2177 3515/6201/5192 5128/6202/5193 1445/2590/2182
f 3515/6201/5192 1120/6200/5191 3544/6203/5194 5128/6202/5193
f 5128/6202/5193 3544/6203/5194 1178/6204/5195 3682/6205/5196
f 1445/2590/2182 5128/6202/5193 3682/6205/5196 506/2592/2184
f 50/2596/2188 3516/6206/5197 5129/6207/5198 1444/2597/2189
f 3516/6206/5197 1121/6208/5199 3545/6209/5200 5129/6207/5198
f 5129/6207/5198 3545/6209/5200 1171/6210/5201 3667/6211/5202
f 1444/2597/2189 5129/6207/5198 3667/6211/5202 500/2600/2192
f 48/2605/2197 3518/6212/5203 5130/6213/5204 1443/2606/2198
f 3518/6212/5203 1123/6214/5205 3546/6215/5206 5130/6213/5204
f 5130/6213/5204 3546/6215/5206 1163/6216/5207 3643/6217/5208
f 1443/2606/2198 5130/6213/5204 3643/6217/5208 489/2609/2201
f 9/2614/2150 2764/6218/5174 5131/6219/5209 1394/2615/2206
f 2764/6218/5174 1103/6220/5173 3547/6221/5210 5131/6219/5209
f 5131/6219/5209 3547/6221/5210 1125/6038/5089 3520/6041/5092
f 1394/2615/2206 5131/6219/5209 3520/6041/5092 151/2394/2057
f 1086/6222/5211 3549/6223/5212 5132/6224/5213 3577/6225/5211
f 3549/6223/5212 1241/6226/5214 3802/6227/5215 5132/6224/5213
f 5132/6224/5216 3802/6227/5217 1243/6228/5218 2989/6229/5219
f 3577/6225/5220 5132/6224/5216 2989/6229/5219 1137/6230/5221
f 1137/6231/5221 2989/6232/5219 5133/6233/5222 3570/6234/5223
f 2989/6232/5219 1243/6235/5218 3800/6236/5224 5133/6233/5222
f 5133/6233/5222 3800/6236/5224 1242/6237/5225 3548/6238/5226
f 3570/6234/5223 5133/6233/5222 3548/6238/5226 1138/6239/5227
f 57/2544/2014 3509/6173/2014 5134/6240/2014 1451/2638/2014
f 3509/6173/2014 1114/6172/2014 3551/6241/2014 5134/6240/2014
f 5134/6240/2014 3551/6241/2014 1127/6176/2014 3522/6174/2014
f 1451/2638/2014 5134/6240/2014 3522/6174/2014 284/2548/2014
f 153/2641/1138 1993/2644/2227 5135/6242/5228 3084/6243/4192
f 1993/2644/2227 335/2649/2231 3339/6244/5229 5135/6242/5228
f 5135/6242/5228 3339/6244/5229 1106/6245/5230 3552/6246/5231
f 3084/6243/4192 5135/6242/5228 3552/6246/5231 1104/6247/4193
f 377/2650/2232 3530/6248/5232 5136/6249/1992 2059/2651/1992
f 3530/6248/5232 1135/6250/5233 3553/6251/1992 5136/6249/1992
f 5136/6249/1992 3553/6251/1992 1128/6252/1981 3523/6253/1981
f 2059/2651/1992 5136/6249/1992 3523/6253/1981 342/2654/1981
f 350/2659/2235 3525/6254/5234 5137/6255/5235 2014/2660/2236
f 3525/6254/5234 1130/6256/5236 3554/6257/5237 5137/6255/5235
f 5137/6255/5235 3554/6257/5237 1129/6258/5238 3524/6259/5239
f 2014/2660/2236 5137/6255/5235 3524/6259/5239 341/2663/2239
f 622/2668/2244 3902/6260/5240 5138/6261/5241 2566/2669/2245
f 3902/6260/5240 1297/6262/5242 3901/6263/5243 5138/6261/5241
f 5138/6261/5241 3901/6263/5243 1130/6256/5236 3525/6254/5234
f 2566/2669/2245 5138/6261/5241 3525/6254/5234 350/2659/2235
f 342/2654/1981 3523/6253/1981 5139/6264/1982 1997/2674/1982
f 3523/6253/1981 1128/6252/1981 3556/6265/1982 5139/6264/1982
f 5139/6264/1982 3556/6265/1982 1131/6266/1983 3526/6267/1983
f 1997/2674/1982 5139/6264/1982 3526/6267/1983 357/2676/1983
f 11/2680/2250 3506/6268/5244 5140/6269/5245 1392/2681/2251
f 3506/6268/5244 1111/6270/5246 3557/6271/5247 5140/6269/5245
f 5140/6269/5245 3557/6271/5247 1209/6272/5248 3740/6273/5249
f 1392/2681/2251 5140/6269/5245 3740/6273/5249 540/2684/2254
f 370/2689/2259 3529/6274/5250 5141/6275/5251 2052/2690/2260
f 3529/6274/5250 1134/6276/5252 3558/6277/5253 5141/6275/5251
f 5141/6275/5251 3558/6277/5253 1133/6138/5159 3528/6136/5157
f 2052/2690/2260 5141/6275/5251 3528/6136/5157 363/2491/2128
f 341/2663/2239 3524/6259/5239 5142/6278/5254 1996/2695/2265
f 3524/6259/5239 1129/6258/5238 3559/6279/5255 5142/6278/5254
f 5142/6278/5254 3559/6279/5255 1134/6276/5252 3529/6274/5250
f 1996/2695/2265 5142/6278/5254 3529/6274/5250 370/2689/2259
f 360/2698/2268 3527/6280/5256 5143/6281/5257 2033/2699/2269
f 3527/6280/5256 1132/6282/5258 3560/6283/5259 5143/6281/5257
f 5143/6281/5257 3560/6283/5259 1135/6250/5233 3530/6248/5232
f 2033/2699/2269 5143/6281/5257 3530/6248/5232 377/2650/2232
f 1357/6284/1737 3502/6285/1737 5144/6286/1738 4045/6287/1738
f 3502/6285/1737 1107/5684/1737 3561/5686/1738 5144/6286/1738
f 5144/6286/1738 3561/5686/1738 1108/5688/1739 3503/6288/1739
f 4045/6287/1738 5144/6286/1738 3503/6288/1739 1358/6289/1739
f 1356/6290/1735 3501/6291/1735 5145/6292/1736 4044/6293/1736
f 3501/6291/1735 1106/5679/1735 3562/5682/1736 5145/6292/1736
f 5145/6292/1736 3562/5682/1736 1107/5684/1737 3502/6285/1737
f 4044/6293/1736 5145/6292/1736 3502/6285/1737 1357/6284/1737
f 1355/6294/1141 4043/6295/1142 5146/6296/1142 3500/6297/1141
f 4043/6295/1142 1358/6298/1143 3503/6299/1143 5146/6296/1142
f 5146/6296/1142 3503/6299/1143 1108/4907/1143 3563/4904/1142
f 3500/6297/1141 5146/6296/1142 3563/4904/1142 1105/4903/1141
f 1377/6300/5260 3946/6301/5261 5147/6302/5262 4042/6303/5263
f 3946/6301/5261 1320/4897/4188 3937/4900/4191 5147/6302/5262
f 5147/6302/5262 3937/4900/4191 1104/4902/4193 3499/6304/5264
f 4042/6303/5263 5147/6302/5262 3499/6304/5264 1354/6305/5265
f 1355/6306/66 3500/6307/66 5148/6308/66 4041/6309/66
f 3500/6307/66 1105/3730/66 3565/3733/66 5148/6308/66
f 5148/6308/67 3565/3733/67 1102/3735/68 3497/6310/68
f 4041/6309/67 5148/6308/67 3497/6310/68 1352/6311/68
f 1359/6312/5266 4040/6313/5267 5149/6314/5268 4003/6315/5269
f 4040/6313/5267 1361/6316/5270 4005/6317/5271 5149/6314/5268
f 5149/6314/5268 4005/6317/5271 1144/6318/5272 3568/6319/5273
f 4003/6315/5269 5149/6314/5268 3568/6319/5273 1139/6320/5274
f 1360/6321/5275 4039/6322/5276 5150/6323/5277 3569/6324/5278
f 4039/6322/5276 1363/6325/5279 3581/6326/5280 5150/6323/5277
f 5150/6323/5277 3581/6326/5280 1143/6327/5281 3575/6328/5282
f 3569/6324/5278 5150/6323/5277 3575/6328/5282 1138/6329/5227
f 1137/6330/5221 3576/6331/5283 5151/6332/5284 3571/6333/5285
f 3576/6331/5283 1142/6334/5286 3583/6335/5287 5151/6332/5284
f 5151/6332/5284 3583/6335/5287 1141/6336/5288 3566/6337/5289
f 3571/6333/5285 5151/6332/5284 3566/6337/5289 1136/6338/5290
f 1138/6329/5227 3575/6328/5282 5152/6339/5291 3570/6340/5223
f 3575/6328/5282 1143/6327/5281 3582/6341/5292 5152/6339/5291
f 5152/6339/5291 3582/6341/5292 1142/6342/5286 3576/6343/5283
f 3570/6340/5223 5152/6339/5291 3576/6343/5283 1137/6344/5221
f 1341/6052/5102 4038/6345/5293 5153/6346/5294 3985/6347/5295
f 4038/6345/5296 1359/6348/5297 4003/6349/5298 5153/6346/5299
f 5153/6346/5299 4003/6349/5298 1139/6042/5094 3446/6039/5093
f 3985/6347/5295 5153/6346/5294 3446/6039/5090 1125/6038/5089
f 1086/6350/4072 3577/6351/5300 5154/6352/5301 3477/6353/4068
f 3577/6351/5220 1137/6354/5221 3571/6355/5302 5154/6352/5303
f 5154/6352/5303 3571/6355/5302 1136/6356/5304 3578/6357/5305
f 3477/6353/4068 5154/6352/5301 3578/6357/5306 1085/6050/4065
f 1362/6358/5307 3580/6359/5308 5155/6360/5309 4037/6361/5310
f 3580/6359/5311 1142/6362/5312 3582/6363/5313 5155/6360/5309
f 5155/6360/5309 3582/6363/5313 1143/6364/5281 3581/6365/5280
f 4037/6361/5310 5155/6360/5309 3581/6365/5280 1363/6366/5314
f 1361/6367/5315 3579/6368/5316 5156/6369/5317 4036/6370/5318
f 3579/6368/5316 1141/6371/5288 3583/6372/5287 5156/6369/5317
f 5156/6369/5317 3583/6372/5287 1142/6362/5312 3580/6359/5311
f 4036/6370/5318 5156/6369/5317 3580/6359/5308 1362/6358/5307
f 464/2793/2333 3584/6373/5319 5157/6374/5320 2240/2794/2334
f 3584/6373/5319 1144/6375/5321 3587/6376/5322 5157/6374/5320
f 5157/6374/5320 3587/6376/5322 1145/6377/5323 3585/6378/5324
f 2240/2794/2334 5157/6374/5320 3585/6378/5324 446/2797/2337
f 446/2797/2337 3585/6378/5324 5158/6379/5325 1632/2802/2342
f 3585/6378/5324 1145/6377/5323 3588/6380/5326 5158/6379/5325
f 5158/6379/5325 3588/6380/5326 1146/6381/5327 3586/6382/5328
f 1632/2802/2342 5158/6379/5325 3586/6382/5328 150/2804/2344
f 457/2808/2348 2226/2811/2351 5159/6383/5329 3574/6384/5330
f 2226/2811/2356 150/2816/2344 3586/6385/5328 5159/6383/5331
f 5159/6383/5331 3586/6385/5328 1146/6386/5327 3573/6387/5332
f 3574/6384/5330 5159/6383/5329 3573/6387/5333 1140/6388/5334
f 1139/6320/5274 3568/6319/5273 5160/6389/5335 3572/6390/5336
f 3568/6319/5273 1144/6318/5272 3584/6391/5337 5160/6389/5335
f 5160/6389/5335 3584/6391/5337 464/2821/2361 2251/2820/2360
f 3572/6390/5336 5160/6389/5335 2251/2820/2360 458/2819/2359
f 1149/6392/5338 3610/6393/5339 5161/6394/5340 3591/6395/5338
f 3610/6393/5339 1155/6396/5341 3603/6397/5341 5161/6394/5340
f 5161/6394/5342 3603/6397/5342 1154/6398/5343 3609/6399/5344
f 3591/6395/5345 5161/6394/5345 3609/6399/5346 1148/6400/5347
f 1150/6401/5348 3608/6402/5349 5162/6403/5350 3593/6404/5351
f 3608/6402/5349 1156/6405/5352 3605/6406/5353 5162/6403/5350
f 5162/6403/5350 3605/6406/5353 1157/6407/5354 3592/6408/5355
f 3593/6404/5351 5162/6403/5350 3592/6408/5355 1151/6409/3880
f 825/4099/3477 3597/4098/3476 5163/6410/5356 2942/6411/5356
f 3597/4098/3475 1149/4097/3474 3591/6412/5357 5163/6410/5357
f 5163/6410/5358 3591/6412/5359 1148/6413/5360 3598/6414/5361
f 2942/6411/5362 5163/6410/5358 3598/6414/5361 788/6415/5363
f 1061/6416/5364 3599/6417/5365 5164/6418/5366 3415/6419/5366
f 3599/6417/5367 1150/6420/5348 3593/6421/5351 5164/6418/5368
f 5164/6418/5368 3593/6421/5351 1151/4533/3880 3596/4530/3879
f 3415/6419/5369 5164/6418/5369 3596/4530/3876 1064/4529/3875
f 782/6422/5370 3600/6423/5370 5165/6424/5370 3424/6425/5370
f 3600/6423/5371 1147/6426/5372 3595/6427/5373 5165/6424/5374
f 5165/6424/5374 3595/6427/5373 1150/6420/5348 3599/6417/5367
f 3424/6425/5375 5165/6424/5375 3599/6417/5365 1061/6416/5364
f 788/6415/5363 3598/6414/5361 5166/6428/5376 2891/6429/5377
f 3598/6414/5361 1148/6413/5360 3589/6430/5378 5166/6428/5376
f 5166/6428/5376 3589/6430/5378 1147/6426/5372 3600/6423/5371
f 2891/6429/5379 5166/6428/5379 3600/6423/5379 782/6422/5379
f 1154/6431/5380 3604/6432/5381 5167/6433/5382 3601/6434/5383
f 3604/6432/5381 1157/6435/5354 3605/6436/5353 5167/6433/5382
f 5167/6433/5382 3605/6436/5353 1156/6437/5352 3607/6438/5384
f 3601/6434/5383 5167/6433/5382 3607/6438/5384 1153/6439/5385
f 1155/6440/5386 3602/6441/5387 5168/6442/5388 3603/6443/5389
f 3602/6441/5387 1158/6444/5390 3606/6445/5391 5168/6442/5388
f 5168/6442/5388 3606/6445/5391 1157/6435/5354 3604/6432/5381
f 3603/6443/5389 5168/6442/5388 3604/6432/5381 1154/6431/5380
f 1148/6400/5347 3609/6399/5346 5169/6446/5392 3589/6447/5392
f 3609/6399/5344 1154/6398/5343 3601/6448/5383 5169/6446/5393
f 5169/6446/5393 3601/6448/5383 1153/6449/5385 3611/6450/5394
f 3589/6447/5395 5169/6446/5393 3611/6450/5394 1147/6451/5395
f 1151/6409/3880 3592/6408/5355 5170/6452/5396 3594/6453/3881
f 3592/6408/5355 1157/6407/5354 3606/6454/5391 5170/6452/5396
f 5170/6452/5397 3606/6454/5391 1158/6455/5390 3612/6456/5398
f 3594/6453/5399 5170/6452/5397 3612/6456/5398 1152/6457/5400
f 1152/6458/5400 3612/6459/5398 5171/6460/5401 3590/6461/5402
f 3612/6459/5398 1158/6462/5390 3602/6463/5403 5171/6460/5401
f 5171/6460/5401 3602/6463/5403 1155/6464/5404 3610/6465/5405
f 3590/6461/5402 5171/6460/5401 3610/6465/5405 1149/6466/5406
f 1147/6467/5372 3611/6468/5394 5172/6469/5407 3595/6470/5373
f 3611/6468/5394 1153/6471/5385 3607/6472/5384 5172/6469/5407
f 5172/6469/5407 3607/6472/5384 1156/6473/5352 3608/6474/5349
f 3595/6470/5373 5172/6469/5407 3608/6474/5349 1150/6475/5348
f 874/4665/4009 3028/4668/4012 5173/6476/5408 3281/4696/4038
f 3028/4668/4012 873/4674/4016 3266/4676/4018 5173/6476/5408
f 5173/6476/5408 3266/4676/4018 987/4682/4024 3275/6477/4634
f 3281/4696/4038 5173/6476/5408 3275/6477/4634 986/4697/4039
f 875/4689/4028 2915/4688/4031 5174/6478/5409 3029/4694/4036
f 757/4687/3676 2812/6479/3844 5174/6478/5409 2915/4688/4027
f 756/6480/3640 2916/6481/4176 5174/6478/5409 2812/6479/3844
f 878/4887/4180 3032/4890/4182 5174/6478/5409 2916/6481/4176
f 877/4669/4013 3058/4666/4010 5174/6478/5409 3032/4890/4182
f 874/4665/4009 3029/4694/4036 5174/6478/5409 3058/4666/4010
f 861/6482/5410 3011/6483/5411 5175/6484/5412 3342/6485/5061
f 862/6486/5413 3085/6487/4793 5175/6484/5412 3011/6483/5411
f 1026/6488/4792 3338/6489/5414 5175/6484/5412 3085/6487/4793
f 1025/6490/5415 3337/6491/5416 5175/6484/5412 3338/6489/5414
f 1024/6492/5063 3342/6485/5061 5175/6484/5412 3337/6491/5416
f 804/3879/3255 3701/6493/5417 5176/6494/5418 2853/3880/3256
f 3701/6493/5417 1192/6495/5419 3711/6496/5420 5176/6494/5418
f 5176/6494/5418 3711/6496/5420 1184/3707/3102 3695/6497/5421
f 2853/3880/3256 5176/6494/5418 3695/6497/5421 1187/3881/3257
f 1163/6216/5207 3641/6498/5422 5177/6499/5423 3643/6217/5208
f 3641/6498/5422 1124/6144/5165 3519/6142/5163 5177/6499/5423
f 5177/6499/5423 3519/6142/5163 47/2500/2137 2306/2931/2449
f 3643/6217/5208 5177/6499/5423 2306/2931/2449 489/2609/2201
f 1162/4188/3567 3640/6500/5424 5178/6501/5425 3644/6502/5426
f 3640/6500/5424 768/3786/3172 2911/6503/5427 5178/6501/5425
f 5178/6501/5425 2911/6503/5427 1205/3782/3168 3734/6504/5428
f 3644/6502/5426 5178/6501/5425 3734/6504/5428 1204/4230/3610
f 1161/3991/3372 3639/6505/5429 5179/6506/5430 3645/3992/3373
f 3639/6505/5429 804/3879/3255 2875/3876/3252 5179/6506/5430
f 5179/6506/5430 2875/3876/3252 1084/3875/3251 3642/6507/5431
f 3645/3992/3373 5179/6506/5430 3642/6507/5431 1164/3993/3374
f 1159/3799/3185 3637/3798/3184 5180/6508/5432 3646/4187/3566
f 3637/3798/3184 774/3682/3077 2905/3787/3173 5180/6508/5432
f 5180/6508/5432 2905/3787/3173 768/3786/3172 3640/6500/5424
f 3646/4187/3566 5180/6508/5432 3640/6500/5424 1162/4188/3567
f 1160/4232/3612 3743/6509/5433 5181/6510/5434 3647/6511/5435
f 1213/6512/5436 3745/6513/5437 5181/6510/5434 3743/6509/5433
f 1212/6514/5438 3742/6515/5439 5181/6510/5434 3745/6513/5437
f 1192/6495/5419 3712/6516/5440 5181/6510/5434 3742/6515/5439
f 1196/4366/3736 3647/6511/5435 5181/6510/5434 3712/6516/5440
f 1364/6056/5106 4035/6517/5441 5182/6518/5442 4008/6519/5443
f 4035/6517/5441 1340/6122/5143 3984/6520/5444 5182/6518/5442
f 5182/6518/5442 3984/6520/5444 1124/6144/5165 3641/6498/5422
f 4008/6519/5443 5182/6518/5442 3641/6498/5422 1163/6216/5207
f 1168/6012/5058 3652/6521/5445 5183/6522/5446 3655/6013/5059
f 3652/6521/5445 1123/6214/5205 3518/6212/5203 5183/6522/5446
f 5183/6522/5446 3518/6212/5203 48/2605/2197 2319/2955/2473
f 3655/6013/5059 5183/6522/5446 2319/2955/2473 496/2361/2019
f 1169/4116/3494 3653/4115/3493 5184/6523/5447 3656/4222/3602
f 3653/4115/3493 775/3792/3178 2904/4184/3563 5184/6523/5447
f 5184/6523/5447 2904/4184/3563 769/4183/3562 3654/6524/5448
f 3656/4222/3602 5184/6523/5447 3654/6524/5448 1170/4223/3603
f 1365/3981/3362 4034/6525/5449 5185/6526/5450 3657/3982/3363
f 4034/6525/5449 1338/6527/5451 3442/6528/5452 5185/6526/5450
f 5185/6526/5450 3442/6528/5452 1082/4117/3495 3480/4120/3498
f 3657/3982/3363 5185/6526/5450 3480/4120/3498 1167/3983/3364
f 1170/4223/3603 3654/6524/5448 5186/6529/5453 3658/6530/5454
f 3654/6524/5448 769/4183/3562 2910/6531/5455 5186/6529/5453
f 5186/6529/5453 2910/6531/5455 1208/4228/3608 3727/6532/5456
f 3658/6530/5454 5186/6529/5453 3727/6532/5456 1200/4359/3729
f 1166/4123/3501 3650/6533/5457 5187/6534/5458 3659/4124/3502
f 3650/6533/5457 805/3989/3370 2874/3986/3367 5187/6534/5458
f 5187/6534/5458 2874/3986/3367 1083/3985/3366 3651/3984/3365
f 3659/4124/3502 5187/6534/5458 3651/3984/3365 1167/3983/3364
f 1165/6535/3731 3253/6536/5459 5188/6537/5460 3660/6538/5461
f 3253/6536/5459 754/6539/3604 2921/6540/5462 5188/6537/5460
f 5188/6537/5460 2921/6540/5462 1194/6541/3734 3713/6542/5463
f 3660/6538/5461 5188/6537/5460 3713/6542/5463 1193/6543/3864
f 1171/6210/5201 3661/6544/5464 5189/6545/5465 3667/6211/5202
f 3661/6544/5464 1122/6010/5056 3517/6008/5054 5189/6545/5465
f 5189/6545/5465 3517/6008/5054 49/2357/2015 2329/2978/2493
f 3667/6211/5202 5189/6545/5465 2329/2978/2493 500/2600/2192
f 1172/3974/3355 3662/6546/5466 5190/6547/5467 3668/3975/3356
f 3662/6546/5466 806/4121/3499 2873/4118/3496 5190/6547/5467
f 5190/6547/5467 2873/4118/3496 1082/4117/3495 3666/6548/5468
f 3668/3975/3356 5190/6547/5467 3666/6548/5468 1176/3976/3357
f 1366/6062/5112 4033/6549/5469 5191/6550/5470 4010/6551/5471
f 4033/6549/5469 1338/6527/5451 3982/6552/5472 5191/6550/5470
f 5191/6550/5470 3982/6552/5472 1122/6010/5056 3661/6544/5464
f 4010/6551/5471 5191/6550/5470 3661/6544/5464 1171/6210/5201
f 1175/6553/3597 2809/6554/5473 5192/6555/5474 3670/6556/5475
f 2809/6554/5473 753/6557/3723 2920/6558/5476 5192/6555/5474
f 5192/6555/5474 2920/6558/5476 1198/6559/3862 3715/6560/5477
f 3670/6556/5475 5192/6555/5474 3715/6560/5477 1191/6561/3721
f 1174/4131/3509 3664/4130/3508 5193/6562/5478 3671/4181/3560
f 3664/4130/3508 776/4109/3487 2903/4219/3599 5193/6562/5478
f 5193/6562/5478 2903/4219/3599 770/4218/3598 3663/6563/5479
f 3671/4181/3560 5193/6562/5478 3663/6563/5479 1173/4182/3561
f 1173/4182/3561 3663/6563/5479 5194/6564/5480 3672/6565/5481
f 3663/6563/5479 770/4218/3598 2909/6566/5482 5194/6564/5480
f 5194/6564/5480 2909/6566/5482 1201/4357/3727 3729/6567/5483
f 3672/6565/5481 5194/6564/5480 3729/6567/5483 1206/4215/3595
f 1179/4151/3529 3675/4150/3528 5195/6568/5484 3679/4175/3554
f 3675/4150/3528 777/4125/3503 2902/4178/3557 5195/6568/5484
f 5195/6568/5484 2902/4178/3557 771/4177/3556 3678/6569/5485
f 3679/4175/3554 5195/6568/5484 3678/6569/5485 1182/4176/3555
f 1367/6068/5118 4032/6570/5486 5196/6571/5487 4011/6572/5488
f 4032/6570/5486 1337/6057/5107 3981/6573/5489 5196/6571/5487
f 5196/6571/5487 3981/6573/5489 1121/6208/5199 3674/6574/5490
f 4011/6572/5488 5196/6571/5487 3674/6574/5490 1178/6204/5195
f 1181/3965/3346 3677/6575/5491 5197/6576/5492 3681/3966/3347
f 3677/6575/5491 807/3972/3353 2872/3969/3350 5197/6576/5492
f 5197/6576/5492 2872/3969/3350 1081/3968/3349 3676/6577/5493
f 3681/3966/3347 5197/6576/5492 3676/6577/5493 1180/3967/3348
f 1178/6204/5195 3674/6574/5490 5198/6578/5494 3682/6205/5196
f 3674/6574/5490 1121/6208/5199 3516/6206/5197 5198/6578/5494
f 5198/6578/5494 3516/6206/5197 50/2596/2188 2341/3011/2523
f 3682/6205/5196 5198/6578/5494 2341/3011/2523 506/2592/2184
f 1182/4176/3555 3678/6569/5485 5199/6579/5495 3683/6580/5496
f 3678/6569/5485 771/4177/3556 2908/6581/5497 5199/6579/5495
f 5199/6579/5495 2908/6581/5497 1203/4213/3593 3735/6582/5498
f 3683/6580/5496 5199/6579/5495 3735/6582/5498 1202/4206/3586
f 1177/4208/3588 2808/6583/5499 5200/6584/5500 3684/6585/5501
f 2808/6583/5499 752/4209/3589 2919/6586/5502 5200/6584/5500
f 5200/6584/5500 2919/6586/5502 1190/4349/3719 3709/6587/5503
f 3684/6585/5501 5200/6584/5500 3709/6587/5503 1197/4345/3715
f 1368/6127/5148 4031/6588/5504 5201/6589/5505 4012/6590/5506
f 4031/6588/5504 1327/5952/5019 3971/6591/5507 5201/6589/5505
f 5201/6589/5505 3971/6591/5507 1111/6270/5246 3691/6592/5508
f 4012/6590/5506 5201/6589/5505 3691/6592/5508 1189/6146/5167
f 1187/3881/3257 3689/6593/5509 5202/6594/5510 3693/3882/3258
f 3689/6593/5509 740/3703/3098 2791/5821/4909 5202/6594/5510
f 5202/6594/5510 2791/5821/4909 1071/5820/4908 3685/6595/5511
f 3693/3882/3258 5202/6594/5510 3685/6595/5511 1183/3883/3259
f 1189/6146/5167 3691/6592/5508 5203/6596/5512 3694/6147/5168
f 3691/6592/5508 1111/6270/5246 3506/6268/5244 5203/6596/5512
f 5203/6596/5512 3506/6268/5244 11/2680/2250 2354/3030/2542
f 3694/6147/5168 5203/6596/5512 2354/3030/2542 513/2504/2141
f 1184/3707/3102 3686/3704/3099 5204/6597/5513 3695/6497/5421
f 740/3703/3098 3689/6593/5509 5204/6597/5513 3686/3704/3099
f 1187/3881/3257 3695/6497/5421 5204/6597/5513 3689/6593/5509
f 1188/3791/3177 3690/6598/5514 5205/6599/5515 3696/6600/5516
f 729/5547/4678 2769/5549/4680 5205/6599/5515 3690/6598/5514
f 721/3711/3106 2759/3710/3105 5205/6599/5515 2769/5549/4680
f 1185/3709/3104 3717/3785/3171 5205/6599/5515 2759/3710/3105
f 1199/3784/3170 3696/6600/5516 5205/6599/5515 3717/3785/3171
f 1184/3707/3102 3741/6601/5517 5206/6602/5518 3697/3708/3103
f 3741/6601/5517 1211/6603/5519 3636/6604/5520 5206/6602/5518
f 5206/6602/5518 3636/6604/5520 755/3778/3164 3687/3781/3167
f 3697/3708/3103 5206/6602/5518 3687/3781/3167 1185/3709/3104
f 1186/3680/3075 3688/3679/3074 5207/6605/5521 3698/3790/3176
f 3688/3679/3074 728/3678/3073 2774/5543/4674 5207/6605/5521
f 5207/6605/5521 2774/5543/4674 729/5547/4678 3690/6598/5514
f 3698/3790/3176 5207/6605/5521 3690/6598/5514 1188/3791/3177
f 1198/6559/3862 2920/6558/5476 5208/6606/5522 3708/6607/3863
f 2920/6558/5476 753/6557/3723 3649/6608/3726 5208/6606/5522
f 5208/6606/5522 3649/6608/3726 1165/6535/3731 3660/6538/5461
f 3708/6607/3863 5208/6606/5522 3660/6538/5461 1193/6543/3864
f 1190/4349/3719 3699/4347/3717 5209/6609/5523 3709/6587/5503
f 3699/4347/3717 807/3972/3353 3677/6575/5491 5209/6609/5523
f 5209/6609/5523 3677/6575/5491 1181/3965/3346 3706/4346/3716
f 3709/6587/5503 5209/6609/5523 3706/4346/3716 1197/4345/3715
f 1190/4349/3719 2919/6586/5502 5210/6610/5524 3710/4350/3720
f 2919/6586/5502 752/4209/3589 3665/4212/3592 5210/6610/5524
f 5210/6610/5524 3665/4212/3592 1175/4217/3597 3670/6611/5475
f 3710/4350/3720 5210/6610/5524 3670/6611/5475 1191/4351/3721
f 1192/6495/5419 3742/6515/5439 5211/6612/5525 3711/6496/5420
f 3742/6515/5439 1212/6514/5438 3744/6613/5526 5211/6612/5525
f 5211/6612/5525 3744/6613/5526 1211/6603/5519 3741/6601/5517
f 3711/6496/5420 5211/6612/5525 3741/6601/5517 1184/3707/3102
f 1192/6495/5419 3701/6493/5417 5212/6614/5527 3712/6516/5440
f 3701/6493/5417 804/3879/3255 3639/6505/5429 5212/6614/5527
f 5212/6614/5527 3639/6505/5429 1161/3991/3372 3705/4367/3737
f 3712/6516/5440 5212/6614/5527 3705/4367/3737 1196/4366/3736
f 1194/4364/3734 3703/4362/3732 5213/6615/5528 3713/6616/5463
f 3703/4362/3732 805/3989/3370 3650/6533/5457 5213/6615/5528
f 5213/6615/5528 3650/6533/5457 1166/4123/3501 3702/4514/3865
f 3713/6616/5463 5213/6615/5528 3702/4514/3865 1193/4513/3864
f 1194/4364/3734 2921/6617/5462 5214/6618/5529 3714/4365/3735
f 2921/6617/5462 754/4224/3604 3638/4227/3607 5214/6618/5529
f 5214/6618/5529 3638/4227/3607 1160/4232/3612 3647/6511/5435
f 3714/4365/3735 5214/6618/5529 3647/6511/5435 1196/4366/3736
f 1198/4511/3862 3707/4509/3860 5215/6619/5530 3715/6620/5477
f 3707/4509/3860 806/4121/3499 3662/6546/5466 5215/6619/5530
f 5215/6619/5530 3662/6546/5466 1172/3974/3355 3700/4352/3722
f 3715/6620/5477 5215/6619/5530 3700/4352/3722 1191/4351/3721
f 1195/4341/3711 2918/4340/3710 5216/6621/5531 3716/4344/3714
f 2918/4340/3710 751/4202/3582 3673/4204/3584 5216/6621/5531
f 5216/6621/5531 3673/4204/3584 1177/4208/3588 3684/6585/5501
f 3716/4344/3714 5216/6621/5531 3684/6585/5501 1197/4345/3715
f 1208/4228/3608 3726/4225/3605 5217/6622/5532 3727/6532/5456
f 3726/4225/3605 754/4224/3604 3253/6623/5459 5217/6622/5532
f 5217/6622/5532 3253/6623/5459 1165/4361/3731 3718/4360/3730
f 3727/6532/5456 5217/6622/5532 3718/4360/3730 1200/4359/3729
f 1203/4213/3593 2908/6581/5497 5218/6624/5533 3728/4214/3594
f 2908/6581/5497 771/4177/3556 2824/4180/3559 5218/6624/5533
f 5218/6624/5533 2824/4180/3559 1173/4182/3561 3672/6565/5481
f 3728/4214/3594 5218/6624/5533 3672/6565/5481 1206/4215/3595
f 1201/4357/3727 3719/4354/3724 5219/6625/5534 3729/6567/5483
f 3719/4354/3724 753/4353/3723 2809/6626/5473 5219/6625/5534
f 5219/6625/5534 2809/6626/5473 1175/4217/3597 3724/4216/3596
f 3729/6567/5483 5219/6625/5534 3724/4216/3596 1206/4215/3595
f 1208/4228/3608 2910/6531/5455 5220/6627/5535 3730/4229/3609
f 2910/6531/5455 769/4183/3562 2823/4186/3565 5220/6627/5535
f 5220/6627/5535 2823/4186/3565 1162/4188/3567 3644/6502/5426
f 3730/4229/3609 5220/6627/5535 3644/6502/5426 1204/4230/3610
f 1205/3782/3168 2911/6503/5427 5221/6628/5536 3731/3783/3169
f 2911/6503/5427 768/3786/3172 2822/3789/3175 5221/6628/5536
f 5221/6628/5536 2822/3789/3175 1188/3791/3177 3696/6600/5516
f 3731/3783/3169 5221/6628/5536 3696/6600/5516 1199/3784/3170
f 1207/4200/3580 2907/4199/3579 5222/6629/5537 3732/4205/3585
f 2907/4199/3579 772/4172/3551 2825/4174/3553 5222/6629/5537
f 5222/6629/5537 2825/4174/3553 1182/4176/3555 3683/6580/5496
f 3732/4205/3585 5222/6629/5537 3683/6580/5496 1202/4206/3586
f 1201/4357/3727 2909/6566/5482 5223/6630/5538 3733/4358/3728
f 2909/6566/5482 770/4218/3598 3256/4221/3601 5223/6630/5538
f 5223/6630/5538 3256/4221/3601 1170/4223/3603 3658/6530/5454
f 3733/4358/3728 5223/6630/5538 3658/6530/5454 1200/4359/3729
f 1205/3782/3168 3723/3779/3165 5224/6631/5539 3734/6504/5428
f 755/3778/3164 2810/6632/5540 5224/6631/5539 3723/3779/3165
f 1213/6512/5436 3743/6509/5433 5224/6631/5539 2810/6632/5540
f 1160/4232/3612 3722/4231/3611 5224/6631/5539 3743/6509/5433
f 1204/4230/3610 3734/6504/5428 5224/6631/5539 3722/4231/3611
f 1203/4213/3593 3721/4210/3590 5225/6633/5541 3735/6582/5498
f 3721/4210/3590 752/4209/3589 2808/6583/5499 5225/6633/5541
f 5225/6633/5541 2808/6583/5499 1177/4208/3588 3720/4207/3587
f 3735/6582/5498 5225/6633/5541 3720/4207/3587 1202/4206/3586
f 1369/5957/5024 4030/6634/5542 5226/6635/5543 3738/6636/5544
f 4030/6634/5542 1348/5936/5003 3992/6637/5545 5226/6635/5543
f 5226/6635/5543 3992/6637/5545 1132/6282/5258 3736/6638/5546
f 3738/6636/5544 5226/6635/5543 3736/6638/5546 1209/6272/5248
f 740/3703/3098 2798/5815/4903 5227/6639/5547 3739/5824/4912
f 2798/5815/4903 1044/5819/4907 3386/5876/4953 5227/6639/5547
f 5227/6639/5547 3386/5876/4953 1098/5875/4952 3737/6640/5548
f 3739/5824/4912 5227/6639/5547 3737/6640/5548 1210/5825/4913
f 1209/6272/5248 3736/6638/5546 5228/6641/5549 3740/6273/5249
f 3736/6638/5546 1132/6282/5258 3527/6280/5256 5228/6641/5549
f 5228/6641/5549 3527/6280/5256 360/2698/2268 2406/3079/2580
f 3740/6273/5249 5228/6641/5549 2406/3079/2580 540/2684/2254
f 1212/6514/5438 2922/6642/5550 5229/6643/5551 3744/6613/5526
f 755/3778/3164 3636/6604/5520 5229/6643/5551 2922/6642/5550
f 1211/6603/5519 3744/6613/5526 5229/6643/5551 3636/6604/5520
f 1213/6512/5436 2810/6632/5540 5230/6644/5552 3745/6513/5437
f 755/3778/3164 2922/6642/5550 5230/6644/5552 2810/6632/5540
f 1212/6514/5438 3745/6513/5437 5230/6644/5552 2922/6642/5550
f 1217/6645/5553 3783/6646/5554 5231/6647/5555 3752/6648/5556
f 3783/6646/5554 1235/6649/5557 3787/6650/5558 5231/6647/5555
f 5231/6647/5555 3787/6650/5558 1236/6651/5559 3747/6652/5560
f 3752/6648/5556 5231/6647/5555 3747/6652/5560 1215/6653/5561
f 1214/6654/5562 3746/6655/5563 5232/6656/5564 3753/6657/5565
f 3746/6655/5563 1231/6658/5566 3790/6659/5567 5232/6656/5564
f 5232/6656/5564 3790/6659/5567 1233/6660/5568 3748/6661/5569
f 3753/6657/5565 5232/6656/5564 3748/6661/5569 1216/6662/5570
f 1216/6662/5570 3748/6661/5569 5233/6663/5571 3754/6664/5572
f 3748/6661/5569 1233/6660/5568 3792/6665/5573 5233/6663/5571
f 5233/6663/5571 3792/6665/5573 1237/6666/5574 3750/6667/5575
f 3754/6664/5572 5233/6663/5571 3750/6667/5575 1218/6668/5576
f 1219/4277/3657 3751/4276/3656 5234/6669/5577 3755/6670/5578
f 3751/4276/3656 1232/4275/3655 3793/6671/5579 5234/6669/5577
f 5234/6669/5577 3793/6671/5579 1231/6658/5566 3746/6655/5563
f 3755/6670/5578 5234/6669/5577 3746/6655/5563 1214/6654/5562
f 1218/6668/5576 3750/6667/5575 5235/6672/5580 3756/6673/5581
f 3750/6667/5575 1237/6666/5574 3788/6674/5582 5235/6672/5580
f 5235/6672/5580 3788/6674/5582 1235/6649/5557 3783/6646/5554
f 3756/6673/5581 5235/6672/5580 3783/6646/5554 1217/6645/5553
f 1220/4194/3574 3749/6675/5583 5236/6676/5584 3763/4337/3707
f 3749/6675/5583 1217/6645/5553 3752/6648/5556 5236/6676/5584
f 5236/6676/5584 3752/6648/5556 1215/6653/5561 3758/6677/5585
f 3763/4337/3707 5236/6676/5584 3758/6677/5585 1221/3950/3330
f 1223/4090/3465 3760/6678/5586 5237/6679/5587 3764/4136/3514
f 3760/6678/5586 1214/6654/5562 3753/6657/5565 5237/6679/5587
f 5237/6679/5587 3753/6657/5565 1216/6662/5570 3759/6680/5588
f 3764/4136/3514 5237/6679/5587 3759/6680/5588 1222/4137/3515
f 1222/4137/3515 3759/6680/5588 5238/6681/5589 3765/4165/3544
f 3759/6680/5588 1216/6662/5570 3754/6664/5572 5238/6681/5589
f 5238/6681/5589 3754/6664/5572 1218/6668/5576 3761/6682/5590
f 3765/4165/3544 5238/6681/5589 3761/6682/5590 1224/4166/3545
f 1225/4088/3463 3762/4278/3658 5239/6683/5591 3766/4089/3464
f 3762/4278/3658 1219/4277/3657 3755/6670/5578 5239/6683/5591
f 5239/6683/5591 3755/6670/5578 1214/6654/5562 3760/6678/5586
f 3766/4089/3464 5239/6683/5591 3760/6678/5586 1223/4090/3465
f 1224/4166/3545 3761/6682/5590 5240/6684/5592 3767/4193/3572
f 3761/6682/5590 1218/6668/5576 3756/6673/5581 5240/6684/5592
f 5240/6684/5592 3756/6673/5581 1217/6645/5553 3749/6675/5583
f 3767/4193/3572 5240/6684/5592 3749/6675/5583 1220/4194/3574
f 1215/6653/5561 3747/6652/5560 5241/6685/5593 3770/6686/5594
f 3747/6652/5560 1236/6651/5559 3786/6687/5595 5241/6685/5593
f 5241/6685/5593 3786/6687/5595 1234/6688/5596 3768/6689/5597
f 3770/6686/5594 5241/6685/5593 3768/6689/5597 1226/6690/5598
f 1370/6691/5599 4029/6692/5600 5242/6693/5601 4014/6694/5602
f 4029/6692/5600 1372/6695/5603 4016/6696/5604 5242/6693/5601
f 5242/6693/5601 4016/6696/5604 1230/6697/5605 3769/6698/5606
f 4014/6694/5602 5242/6693/5601 3769/6698/5606 1227/6699/5607
f 1227/6699/5607 3769/6698/5606 5243/6700/5608 3772/6701/5609
f 3769/6698/5606 1230/6697/5605 3791/6702/5610 5243/6700/5608
f 5243/6700/5608 3791/6702/5610 565/3142/2643 2438/3141/2642
f 3772/6701/5609 5243/6700/5608 2438/3141/2642 557/3140/2641
f 1221/3950/3330 3758/6677/5585 5244/6703/5611 3775/3951/3331
f 3758/6677/5585 1215/6653/5561 3770/6686/5594 5244/6703/5611
f 5244/6703/5611 3770/6686/5594 1226/6690/5598 3773/6704/5612
f 3775/3951/3331 5244/6703/5611 3773/6704/5612 1228/3952/3333
f 1371/6078/5130 4028/6705/5613 5245/6706/5614 4015/6707/5615
f 4028/6705/5613 1370/6691/5599 4014/6694/5602 5245/6706/5614
f 5245/6706/5614 4014/6694/5602 1227/6699/5607 3774/6708/5616
f 4015/6707/5615 5245/6706/5614 3774/6708/5616 1229/6194/5185
f 1229/6194/5185 3774/6708/5616 5246/6709/5617 3777/6195/5186
f 3774/6708/5616 1227/6699/5607 3772/6701/5609 5246/6709/5617
f 5246/6709/5617 3772/6701/5609 557/3140/2641 2444/3151/2652
f 3777/6195/5186 5246/6709/5617 2444/3151/2652 560/2576/2168
f 1236/6651/5559 3784/6710/5618 5247/6711/5619 3786/6687/5595
f 3784/6710/5618 809/3957/3338 2870/3954/3335 5247/6711/5619
f 5247/6711/5619 2870/3954/3335 1079/3953/3334 3782/6712/5620
f 3786/6687/5595 5247/6711/5619 3782/6712/5620 1234/6688/5596
f 1235/6649/5557 2806/6713/5621 5248/6714/5622 3787/6650/5558
f 2806/6713/5621 750/4195/3575 2917/4338/3708 5248/6714/5622
f 5248/6714/5622 2917/4338/3708 809/3957/3338 3784/6710/5618
f 3787/6650/5558 5248/6714/5622 3784/6710/5618 1236/6651/5559
f 1237/6666/5574 3785/6715/5623 5249/6716/5624 3788/6674/5582
f 3785/6715/5623 773/4167/3546 2906/4196/3576 5249/6716/5624
f 5249/6716/5624 2906/4196/3576 750/4195/3575 2806/6713/5621
f 3788/6674/5582 5249/6716/5624 2806/6713/5621 1235/6649/5557
f 1372/6695/5603 4027/6717/5625 5250/6718/5626 4016/6696/5604
f 4027/6717/5625 1335/6069/5119 3979/6719/5627 5250/6718/5626
f 5250/6718/5626 3979/6719/5627 1119/6198/5189 3778/6720/5628
f 4016/6696/5604 5250/6718/5626 3778/6720/5628 1230/6697/5605
f 1231/6658/5566 3779/6721/5629 5251/6722/5630 3790/6659/5567
f 3779/6721/5629 782/4142/3520 2894/4139/3517 5251/6722/5630
f 5251/6722/5630 2894/4139/3517 779/4138/3516 3781/6723/5631
f 3790/6659/5567 5251/6722/5630 3781/6723/5631 1233/6660/5568
f 1230/6697/5605 3778/6720/5628 5252/6724/5632 3791/6702/5610
f 3778/6720/5628 1119/6198/5189 3514/6196/5187 5252/6724/5632
f 5252/6724/5632 3514/6196/5187 52/2581/2173 2452/3167/2668
f 3791/6702/5610 5252/6724/5632 2452/3167/2668 565/3142/2643
f 1233/6660/5568 3781/6723/5631 5253/6725/5633 3792/6665/5573
f 3781/6723/5631 779/4138/3516 2900/4168/3547 5253/6725/5633
f 5253/6725/5633 2900/4168/3547 773/4167/3546 3785/6715/5623
f 3792/6665/5573 5253/6725/5633 3785/6715/5623 1237/6666/5574
f 1232/4275/3655 3780/4274/3654 5254/6726/5634 3793/6671/5579
f 3780/4274/3654 788/4273/3653 2891/6727/5635 5254/6726/5634
f 5254/6726/5634 2891/6727/5635 782/4142/5636 3779/6721/5636
f 3793/6671/5579 5254/6726/5634 3779/6721/5629 1231/6658/5566
f 1240/6728/5637 3798/6729/5638 5255/6730/5639 3796/6731/5640
f 3798/6729/5641 1242/6237/5225 3800/6236/5224 5255/6730/5642
f 5255/6730/5642 3800/6236/5224 1243/6235/5218 3802/6732/5217
f 3796/6731/5640 5255/6730/5639 3802/6732/5643 1241/6733/5643
f 1373/6734/5644 4026/6735/5645 5256/6736/5646 3795/6737/5647
f 4026/6735/5648 1374/6738/5649 3799/6739/5650 5256/6736/5651
f 5256/6736/5651 3799/6739/5650 1242/6237/5225 3798/6729/5641
f 3795/6737/5647 5256/6736/5646 3798/6729/5638 1240/6728/5637
f 575/3183/2688 2471/3186/2688 5257/6740/5652 3797/6741/5653
f 2471/3186/2697 577/3191/2698 3801/6742/5654 5257/6740/5655
f 5257/6740/5655 3801/6742/5654 1239/6743/5656 3794/6744/5657
f 3797/6741/5653 5257/6740/5652 3794/6744/5658 1238/6745/5659
f 149/3192/2699 2478/3195/2702 5258/6746/5660 3521/6747/5661
f 2478/3195/2702 575/3200/2707 3797/6748/5662 5258/6746/5660
f 5258/6746/5660 3797/6748/5662 1238/6749/5663 3804/6750/5664
f 3521/6747/5661 5258/6746/5660 3804/6750/5664 1126/6751/5665
f 1087/6037/5088 3803/6036/5087 5259/6752/5666 3476/6753/5667
f 3803/6036/5087 1240/6035/5086 3796/6754/5668 5259/6752/5666
f 5259/6752/5666 3796/6754/5668 1241/6755/5214 3549/6756/5212
f 3476/6753/5667 5259/6752/5666 3549/6756/5212 1086/6757/5669
f 1360/6321/5275 4025/6758/5670 5260/6759/5671 4004/6760/5672
f 4025/6758/5670 1374/6761/5649 4018/6762/5673 5260/6759/5671
f 5260/6759/5671 4018/6762/5673 1239/6763/5656 3805/6764/5674
f 4004/6760/5672 5260/6759/5671 3805/6764/5674 1140/6765/5334
f 1140/6388/5334 3805/6766/5674 5261/6767/5675 3574/6384/5330
f 3805/6766/5674 1239/6768/5656 3801/6769/5654 5261/6767/5675
f 5261/6767/5675 3801/6769/5654 577/3218/2698 2480/3217/2718
f 3574/6384/5330 5261/6767/5675 2480/3217/2718 457/2808/2348
f 1267/6770/5676 3815/6771/5677 5262/6772/5678 3861/6773/5679
f 3815/6771/5677 1253/6774/5680 3820/6775/5681 5262/6772/5678
f 5262/6772/5678 3820/6775/5681 1254/6776/5682 3816/6777/5683
f 3861/6773/5679 5262/6772/5678 3816/6777/5683 1268/6778/5684
f 1266/6779/5685 3814/6780/5686 5263/6781/5687 3860/6782/5688
f 3814/6780/5686 1252/6783/5689 3821/6784/5690 5263/6781/5687
f 5263/6781/5687 3821/6784/5690 1253/6774/5680 3815/6771/5677
f 3860/6782/5688 5263/6781/5687 3815/6771/5677 1267/6770/5676
f 1258/6785/5691 3834/6786/5692 5264/6787/5693 3859/6788/5694
f 3834/6786/5692 1245/6789/5695 3822/6790/5696 5264/6787/5693
f 5264/6787/5693 3822/6790/5696 1252/6783/5689 3814/6780/5686
f 3859/6788/5694 5264/6787/5693 3814/6780/5686 1266/6779/5685
f 1264/6791/5697 3812/6792/5698 5265/6793/5699 3858/6794/5700
f 3812/6792/5698 1250/6795/5701 3823/6796/5699 5265/6793/5699
f 5265/6793/5699 3823/6796/5699 1251/6797/5702 3813/6798/5703
f 3858/6794/5700 5265/6793/5699 3813/6798/5703 1265/6799/5704
f 1271/6800/5705 3857/6801/5706 5266/6802/5707 3819/6803/5708
f 3857/6801/5706 1270/6804/5709 3818/6805/5710 5266/6802/5707
f 5266/6802/5707 3818/6805/5710 1256/6806/5711 3824/6807/5712
f 3819/6803/5708 5266/6802/5707 3824/6807/5712 1257/6808/5713
f 1260/6809/5714 3808/6810/5715 5267/6811/5716 3856/6812/5717
f 3808/6810/5715 1246/6813/5718 3825/6814/5719 5267/6811/5716
f 5267/6811/5716 3825/6814/5719 1256/6815/5711 3818/6816/5710
f 3856/6812/5717 5267/6811/5716 3818/6816/5710 1270/6817/5709
f 1259/6818/5720 3806/6819/5721 5268/6820/5722 3855/6821/5723
f 3806/6819/5721 1244/6822/5724 3826/6823/5725 5268/6820/5722
f 5268/6820/5722 3826/6823/5725 1250/6795/5701 3812/6792/5698
f 3855/6821/5723 5268/6820/5722 3812/6792/5698 1264/6791/5697
f 1262/6824/5726 3810/6825/5727 5269/6826/5728 3854/6827/5729
f 3810/6825/5727 1248/6828/5730 3827/6829/5731 5269/6826/5728
f 5269/6826/5728 3827/6829/5731 1249/6830/5732 3811/6831/5733
f 3854/6827/5729 5269/6826/5728 3811/6831/5733 1263/6832/5734
f 1261/6833/5735 3809/6834/5736 5270/6835/5737 3853/6836/5738
f 3809/6834/5736 1247/6837/5739 3828/6838/5740 5270/6835/5737
f 5270/6835/5737 3828/6838/5740 1248/6828/5730 3810/6825/5727
f 3853/6836/5738 5270/6835/5737 3810/6825/5727 1262/6824/5726
f 1269/6839/5741 3817/6840/5742 5271/6841/5743 3852/6842/5744
f 3817/6840/5742 1255/6843/5745 3829/6844/5746 5271/6841/5743
f 5271/6841/5743 3829/6844/5746 1247/6837/5739 3809/6834/5736
f 3852/6842/5744 5271/6841/5743 3809/6834/5736 1261/6833/5735
f 1263/6832/5734 3811/6831/5733 5272/6845/5747 3851/6846/5748
f 3811/6831/5733 1249/6830/5732 3830/6847/5749 5272/6845/5747
f 5272/6845/5747 3830/6847/5749 1245/6848/5695 3834/6849/5692
f 3851/6846/5748 5272/6845/5747 3834/6849/5692 1258/6850/5691
f 1322/6851/5750 3945/6852/5751 5273/6853/5752 3939/6854/5753
f 3945/6852/5751 1321/6855/5754 3938/6856/5755 5273/6853/5752
f 5273/6853/5752 3938/6856/5755 1255/6857/5745 3817/6858/5742
f 3939/6854/5753 5273/6853/5752 3817/6858/5742 1269/6859/5741
f 1265/6799/5704 3813/6798/5703 5274/6860/5756 3849/6861/5757
f 3813/6798/5703 1251/6797/5702 3832/6862/5758 5274/6860/5756
f 5274/6860/5756 3832/6862/5758 1246/6813/5718 3808/6810/5715
f 3849/6861/5757 5274/6860/5756 3808/6810/5715 1260/6809/5714
f 1268/6778/5684 3816/6777/5683 5275/6863/5759 3848/6864/5760
f 3816/6777/5683 1254/6776/5682 3833/6865/5761 5275/6863/5759
f 5275/6863/5759 3833/6865/5761 1244/6866/5724 3806/6867/5721
f 3848/6864/5760 5275/6863/5759 3806/6867/5721 1259/6868/5720
f 848/3740/3129 3844/6869/5762 5276/6870/5763 2993/3741/3130
f 3844/6869/5762 1268/6778/5684 3848/6864/5760 5276/6870/5763
f 5276/6870/5763 3848/6864/5760 1259/6868/5720 3835/6871/5764
f 2993/3741/3130 5276/6870/5763 3835/6871/5764 725/3742/3131
f 824/4541/3889 3841/6872/5765 5277/6873/5766 2772/4552/3899
f 3841/6872/5765 1265/6799/5704 3849/6861/5757 5277/6873/5766
f 5277/6873/5766 3849/6861/5757 1260/6809/5714 3836/6874/5767
f 2772/4552/3899 5277/6873/5766 3836/6874/5767 727/3674/3069
f 1310/6875/4752 3944/6876/5768 5278/6877/5769 3927/6878/5770
f 3944/6876/5768 1322/6851/5750 3939/6854/5753 5278/6877/5769
f 5278/6877/5769 3939/6854/5753 1269/6859/5741 3845/6879/5771
f 3927/6878/5770 5278/6877/5769 3845/6879/5771 1009/6880/5772
f 822/4254/3634 3839/6881/5773 5279/6882/5774 2768/4255/3635
f 3839/6881/5773 1263/6832/5734 3851/6846/5748 5279/6882/5774
f 5279/6882/5774 3851/6846/5748 1258/6850/5691 2934/6883/5775
f 2768/4255/3635 5279/6882/5774 2934/6883/5775 724/4258/3638
f 1009/4493/3386 3845/6884/5771 5280/6885/5776 3619/4494/3845
f 3845/6884/5771 1269/6839/5741 3852/6842/5744 5280/6885/5776
f 5280/6885/5776 3852/6842/5744 1261/6833/5735 3837/6886/5777
f 3619/4494/3845 5280/6885/5776 3837/6886/5777 820/4497/3848
f 820/4497/3848 3837/6886/5777 5281/6887/5778 2936/4499/3850
f 3837/6886/5777 1261/6833/5735 3853/6836/5738 5281/6887/5778
f 5281/6887/5778 3853/6836/5738 1262/6824/5726 3838/6888/5779
f 2936/4499/3850 5281/6887/5778 3838/6888/5779 821/4501/3852
f 821/4501/3852 3838/6888/5779 5282/6889/5780 2937/4503/3854
f 3838/6888/5779 1262/6824/5726 3854/6827/5729 5282/6889/5780
f 5282/6889/5780 3854/6827/5729 1263/6832/5734 3839/6881/5773
f 2937/4503/3854 5282/6889/5780 3839/6881/5773 822/4254/3634
f 725/3751/3131 3835/6890/5764 5283/6891/5781 2939/3752/3138
f 3835/6890/5764 1259/6818/5720 3855/6821/5723 5283/6891/5781
f 5283/6891/5781 3855/6821/5723 1264/6791/5697 3840/6892/5782
f 2939/3752/3138 5283/6891/5781 3840/6892/5782 823/3753/3139
f 727/3674/3069 3836/6874/5767 5284/6893/5783 3617/6894/5784
f 3836/6874/5767 1260/6809/5714 3856/6812/5717 5284/6893/5783
f 5284/6893/5783 3856/6812/5717 1270/6817/5709 3846/6895/5785
f 3617/6894/5786 5284/6893/5786 3846/6895/5786 1008/6896/5786
f 1011/6897/4194 3622/6898/4197 5285/6899/5787 3847/6900/5788
f 3622/6898/4197 1008/6901/4202 3846/6902/5789 5285/6899/5787
f 5285/6899/5787 3846/6902/5785 1270/6804/5709 3857/6801/5706
f 3847/6900/5788 5285/6899/5787 3857/6801/5706 1271/6800/5705
f 823/3753/3139 3840/6892/5782 5286/6903/5790 2940/4539/3887
f 3840/6892/5782 1264/6791/5697 3858/6794/5700 5286/6903/5790
f 5286/6903/5790 3858/6794/5700 1265/6799/5704 3841/6872/5765
f 2940/4539/3887 5286/6903/5790 3841/6872/5765 824/4541/3889
f 724/6904/3638 2934/6905/5775 5287/6906/5791 2767/6907/4177
f 2934/6905/5775 1258/6785/5691 3859/6788/5694 5287/6906/5791
f 5287/6906/5791 3859/6788/5694 1266/6779/5685 3842/6908/5792
f 2767/6907/4177 5287/6906/5791 3842/6908/5792 850/4891/4178
f 850/4891/4178 3842/6908/5792 5288/6909/5793 2995/4892/4183
f 3842/6908/5792 1266/6779/5685 3860/6782/5688 5288/6909/5793
f 5288/6909/5793 3860/6782/5688 1267/6770/5676 3843/6910/5794
f 2995/4892/4183 5288/6909/5793 3843/6910/5794 849/4893/4184
f 849/4893/4184 3843/6910/5794 5289/6911/5795 2994/4896/4187
f 3843/6910/5794 1267/6770/5676 3861/6773/5679 5289/6911/5795
f 5289/6911/5795 3861/6773/5679 1268/6778/5684 3844/6869/5762
f 2994/4896/4187 5289/6911/5795 3844/6869/5762 848/3740/3129
f 1253/6774/5680 3870/6912/5796 5290/6913/5797 3820/6775/5681
f 3870/6912/5796 1280/4932/4210 3876/4934/4212 5290/6913/5797
f 5290/6913/5797 3876/4934/4212 1281/3721/3116 3871/6914/5798
f 3820/6775/5681 5290/6913/5797 3871/6914/5798 1254/6776/5682
f 1252/6783/5689 3869/6915/5799 5291/6916/5800 3821/6784/5690
f 3869/6915/5799 1279/4926/4206 3877/4928/4208 5291/6916/5800
f 5291/6916/5800 3877/4928/4208 1280/4932/4210 3870/6912/5796
f 3821/6784/5690 5291/6916/5800 3870/6912/5796 1253/6774/5680
f 1245/6789/5695 3807/6917/5801 5292/6918/5802 3822/6790/5696
f 3807/6917/5801 1285/4918/3787 3878/4921/4204 5292/6918/5802
f 5292/6918/5802 3878/4921/4204 1279/4926/4206 3869/6915/5799
f 3822/6790/5696 5292/6918/5802 3869/6915/5799 1252/6783/5689
f 1250/6795/5701 3867/6919/5803 5293/6920/5804 3823/6796/5699
f 3867/6919/5803 1277/4454/3806 3879/4817/4123 5293/6920/5804
f 5293/6920/5804 3879/4817/4123 1278/4401/3761 3868/6921/5805
f 3823/6796/5699 5293/6920/5804 3868/6921/5805 1251/6797/5702
f 1257/6808/5713 3824/6807/5712 5294/6922/5806 3874/6923/5807
f 3824/6807/5712 1256/6806/5711 3873/6924/5808 5294/6922/5806
f 5294/6922/5806 3873/6924/5808 1283/4802/3986 3880/4799/4109
f 3874/6923/5807 5294/6922/5806 3880/4799/4109 1284/4798/4108
f 1246/6813/5718 3863/6925/5809 5295/6926/5810 3825/6814/5719
f 3863/6925/5809 1273/4409/3769 3881/4642/3984 5295/6926/5810
f 5295/6926/5810 3881/4642/3984 1283/4646/3986 3873/6927/5808
f 3825/6814/5719 5295/6926/5810 3873/6927/5808 1256/6815/5711
f 1244/6822/5724 3862/6928/5811 5296/6929/5812 3826/6823/5725
f 3862/6928/5811 1272/4446/3124 3882/4449/3804 5296/6929/5812
f 5296/6929/5812 3882/4449/3804 1277/4454/3806 3867/6919/5803
f 3826/6823/5725 5296/6929/5812 3867/6919/5803 1250/6795/5701
f 1248/6828/5730 3865/6930/5813 5297/6931/5814 3827/6829/5731
f 3865/6930/5813 1275/4442/3799 3883/4444/3801 5297/6931/5814
f 5297/6931/5814 3883/4444/3801 1276/4419/3779 3866/6932/5815
f 3827/6829/5731 5297/6931/5814 3866/6932/5815 1249/6830/5732
f 1247/6837/5739 3864/6933/5816 5298/6934/5817 3828/6838/5740
f 3864/6933/5816 1274/4436/3793 3884/4438/3795 5298/6934/5817
f 5298/6934/5817 3884/4438/3795 1275/4442/3799 3865/6930/5813
f 3828/6838/5740 5298/6934/5817 3865/6930/5813 1248/6828/5730
f 1255/6843/5745 3872/6935/5818 5299/6936/5819 3829/6844/5746
f 3872/6935/5818 1282/4428/3778 3885/4431/3789 5299/6936/5819
f 5299/6936/5819 3885/4431/3789 1274/4436/3793 3864/6933/5816
f 3829/6844/5746 5299/6936/5819 3864/6933/5816 1247/6837/5739
f 1249/6830/5732 3866/6932/5815 5300/6937/5820 3830/6847/5749
f 3866/6932/5815 1276/4419/3779 3886/4422/3782 5300/6937/5820
f 5300/6937/5820 3886/4422/3782 1285/4427/3787 3807/6938/5801
f 3830/6847/5749 5300/6937/5820 3807/6938/5801 1245/6848/5695
f 1321/6855/5754 3943/6939/5821 5301/6940/5822 3938/6856/5755
f 3943/6939/5821 1323/4410/3770 3940/4413/3773 5301/6940/5822
f 5301/6940/5822 3940/4413/3773 1282/4418/3778 3872/6941/5818
f 3938/6856/5755 5301/6940/5822 3872/6941/5818 1255/6857/5745
f 1251/6797/5702 3868/6921/5805 5302/6942/5823 3832/6862/5758
f 3868/6921/5805 1278/4401/3761 3888/4404/3764 5302/6942/5823
f 5302/6942/5823 3888/4404/3764 1273/4409/3769 3863/6925/5809
f 3832/6862/5758 5302/6942/5823 3863/6925/5809 1246/6813/5718
f 1254/6776/5682 3871/6914/5798 5303/6943/5824 3833/6865/5761
f 3871/6914/5798 1281/3721/3116 3889/3724/3119 5303/6943/5824
f 5303/6943/5824 3889/3724/3119 1272/3729/3124 3862/6944/5811
f 3833/6865/5761 5303/6943/5824 3862/6944/5811 1244/6866/5724
f 7/3394/2868 3504/6945/5825 5304/6946/5826 1390/3395/2869
f 3504/6945/5825 1109/6947/5827 3555/6948/5828 5304/6946/5826
f 5304/6946/5826 3555/6948/5828 1297/6262/5242 3902/6260/5240
f 1390/3395/2869 5304/6946/5826 3902/6260/5240 622/2668/2244
f 357/2676/1983 3526/6267/1983 5305/6949/2874 2021/3400/2874
f 3526/6267/1983 1131/6266/1983 3533/6950/2874 5305/6949/2874
f 5305/6949/2874 3533/6950/2874 1296/6150/2112 3903/6148/2112
f 2021/3400/2874 5305/6949/2874 3903/6148/2112 629/2509/2112
f 1347/5963/1983 3457/5962/1983 5306/6951/2874 4024/6952/2874
f 3457/5962/1983 1097/5811/4899 3493/6953/5829 5306/6951/2874
f 5306/6951/2874 3493/6953/5829 1295/3884/3260 3904/6117/2112
f 4024/6952/2874 5306/6951/2874 3904/6117/2112 1375/6116/2112
f 1325/6954/5830 3429/6955/5831 5307/6956/5832 4023/6957/5833
f 3429/6955/5831 1069/6958/5834 3467/6959/5835 5307/6956/5832
f 5307/6956/5832 3467/6959/5835 1294/5968/4864 3905/5965/5026
f 4023/6957/5833 5307/6956/5832 3905/5965/5026 1376/5964/5025
f 841/4833/3235 2987/6960/4129 5308/6961/5836 3091/4828/4133
f 2987/6960/4129 988/5498/4128 3292/5495/4642 5308/6961/5836
f 5308/6961/5836 3292/5495/4642 1291/5494/4641 3906/5780/4870
f 3091/4828/4133 5308/6961/5836 3906/5780/4870 1289/4825/4130
f 1069/6962/5834 2789/6963/5837 5309/6964/5838 3467/6965/5835
f 2789/6963/5839 738/6966/5840 2796/6967/5841 5309/6964/5842
f 5309/6964/5842 2796/6967/5841 1287/5768/4858 3907/5777/4868
f 3467/6965/5835 5309/6964/5838 3907/5777/4865 1294/5776/4864
f 738/6966/5840 2753/6968/5843 5310/6969/5844 2796/6967/5841
f 2753/6968/5843 716/6970/5845 3896/6971/5846 5310/6969/5844
f 5310/6969/5844 3896/6971/5846 1292/5772/4862 3908/5769/4859
f 2796/6967/5841 5310/6969/5844 3908/5769/4859 1287/5768/4858
f 1040/5726/4819 3895/5783/4873 5311/6972/5847 3371/5785/4875
f 3895/5783/4873 1291/5494/4641 3909/5497/4644 5311/6972/5847
f 5311/6972/5848 3909/5497/4648 1290/5502/4649 3894/6973/5849
f 3371/5785/4877 5311/6972/5848 3894/6973/5849 1039/5786/4878
f 1316/5796/4886 3942/6974/5850 5312/6975/5851 3933/5797/4887
f 3942/6974/5850 1324/4936/4213 3941/4939/4216 5312/6975/5851
f 5312/6975/5851 3941/4939/4216 1288/4829/4134 3892/6976/5852
f 3933/5797/4887 5312/6975/5851 3892/6976/5852 1037/5798/4807
f 1038/5722/4809 3372/6977/4808 5313/6978/5853 3893/5782/4872
f 3372/6977/4808 1037/5798/4807 3892/6976/5852 5313/6978/5853
f 5313/6978/5853 3892/6976/5852 1288/4829/4134 3911/4826/4131
f 3893/5782/4872 5313/6978/5853 3911/4826/4131 1289/4825/4130
f 1035/5805/4893 3374/5804/4892 5314/6979/5854 3890/6980/5855
f 3374/5804/4892 1039/5803/4891 3894/6981/5856 5314/6979/5854
f 5314/6979/5854 3894/6981/5856 1290/6982/4098 3912/6983/4096
f 3890/6980/5855 5314/6979/5854 3912/6983/4096 1286/3698/3093
f 1097/5811/4899 3375/5810/4898 5315/6984/5857 3493/6953/5829
f 3375/5810/4898 1042/5809/4897 3367/6985/5858 5315/6984/5857
f 5315/6984/5857 3367/6985/5858 1293/3694/3089 3913/3885/3261
f 3493/6953/5829 5315/6984/5857 3913/3885/3261 1295/3884/3260
f 1042/5809/4897 3376/5813/4901 5316/6986/5859 3367/6985/5858
f 3376/5813/4901 1035/5805/4893 3890/6980/5855 5316/6986/5859
f 5316/6986/5859 3890/6980/5855 1286/3698/3093 3914/3695/3090
f 3367/6985/5858 5316/6986/5859 3914/3695/3090 1293/3694/3089
f 1041/5760/4851 3366/6987/4863 5317/6988/5860 3373/6989/5861
f 3366/6987/4863 1292/6990/4862 3910/6991/5862 5317/6988/5860
f 5317/6988/5860 3910/6991/5863 1324/4936/4213 3942/6974/5850
f 3373/6989/5861 5317/6988/5860 3942/6974/5850 1316/5796/4886
f 1257/6808/5713 3874/6923/5807 5318/6992/5864 3831/6993/5865
f 3874/6923/5807 1284/4798/4108 3887/6994/5866 5318/6992/5864
f 5318/6992/5864 3887/6994/5866 1323/4410/3770 3943/6939/5821
f 3831/6993/5865 5318/6992/5864 3943/6939/5821 1321/6855/5754
f 1011/6897/4194 3847/6900/5788 5319/6995/5867 3317/6996/4755
f 3847/6900/5788 1271/6800/5705 3850/6997/5868 5319/6995/5867
f 5319/6995/5867 3850/6997/5868 1322/6851/5750 3944/6876/5768
f 3317/6996/4755 5319/6995/5867 3944/6876/5768 1310/6875/4752
f 1271/6800/5705 3819/6803/5708 5320/6998/5869 3850/6997/5868
f 3819/6803/5708 1257/6808/5713 3831/6993/5865 5320/6998/5869
f 5320/6998/5869 3831/6993/5865 1321/6855/5754 3945/6852/5751
f 3850/6997/5868 5320/6998/5869 3945/6852/5751 1322/6851/5750
f 1325/6999/5830 3969/7000/5870 5321/7001/5871 4022/7002/5872
f 3969/7000/5870 1109/7003/5873 3564/7004/5874 5321/7001/5871
f 5321/7001/5875 3564/7004/5876 1320/4897/4188 3946/6301/5261
f 4022/7002/5872 5321/7001/5875 3946/6301/5261 1377/6300/5877
f 738/7005/5840 2789/7006/5839 5322/7007/5878 2795/7008/5879
f 2789/7006/5837 1069/7009/5834 3475/7010/5880 5322/7007/5881
f 5322/7007/5881 3475/7010/5880 1319/6025/5882 3947/6023/5883
f 2795/7008/5879 5322/7007/5878 3947/6023/5884 1299/4771/5885
f 1043/7011/3111 3377/7012/4942 5323/7013/5886 3388/7014/5887
f 3377/7012/4942 1057/7015/4941 3408/7016/5888 5323/7013/5886
f 5323/7013/5886 3408/7016/5888 1318/7017/4811 3948/7018/4958
f 3388/7014/5887 5323/7013/5886 3948/7018/4958 1317/7019/4921
f 720/3841/3113 2758/7020/3112 5324/7021/5889 2762/3836/3215
f 2758/7020/3112 1043/7022/3111 3388/7023/5887 5324/7021/5889
f 5324/7021/5889 3388/7023/5887 1317/5833/4921 3949/5830/4918
f 2762/3836/3215 5324/7021/5889 3949/5830/4918 1298/3833/3212
f 1028/5762/4853 3344/5761/4852 5325/7024/5890 3353/7025/5891
f 3344/5761/4852 1041/5760/4851 3373/6989/5861 5325/7024/5890
f 5325/7024/5890 3373/6989/5861 1316/5796/4886 3950/5794/4884
f 3353/7025/5891 5325/7024/5890 3950/5794/4884 1315/5720/4815
f 1057/7026/4941 3400/7027/4945 5326/7028/5892 3408/7029/5888
f 3400/7027/4945 1028/5762/4853 3353/7025/5891 5326/7028/5892
f 5326/7028/5892 3353/7025/5891 1315/5720/4815 3951/5717/4812
f 3408/7029/5888 5326/7028/5892 3951/5717/4812 1318/5716/4811
f 1014/5627/4745 3327/5630/4748 5327/7030/5893 3319/7031/5894
f 3327/5630/4748 1020/5635/4738 3329/7032/4740 5327/7030/5893
f 5327/7030/5893 3329/7032/4740 1313/5674/4739 3952/5671/4780
f 3319/7031/5894 5327/7030/5893 3952/5671/4780 1311/5670/4760
f 1013/7033/3383 3335/7034/4655 5328/7035/5895 3929/7036/5896
f 3335/7034/4655 1019/7037/4654 3931/7038/5897 5328/7035/5895
f 5328/7035/5898 3931/7038/5898 1314/5668/4778 3953/5665/4776
f 3929/7036/5899 5328/7035/5900 3953/5665/4776 1312/5664/4756
f 1007/5888/3234 3625/5887/4962 5329/7039/5901 3316/7040/5902
f 3625/5887/4962 1014/5886/4745 3319/7041/5894 5329/7039/5901
f 5329/7039/5901 3319/7041/5894 1311/5644/4760 3954/5642/4758
f 3316/7040/5902 5329/7039/5901 3954/5642/4758 1309/3846/3222
f 1009/4001/3386 3633/4000/3385 5330/7042/5903 3927/7043/5903
f 3633/4000/3384 1013/3999/3383 3929/7044/5896 5330/7042/5904
f 5330/7042/5905 3929/7044/5899 1312/5640/4756 3955/5637/4753
f 3927/7043/5770 5330/7042/5905 3955/5637/4753 1310/5636/4752
f 1018/7045/4652 3930/7046/4783 5331/7047/5906 3328/7048/4653
f 3930/7046/4782 1313/5621/4739 3956/5624/4742 5331/7047/5907
f 5331/7047/5907 3956/5624/4742 1314/5626/4744 3931/7049/5908
f 3328/7048/4653 5331/7047/5906 3931/7049/5897 1019/7050/4654
f 946/5052/4288 3242/5051/4287 5332/7051/5909 3220/7052/5910
f 3242/5051/4287 973/5050/4286 3236/7053/4554 5332/7051/5909
f 5332/7051/5909 3236/7053/4554 1308/5384/4553 3957/5381/4564
f 3220/7052/5910 5332/7051/5909 3957/5381/4564 1307/5380/4563
f 941/5299/4374 3200/5298/4491 5333/7054/5911 3164/7055/5912
f 3200/5298/4490 946/5297/4489 3220/7056/5913 5333/7054/5914
f 5333/7054/5914 3220/7056/5913 1307/5283/4475 3958/5280/4475
f 3164/7055/5912 5333/7054/5911 3958/5280/4473 1306/5279/4384
f 925/5143/4256 3178/5142/4375 5334/7057/5915 3135/7058/5916
f 3178/5142/4375 941/5141/4374 3164/7059/5912 5334/7057/5915
f 5334/7057/5915 3164/7059/5912 1306/5157/4384 3959/5154/4382
f 3135/7058/5916 5334/7057/5915 3959/5154/4382 1305/5153/4307
f 910/5002/3954 3149/5001/4258 5335/7060/5917 3106/7061/5918
f 3149/5001/4257 925/5000/4256 3135/7062/5916 5335/7060/5919
f 5335/7060/5919 3135/7062/5916 1305/5072/4307 3960/5069/4306
f 3106/7061/5918 5335/7060/5917 3960/5069/4304 1304/5068/4267
f 896/4616/3956 3128/4615/3955 5336/7063/5920 3049/7064/5921
f 3128/4615/3955 910/4614/3954 3106/7065/5918 5336/7063/5920
f 5336/7063/5920 3106/7065/5918 1304/5016/4267 3961/5013/4265
f 3049/7064/5921 5336/7063/5920 3961/5013/4265 1303/5012/4006
f 1292/6990/4862 3896/7066/5846 5337/7067/5922 3910/6991/5862
f 3896/7066/5846 716/7068/5845 3917/7069/5923 5337/7067/5922
f 5337/7067/5924 3917/7069/5925 1300/4940/4084 3962/4937/4214
f 3910/6991/5863 5337/7067/5924 3962/4937/4214 1324/4936/4213
f 1109/7003/5827 3504/7070/5825 5338/7071/5926 3564/7004/5927
f 3504/7070/5825 7/3525/2868 1395/3524/2976 5338/7071/5926
f 5338/7071/5928 1395/3524/2975 636/1246/1140 3963/4898/4189
f 3564/7004/5876 5338/7071/5928 3963/4898/4189 1320/4897/4188
f 716/7072/5845 2753/7073/5843 5339/7074/5929 3917/7075/5923
f 2753/7073/5843 738/7005/5840 2795/7008/5879 5339/7074/5929
f 5339/7074/5929 2795/7008/5879 1299/4771/5885 3964/4768/5930
f 3917/7075/5925 5339/7074/5931 3964/4768/4085 1300/4767/4084
f 882/4947/4113 3097/4946/4220 5340/7076/5932 3036/7077/5933
f 3097/4946/4219 896/4945/3956 3049/7078/5921 5340/7076/5934
f 5340/7076/5934 3049/7078/5921 1303/4663/4006 3965/4660/4005
f 3036/7077/5933 5340/7076/5932 3965/4660/4003 1302/4659/3774
f 1284/4798/4108 3624/4801/4111 5341/7079/5935 3887/6994/5866
f 3624/4801/4111 882/4806/4113 3036/7080/5933 5341/7079/5935
f 5341/7079/5935 3036/7080/5933 1302/4414/3774 3966/4411/3771
f 3887/6994/5866 5341/7079/5935 3966/4411/3771 1323/4410/3770
f 859/7081/3226 3629/7082/3229 5342/7083/5936 3008/7084/5937
f 3629/7082/3229 1007/5888/3234 3316/7040/5902 5342/7083/5936
f 5342/7083/5936 3316/7040/5902 1309/3846/3222 3967/3843/3220
f 3008/7084/5937 5342/7083/5936 3967/3843/3220 1301/3842/3216
f 845/5790/4095 3072/7085/4094 5343/7086/5938 3915/5832/4920
f 3072/7085/4094 859/7087/3226 3008/7088/5937 5343/7086/5938
f 5343/7086/5938 3008/7088/5937 1301/3837/3216 3968/3834/3213
f 3915/5832/4920 5343/7086/5938 3968/3834/3213 1298/3833/3212
f 1069/7009/5834 3429/7089/5831 5344/7090/5939 3475/7010/5880
f 3429/7089/5831 1325/6999/5830 4022/7002/5872 5344/7090/5939
f 5344/7090/5939 4022/7002/5872 1377/6300/5877 4021/7091/5940
f 3475/7010/5880 5344/7090/5939 4021/7091/5940 1319/6025/5882
f 1109/7092/5873 3969/7093/5870 5345/7094/5941 3555/7095/5942
f 3969/7093/5870 1325/6954/5830 4023/6957/5833 5345/7094/5941
f 5345/7094/5941 4023/6957/5833 1376/5964/5025 4020/7096/5943
f 3555/7095/5942 5345/7094/5941 4020/7096/5943 1297/7097/5944
f 1131/6266/1983 3991/7098/1983 5346/7099/2874 3533/6950/2874
f 3991/7098/1983 1347/5963/1983 4024/6952/2874 5346/7099/2874
f 5346/7099/2874 4024/6952/2874 1375/6116/2112 4019/7100/2112
f 3533/6950/2874 5346/7099/2874 4019/7100/2112 1296/6150/2112
f 1138/6239/5227 3548/6238/5226 5347/7101/5945 3569/7102/5278
f 3548/6238/5226 1242/6237/5225 3799/6739/5650 5347/7101/5945
f 5347/7101/5945 3799/6739/5650 1374/6738/5649 4025/7103/5670
f 3569/7102/5278 5347/7101/5945 4025/7103/5670 1360/7104/5275
f 1238/6745/5659 3794/6744/5658 5348/7105/5946 4017/7106/5947
f 3794/6744/5657 1239/6743/5656 4018/7107/5673 5348/7105/5948
f 5348/7105/5948 4018/7107/5673 1374/6738/5649 4026/6735/5648
f 4017/7106/5947 5348/7105/5946 4026/6735/5645 1373/6734/5644
f 1234/6688/5596 3782/6712/5620 5349/7108/5949 3789/7109/5950
f 3782/6712/5620 1079/3953/3334 3439/6070/5120 5349/7108/5949
f 5349/7108/5949 3439/6070/5120 1335/6069/5119 4027/6717/5625
f 3789/7109/5950 5349/7108/5949 4027/6717/5625 1372/6695/5603
f 1228/3952/3333 3773/6704/5612 5350/7110/5951 3776/6077/5128
f 3773/6704/5612 1226/6690/5598 3771/7111/5952 5350/7110/5951
f 5350/7110/5951 3771/7111/5952 1370/6691/5599 4028/6705/5613
f 3776/6077/5128 5350/7110/5951 4028/6705/5613 1371/6078/5130
f 1226/6690/5598 3768/6689/5597 5351/7112/5600 3771/7111/5952
f 3768/6689/5597 1234/6688/5596 3789/7109/5950 5351/7112/5600
f 5351/7112/5600 3789/7109/5950 1372/6695/5603 4029/6692/5600
f 3771/7111/5952 5351/7112/5600 4029/6692/5600 1370/6691/5599
f 1210/5825/4913 3737/6640/5548 5352/7113/5953 4013/5956/5023
f 3737/6640/5548 1098/5875/4952 3458/5937/5004 5352/7113/5953
f 5352/7113/5953 3458/5937/5004 1348/5936/5003 4030/6634/5542
f 4013/5956/5023 5352/7113/5953 4030/6634/5542 1369/5957/5024
f 1183/3883/3259 3685/6595/5511 5353/7114/5954 3692/6126/5147
f 3685/6595/5511 1071/5820/4908 3431/5953/5020 5353/7114/5954
f 5353/7114/5954 3431/5953/5020 1327/5952/5019 4031/6588/5504
f 3692/6126/5147 5353/7114/5954 4031/6588/5504 1368/6127/5148
f 1180/3967/3348 3676/6577/5493 5354/7115/5955 3680/6067/5117
f 3676/6577/5493 1081/3968/3349 3441/6058/5108 5354/7115/5955
f 5354/7115/5955 3441/6058/5108 1337/6057/5107 4032/6570/5486
f 3680/6067/5117 5354/7115/5955 4032/6570/5486 1367/6068/5118
f 1176/3976/3357 3666/6548/5468 5355/7116/5956 3669/6061/5111
f 3666/6548/5468 1082/4117/3495 3442/6528/5452 5355/7116/5956
f 5355/7116/5956 3442/6528/5452 1338/6527/5451 4033/6549/5469
f 3669/6061/5111 5355/7116/5956 4033/6549/5469 1366/6062/5112
f 1168/6012/5058 3550/6011/5057 5356/7117/5957 4009/7118/5958
f 3550/6011/5057 1122/6010/5056 3982/6552/5472 5356/7117/5957
f 5356/7117/5957 3982/6552/5472 1338/6527/5451 4034/6525/5449
f 4009/7118/5958 5356/7117/5957 4034/6525/5449 1365/3981/3362
f 1164/3993/3374 3642/6507/5431 5357/7119/5959 3648/6055/5105
f 3642/6507/5431 1084/3875/3251 3444/6123/5144 5357/7119/5959
f 5357/7119/5959 3444/6123/5144 1340/6122/5143 4035/6517/5441
f 3648/6055/5105 5357/7119/5959 4035/6517/5441 1364/6056/5106
f 1144/6375/5321 4005/7120/5960 5358/7121/5961 3587/6376/5322
f 4005/7120/5960 1361/6367/5315 4036/6370/5318 5358/7121/5961
f 5358/7121/5961 4036/6370/5318 1362/6358/5307 4006/7122/5962
f 3587/6376/5322 5358/7121/5961 4006/7122/5962 1145/6377/5323
f 1145/6377/5323 4006/7122/5962 5359/7123/5963 3588/6380/5326
f 4006/7122/5962 1362/6358/5307 4037/6361/5310 5359/7123/5963
f 5359/7123/5963 4037/6361/5310 1363/6366/5314 4007/7124/5964
f 3588/6380/5326 5359/7123/5963 4007/7124/5964 1146/6381/5327
f 1085/6050/4065 3578/6357/5306 5360/7125/5965 3445/6051/5101
f 3578/6357/5305 1136/6356/5304 3567/7126/5966 5360/7125/5967
f 5360/7125/5967 3567/7126/5966 1359/6348/5297 4038/6345/5296
f 3445/6051/5101 5360/7125/5965 4038/6345/5293 1341/6052/5102
f 1140/6765/5334 3573/7127/5333 5361/7128/5968 4004/6760/5672
f 3573/7127/5332 1146/7129/5327 4007/7130/5969 5361/7128/5968
f 5361/7128/5968 4007/7130/5969 1363/6325/5279 4039/6322/5276
f 4004/6760/5672 5361/7128/5968 4039/6322/5276 1360/6321/5275
f 1136/6338/5290 3566/6337/5289 5362/7131/5970 3567/7132/5971
f 3566/6337/5289 1141/6336/5288 3579/7133/5316 5362/7131/5970
f 5362/7131/5970 3579/7133/5316 1361/6316/5270 4040/6313/5267
f 3567/7132/5971 5362/7131/5970 4040/6313/5267 1359/6312/5266
f 1089/6132/5153 3999/7134/66 5363/7135/66 3496/6133/5154
f 3999/7134/66 1355/6306/66 4041/6309/66 5363/7135/66
f 5363/7135/67 4041/6309/67 1352/6311/68 3996/7136/68
f 3496/6133/5156 5363/7135/67 3996/7136/68 787/6134/3265
f 1319/6025/5075 4021/7091/5972 5364/7137/5973 3936/6026/5076
f 4021/7091/5972 1377/6300/5260 4042/6303/5263 5364/7137/5973
f 5364/7137/5973 4042/6303/5263 1354/6305/5265 3998/7138/5974
f 3936/6026/5076 5364/7137/5973 3998/7138/5974 1088/6027/5077
f 1089/6022/5070 3474/6021/5068 5365/7139/1142 3999/7140/1141
f 3474/6021/5068 1093/6020/5067 4002/7141/1143 5365/7139/1142
f 5365/7139/1142 4002/7141/1143 1358/6298/1143 4043/6295/1142
f 3999/7140/1141 5365/7139/1142 4043/6295/1142 1355/6294/1141
f 1091/6000/5052 4000/7142/1735 5366/7143/1736 3472/6001/5053
f 4000/7142/1735 1356/6290/1735 4044/6293/1736 5366/7143/1736
f 5366/7143/1736 4044/6293/1736 1357/6284/1737 4001/7144/1737
f 3472/6001/5053 5366/7143/1736 4001/7144/1737 1092/5991/5043
f 1092/5991/5043 4001/7144/1737 5367/7145/1738 3471/5992/5044
f 4001/7144/1737 1357/6284/1737 4045/6287/1738 5367/7145/1738
f 5367/7145/1738 4045/6287/1738 1358/6289/1739 4002/7146/1739
f 3471/5992/5044 5367/7145/1738 4002/7146/1739 1093/5993/5045
f 1133/6138/5159 3993/7147/5975 5368/7148/5976 3531/6139/5160
f 3993/7147/5975 1349/5951/5018 4046/6129/5150 5368/7148/5976
f 5368/7148/5976 4046/6129/5150 1328/6099/5133 3972/7149/5977
f 3531/6139/5160 5368/7148/5976 3972/7149/5977 1112/6140/5161
f 1124/6144/5165 3984/6520/5444 5369/7150/5978 3532/6145/5166
f 3984/6520/5444 1340/6122/5143 4047/6125/5146 5369/7150/5978
f 5369/7150/5978 4047/6125/5146 1368/6127/5148 4012/6590/5506
f 3532/6145/5166 5369/7150/5978 4012/6590/5506 1189/6146/5167
f 1296/6150/2112 4019/7100/2112 5370/7151/2113 3900/6151/2113
f 4019/7100/2112 1375/6116/2112 4048/6119/2113 5370/7151/2113
f 5370/7151/2113 4048/6119/2113 1352/6121/68 3497/7152/68
f 3900/6151/2113 5370/7151/2113 3497/7152/68 1102/6152/68
f 1118/6156/5171 3978/7153/5979 5371/7154/5980 3534/6157/5172
f 3978/7153/5979 1334/6084/5132 4049/6113/5142 5371/7154/5980
f 5371/7154/5980 4049/6113/5142 1353/6115/5097 3498/7155/5981
f 3534/6157/5172 5371/7154/5980 3498/7155/5981 1103/6158/5173
f 1126/6162/5177 3986/7156/5982 5372/7157/5983 3535/6163/5178
f 3986/7156/5982 1342/6103/5135 4050/6106/5138 5372/7157/5983
f 5372/7157/5983 4050/6106/5138 1326/6111/5140 3970/7158/5984
f 3535/6163/5178 5372/7157/5983 3970/7158/5984 1110/6164/5179
f 1112/6140/5161 3972/7149/5977 5373/7159/2102 3536/6167/2102
f 3972/7149/5977 1328/6099/5133 4051/6102/2102 5373/7159/2102
f 5373/7159/2102 4051/6102/2102 1329/6095/2100 3973/7160/2100
f 3536/6167/2102 5373/7159/2102 3973/7160/2100 1113/6168/2100
f 1113/6168/2100 3973/7160/2100 5374/7161/2014 3537/6171/2014
f 3973/7160/2100 1329/6095/2100 4052/6098/2014 5374/7161/2014
f 5374/7161/2014 4052/6098/2014 1330/6002/2014 3974/7162/2014
f 3537/6171/2014 5374/7161/2014 3974/7162/2014 1114/6172/2014
f 1127/6176/2014 3987/7163/2014 5375/7164/2014 3538/6177/2014
f 3987/7163/2014 1343/6007/2014 4053/6094/2014 5375/7164/2014
f 5375/7164/2014 4053/6094/2014 1331/6089/2014 3975/7165/2014
f 3538/6177/2014 5375/7164/2014 3975/7165/2014 1115/6178/2014
f 1115/6178/2014 3975/7165/2014 5376/7166/2014 3539/6181/2014
f 3975/7165/2014 1331/6089/2014 4054/6092/2014 5376/7166/2014
f 5376/7166/2014 4054/6092/2014 1332/6085/2014 3976/7167/2014
f 3539/6181/2014 5376/7166/2014 3976/7167/2014 1116/6182/2014
f 1116/6182/2014 3976/7167/2014 5377/7168/2014 3540/6185/2014
f 3976/7167/2014 1332/6085/2014 4055/6088/2014 5377/7168/2014
f 5377/7168/2014 4055/6088/2014 1333/6079/2014 3977/7169/2014
f 3540/6185/2014 5377/7168/2014 3977/7169/2014 1117/6186/2014
f 1117/6186/2014 3977/7169/2014 5378/7170/2014 3541/6189/2014
f 3977/7169/2014 1333/6079/2014 4056/6082/2014 5378/7170/2014
f 5378/7170/2014 4056/6082/2014 1334/6084/5132 3978/7153/5979
f 3541/6189/2014 5378/7170/2014 3978/7153/5979 1118/6156/5171
f 1110/6192/5183 3970/7171/5985 5379/7172/5986 3542/6193/5184
f 3970/7171/5985 1326/6073/5123 4057/6076/5126 5379/7172/5986
f 5379/7172/5986 4057/6076/5129 1371/6078/5130 4015/6707/5615
f 3542/6193/5184 5379/7172/5986 4015/6707/5615 1229/6194/5185
f 1119/6198/5189 3979/6719/5627 5380/7173/5987 3543/6199/5190
f 3979/6719/5627 1335/6069/5119 4058/6072/5122 5380/7173/5987
f 5380/7173/5987 4058/6072/5122 1336/6063/5113 3980/7174/5988
f 3543/6199/5190 5380/7173/5987 3980/7174/5988 1120/6200/5191
f 1120/6200/5191 3980/7174/5988 5381/7175/5989 3544/6203/5194
f 3980/7174/5988 1336/6063/5113 4059/6066/5116 5381/7175/5989
f 5381/7175/5989 4059/6066/5116 1367/6068/5118 4011/6572/5488
f 3544/6203/5194 5381/7175/5989 4011/6572/5488 1178/6204/5195
f 1121/6208/5199 3981/6573/5489 5382/7176/5990 3545/6209/5200
f 3981/6573/5489 1337/6057/5107 4060/6060/5110 5382/7176/5990
f 5382/7176/5990 4060/6060/5110 1366/6062/5112 4010/6551/5471
f 3545/6209/5200 5382/7176/5990 4010/6551/5471 1171/6210/5201
f 1123/6214/5205 3983/7177/5991 5383/7178/5992 3546/6215/5206
f 3983/7177/5991 1339/3977/3358 4061/6054/5104 5383/7178/5992
f 5383/7178/5992 4061/6054/5104 1364/6056/5106 4008/6519/5443
f 3546/6215/5206 5383/7178/5992 4008/6519/5443 1163/6216/5207
f 1103/6220/5173 3498/7179/5981 5384/7180/5993 3547/6221/5210
f 3498/7179/5981 1353/6044/5097 4062/6047/5100 5384/7180/5993
f 5384/7180/5993 4062/6047/5100 1341/6052/5102 3985/6347/5295
f 3547/6221/5210 5384/7180/5993 3985/6347/5295 1125/6038/5089
f 1126/7181/5665 3804/7182/5664 5385/7183/5994 3986/7184/5995
f 3804/7182/5664 1238/7185/5663 4017/7186/5996 5385/7183/5994
f 5385/7183/5994 4017/7186/5996 1373/7187/5084 4063/7188/5081
f 3986/7184/5995 5385/7183/5994 4063/7188/5081 1342/7189/5080
f 1114/6172/2014 3974/7162/2014 5386/7190/2014 3551/6241/2014
f 3974/7162/2014 1330/6002/2014 4064/6005/2014 5386/7190/2014
f 5386/7190/2014 4064/6005/2014 1343/6007/2014 3987/7163/2014
f 3551/6241/2014 5386/7190/2014 3987/7163/2014 1127/6176/2014
f 1104/6247/4193 3552/6246/5231 5387/7191/5997 3499/7192/5264
f 3552/6246/5231 1106/6245/5230 3501/7193/5998 5387/7191/5997
f 5387/7191/5997 3501/7193/5998 1356/5985/5037 4065/5982/5034
f 3499/7192/5264 5387/7191/5997 4065/5982/5034 1354/5981/5033
f 1135/6250/5233 3995/7194/5999 5388/7195/1992 3553/6251/1992
f 3995/7194/5999 1351/5941/5008 4066/5980/1992 5388/7195/1992
f 5388/7195/1992 4066/5980/1992 1344/5958/1981 3988/7196/1981
f 3553/6251/1992 5388/7195/1992 3988/7196/1981 1128/6252/1981
f 1130/7197/6000 3990/7198/6001 5389/7199/6002 3554/7200/5237
f 3990/7198/6001 1346/5972/5030 4067/5974/5032 5389/7199/6002
f 5389/7199/6002 4067/5974/5032 1345/5978/5009 3989/7201/6003
f 3554/7200/5237 5389/7199/6002 3989/7201/6003 1129/7202/5238
f 1297/7097/5944 4020/7096/5943 5390/7203/6004 3901/7204/6005
f 4020/7096/5943 1376/5964/5025 4068/5967/5028 5390/7203/6004
f 5390/7203/6004 4068/5967/5028 1346/5972/5030 3990/7198/6001
f 3901/7204/6005 5390/7203/6004 3990/7198/6001 1130/7197/6000
f 1128/6252/1981 3988/7196/1981 5391/7205/1982 3556/6265/1982
f 3988/7196/1981 1344/5958/1981 4069/5961/1982 5391/7205/1982
f 5391/7205/1982 4069/5961/1982 1347/5963/1983 3991/7098/1983
f 3556/6265/1982 5391/7205/1982 3991/7098/1983 1131/6266/1983
f 1111/6270/5246 3971/6591/5507 5392/7206/6006 3557/6271/5247
f 3971/6591/5507 1327/5952/5019 4070/5955/5022 5392/7206/6006
f 5392/7206/6006 4070/5955/5022 1369/5957/5024 3738/6636/5544
f 3557/6271/5247 5392/7206/6006 3738/6636/5544 1209/6272/5248
f 1134/6276/5252 3994/7207/6007 5393/7208/6008 3558/6277/5253
f 3994/7207/6007 1350/5947/5014 4071/5949/5016 5393/7208/6008
f 5393/7208/6008 4071/5949/5016 1349/5951/5018 3993/7147/5975
f 3558/6277/5253 5393/7208/6008 3993/7147/5975 1133/6138/5159
f 1129/6258/5238 3989/7209/6003 5394/7210/6009 3559/6279/5255
f 3989/7209/6003 1345/5942/5009 4072/5945/5012 5394/7210/6009
f 5394/7210/6009 4072/5945/5012 1350/5947/5014 3994/7207/6007
f 3559/6279/5255 5394/7210/6009 3994/7207/6007 1134/6276/5252
f 1132/6282/5258 3992/6637/5545 5395/7211/6010 3560/6283/5259
f 3992/6637/5545 1348/5936/5003 4073/5939/5006 5395/7211/6010
f 5395/7211/6010 4073/5939/5006 1351/5941/5008 3995/7194/5999
f 3560/6283/5259 5395/7211/6010 3995/7194/5999 1135/6250/5233
f 1123/6214/5205 3652/6521/5445 5396/7212/6011 3983/7177/5991
f 3652/6521/5445 1168/6012/5058 4009/7118/5958 5396/7212/6011
f 5396/7212/6011 4009/7118/5958 1365/3981/3362 4074/3978/3359
f 3983/7177/5991 5396/7212/6011 4074/3978/3359 1339/3977/3358
